image_id,relpath,label,y,subtype,split_group,orig_split,fold
0,train/NORMAL/IM-0115-0001.jpeg,NORMAL,0,normal,75,train,val
1,train/NORMAL/IM-0117-0001.jpeg,NORMAL,0,normal,76,train,train
2,train/NORMAL/IM-0119-0001.jpeg,NORMAL,0,normal,77,train,test
3,train/NORMAL/IM-0122-0001.jpeg,NORMAL,0,normal,79,train,val
4,train/NORMAL/IM-0125-0001.jpeg,NORMAL,0,normal,81,train,train
5,train/NORMAL/IM-0127-0001.jpeg,NORMAL,0,normal,82,train,train
6,train/NORMAL/IM-0128-0001.jpeg,NORMAL,0,normal,83,train,test
7,train/NORMAL/IM-0129-0001.jpeg,NORMAL,0,normal,84,train,train
8,train/NORMAL/IM-0131-0001.jpeg,NORMAL,0,normal,86,train,train
9,train/NORMAL/IM-0133-0001.jpeg,NORMAL,0,normal,88,train,train
10,train/NORMAL/IM-0135-0001.jpeg,NORMAL,0,normal,89,train,train
11,train/NORMAL/IM-0137-0001.jpeg,NORMAL,0,normal,90,train,val
12,train/NORMAL/IM-0140-0001.jpeg,NORMAL,0,normal,92,train,val
13,train/NORMAL/IM-0141-0001.jpeg,NORMAL,0,normal,93,train,train
14,train/NORMAL/IM-0143-0001.jpeg,NORMAL,0,normal,94,train,test
15,train/NORMAL/IM-0145-0001.jpeg,NORMAL,0,normal,95,train,train
16,train/NORMAL/IM-0147-0001.jpeg,NORMAL,0,normal,97,train,train
17,train/NORMAL/IM-0149-0001.jpeg,NORMAL,0,normal,98,train,test
18,train/NORMAL/IM-0151-0001.jpeg,NORMAL,0,normal,100,train,val
19,train/NORMAL/IM-0152-0001.jpeg,NORMAL,0,normal,101,train,val
20,train/NORMAL/IM-0154-0001.jpeg,NORMAL,0,normal,102,train,train
21,train/NORMAL/IM-0156-0001.jpeg,NORMAL,0,normal,103,train,train
22,train/NORMAL/IM-0158-0001.jpeg,NORMAL,0,normal,104,train,test
23,train/NORMAL/IM-0160-0001.jpeg,NORMAL,0,normal,105,train,test
24,train/NORMAL/IM-0162-0001.jpeg,NORMAL,0,normal,106,train,val
25,train/NORMAL/IM-0164-0001.jpeg,NORMAL,0,normal,107,train,train
26,train/NORMAL/IM-0166-0001.jpeg,NORMAL,0,normal,108,train,val
27,train/NORMAL/IM-0168-0001.jpeg,NORMAL,0,normal,109,train,test
28,train/NORMAL/IM-0170-0001.jpeg,NORMAL,0,normal,110,train,test
29,train/NORMAL/IM-0172-0001.jpeg,NORMAL,0,normal,112,train,train
30,train/NORMAL/IM-0176-0001.jpeg,NORMAL,0,normal,114,train,train
31,train/NORMAL/IM-0177-0001.jpeg,NORMAL,0,normal,115,train,val
32,train/NORMAL/IM-0178-0001.jpeg,NORMAL,0,normal,116,train,test
33,train/NORMAL/IM-0180-0001.jpeg,NORMAL,0,normal,117,train,test
34,train/NORMAL/IM-0182-0001.jpeg,NORMAL,0,normal,118,train,val
35,train/NORMAL/IM-0183-0001.jpeg,NORMAL,0,normal,119,train,test
36,train/NORMAL/IM-0185-0001.jpeg,NORMAL,0,normal,120,train,val
37,train/NORMAL/IM-0187-0001.jpeg,NORMAL,0,normal,121,train,train
38,train/NORMAL/IM-0189-0001.jpeg,NORMAL,0,normal,122,train,val
39,train/NORMAL/IM-0191-0001.jpeg,NORMAL,0,normal,123,train,train
40,train/NORMAL/IM-0193-0001.jpeg,NORMAL,0,normal,124,train,train
41,train/NORMAL/IM-0195-0001.jpeg,NORMAL,0,normal,125,train,train
42,train/NORMAL/IM-0199-0001.jpeg,NORMAL,0,normal,128,train,train
43,train/NORMAL/IM-0201-0001.jpeg,NORMAL,0,normal,129,train,train
44,train/NORMAL/IM-0203-0001.jpeg,NORMAL,0,normal,130,train,val
45,train/NORMAL/IM-0205-0001.jpeg,NORMAL,0,normal,131,train,train
46,train/NORMAL/IM-0206-0001.jpeg,NORMAL,0,normal,132,train,train
47,train/NORMAL/IM-0207-0001.jpeg,NORMAL,0,normal,133,train,train
48,train/NORMAL/IM-0209-0001.jpeg,NORMAL,0,normal,134,train,test
49,train/NORMAL/IM-0210-0001.jpeg,NORMAL,0,normal,135,train,train
50,train/NORMAL/IM-0211-0001.jpeg,NORMAL,0,normal,136,train,train
51,train/NORMAL/IM-0213-0001.jpeg,NORMAL,0,normal,137,train,train
52,train/NORMAL/IM-0214-0001.jpeg,NORMAL,0,normal,138,train,train
53,train/NORMAL/IM-0215-0001.jpeg,NORMAL,0,normal,139,train,test
54,train/NORMAL/IM-0216-0001.jpeg,NORMAL,0,normal,140,train,test
55,train/NORMAL/IM-0217-0001.jpeg,NORMAL,0,normal,141,train,train
56,train/NORMAL/IM-0218-0001.jpeg,NORMAL,0,normal,142,train,test
57,train/NORMAL/IM-0219-0001.jpeg,NORMAL,0,normal,143,train,train
58,train/NORMAL/IM-0220-0001.jpeg,NORMAL,0,normal,144,train,train
59,train/NORMAL/IM-0221-0001.jpeg,NORMAL,0,normal,145,train,train
60,train/NORMAL/IM-0222-0001.jpeg,NORMAL,0,normal,146,train,train
61,train/NORMAL/IM-0223-0001.jpeg,NORMAL,0,normal,147,train,train
62,train/NORMAL/IM-0224-0001.jpeg,NORMAL,0,normal,148,train,val
63,train/NORMAL/IM-0225-0001.jpeg,NORMAL,0,normal,149,train,test
64,train/NORMAL/IM-0226-0001.jpeg,NORMAL,0,normal,150,train,train
65,train/NORMAL/IM-0227-0001.jpeg,NORMAL,0,normal,151,train,train
66,train/NORMAL/IM-0228-0001.jpeg,NORMAL,0,normal,152,train,val
67,train/NORMAL/IM-0229-0001.jpeg,NORMAL,0,normal,153,train,train
68,train/NORMAL/IM-0230-0001.jpeg,NORMAL,0,normal,154,train,val
69,train/NORMAL/IM-0231-0001.jpeg,NORMAL,0,normal,155,train,val
70,train/NORMAL/IM-0234-0001.jpeg,NORMAL,0,normal,158,train,test
71,train/NORMAL/IM-0235-0001.jpeg,NORMAL,0,normal,159,train,test
72,train/NORMAL/IM-0236-0001.jpeg,NORMAL,0,normal,160,train,test
73,train/NORMAL/IM-0237-0001.jpeg,NORMAL,0,normal,161,train,train
74,train/NORMAL/IM-0238-0001.jpeg,NORMAL,0,normal,162,train,train
75,train/NORMAL/IM-0239-0001.jpeg,NORMAL,0,normal,163,train,train
76,train/NORMAL/IM-0240-0001.jpeg,NORMAL,0,normal,164,train,train
77,train/NORMAL/IM-0241-0001.jpeg,NORMAL,0,normal,165,train,train
78,train/NORMAL/IM-0242-0001.jpeg,NORMAL,0,normal,166,train,test
79,train/NORMAL/IM-0243-0001.jpeg,NORMAL,0,normal,167,train,val
80,train/NORMAL/IM-0244-0001.jpeg,NORMAL,0,normal,168,train,val
81,train/NORMAL/IM-0245-0001.jpeg,NORMAL,0,normal,169,train,val
82,train/NORMAL/IM-0248-0001.jpeg,NORMAL,0,normal,171,train,train
83,train/NORMAL/IM-0249-0001.jpeg,NORMAL,0,normal,172,train,train
84,train/NORMAL/IM-0250-0001.jpeg,NORMAL,0,normal,173,train,val
85,train/NORMAL/IM-0251-0001.jpeg,NORMAL,0,normal,174,train,train
86,train/NORMAL/IM-0253-0001.jpeg,NORMAL,0,normal,176,train,train
87,train/NORMAL/IM-0255-0001.jpeg,NORMAL,0,normal,177,train,train
88,train/NORMAL/IM-0256-0001.jpeg,NORMAL,0,normal,178,train,train
89,train/NORMAL/IM-0257-0001.jpeg,NORMAL,0,normal,179,train,test
90,train/NORMAL/IM-0261-0001.jpeg,NORMAL,0,normal,181,train,test
91,train/NORMAL/IM-0262-0001.jpeg,NORMAL,0,normal,182,train,train
92,train/NORMAL/IM-0264-0001.jpeg,NORMAL,0,normal,183,train,val
93,train/NORMAL/IM-0265-0001.jpeg,NORMAL,0,normal,184,train,train
94,train/NORMAL/IM-0266-0001.jpeg,NORMAL,0,normal,185,train,val
95,train/NORMAL/IM-0268-0001.jpeg,NORMAL,0,normal,187,train,val
96,train/NORMAL/IM-0269-0001.jpeg,NORMAL,0,normal,188,train,val
97,train/NORMAL/IM-0270-0001.jpeg,NORMAL,0,normal,189,train,val
98,train/NORMAL/IM-0272-0001.jpeg,NORMAL,0,normal,191,train,train
99,train/NORMAL/IM-0273-0001.jpeg,NORMAL,0,normal,192,train,train
100,train/NORMAL/IM-0274-0001.jpeg,NORMAL,0,normal,193,train,train
101,train/NORMAL/IM-0275-0001.jpeg,NORMAL,0,normal,194,train,train
102,train/NORMAL/IM-0276-0001.jpeg,NORMAL,0,normal,195,train,train
103,train/NORMAL/IM-0277-0001.jpeg,NORMAL,0,normal,196,train,train
104,train/NORMAL/IM-0278-0001.jpeg,NORMAL,0,normal,197,train,train
105,train/NORMAL/IM-0279-0001.jpeg,NORMAL,0,normal,198,train,train
106,train/NORMAL/IM-0280-0001.jpeg,NORMAL,0,normal,199,train,train
107,train/NORMAL/IM-0282-0001.jpeg,NORMAL,0,normal,201,train,train
108,train/NORMAL/IM-0283-0001.jpeg,NORMAL,0,normal,202,train,train
109,train/NORMAL/IM-0285-0001.jpeg,NORMAL,0,normal,203,train,train
110,train/NORMAL/IM-0286-0001.jpeg,NORMAL,0,normal,204,train,train
111,train/NORMAL/IM-0288-0001.jpeg,NORMAL,0,normal,206,train,train
112,train/NORMAL/IM-0289-0001.jpeg,NORMAL,0,normal,207,train,train
113,train/NORMAL/IM-0290-0001.jpeg,NORMAL,0,normal,208,train,train
114,train/NORMAL/IM-0291-0001.jpeg,NORMAL,0,normal,209,train,val
115,train/NORMAL/IM-0292-0001.jpeg,NORMAL,0,normal,210,train,train
116,train/NORMAL/IM-0293-0001.jpeg,NORMAL,0,normal,211,train,test
117,train/NORMAL/IM-0294-0001.jpeg,NORMAL,0,normal,212,train,train
118,train/NORMAL/IM-0295-0001.jpeg,NORMAL,0,normal,213,train,train
119,train/NORMAL/IM-0297-0001.jpeg,NORMAL,0,normal,214,train,train
120,train/NORMAL/IM-0298-0001.jpeg,NORMAL,0,normal,215,train,train
121,train/NORMAL/IM-0299-0001.jpeg,NORMAL,0,normal,216,train,test
122,train/NORMAL/IM-0300-0001.jpeg,NORMAL,0,normal,217,train,train
123,train/NORMAL/IM-0301-0001.jpeg,NORMAL,0,normal,218,train,train
124,train/NORMAL/IM-0302-0001.jpeg,NORMAL,0,normal,219,train,train
125,train/NORMAL/IM-0303-0001.jpeg,NORMAL,0,normal,220,train,train
126,train/NORMAL/IM-0304-0001.jpeg,NORMAL,0,normal,221,train,train
127,train/NORMAL/IM-0305-0001.jpeg,NORMAL,0,normal,222,train,train
128,train/NORMAL/IM-0306-0001.jpeg,NORMAL,0,normal,223,train,val
129,train/NORMAL/IM-0307-0001.jpeg,NORMAL,0,normal,224,train,train
130,train/NORMAL/IM-0308-0001.jpeg,NORMAL,0,normal,225,train,val
131,train/NORMAL/IM-0309-0001.jpeg,NORMAL,0,normal,226,train,train
132,train/NORMAL/IM-0311-0001.jpeg,NORMAL,0,normal,228,train,train
133,train/NORMAL/IM-0312-0001.jpeg,NORMAL,0,normal,229,train,train
134,train/NORMAL/IM-0313-0001.jpeg,NORMAL,0,normal,230,train,train
135,train/NORMAL/IM-0314-0001.jpeg,NORMAL,0,normal,231,train,test
136,train/NORMAL/IM-0315-0001.jpeg,NORMAL,0,normal,232,train,train
137,train/NORMAL/IM-0316-0001.jpeg,NORMAL,0,normal,233,train,train
138,train/NORMAL/IM-0317-0001.jpeg,NORMAL,0,normal,234,train,train
139,train/NORMAL/IM-0318-0001.jpeg,NORMAL,0,normal,235,train,train
140,train/NORMAL/IM-0319-0001.jpeg,NORMAL,0,normal,236,train,train
141,train/NORMAL/IM-0320-0001.jpeg,NORMAL,0,normal,237,train,train
142,train/NORMAL/IM-0323-0001.jpeg,NORMAL,0,normal,240,train,train
143,train/NORMAL/IM-0324-0001.jpeg,NORMAL,0,normal,241,train,train
144,train/NORMAL/IM-0325-0001.jpeg,NORMAL,0,normal,242,train,train
145,train/NORMAL/IM-0326-0001.jpeg,NORMAL,0,normal,243,train,train
146,train/NORMAL/IM-0327-0001.jpeg,NORMAL,0,normal,244,train,train
147,train/NORMAL/IM-0329-0001.jpeg,NORMAL,0,normal,246,train,train
148,train/NORMAL/IM-0330-0001.jpeg,NORMAL,0,normal,247,train,train
149,train/NORMAL/IM-0331-0001.jpeg,NORMAL,0,normal,248,train,train
150,train/NORMAL/IM-0332-0001.jpeg,NORMAL,0,normal,249,train,train
151,train/NORMAL/IM-0333-0001.jpeg,NORMAL,0,normal,250,train,train
152,train/NORMAL/IM-0335-0001.jpeg,NORMAL,0,normal,251,train,train
153,train/NORMAL/IM-0337-0001.jpeg,NORMAL,0,normal,253,train,train
154,train/NORMAL/IM-0338-0001.jpeg,NORMAL,0,normal,254,train,train
155,train/NORMAL/IM-0339-0001.jpeg,NORMAL,0,normal,255,train,train
156,train/NORMAL/IM-0340-0001.jpeg,NORMAL,0,normal,256,train,train
157,train/NORMAL/IM-0341-0001.jpeg,NORMAL,0,normal,257,train,train
158,train/NORMAL/IM-0343-0001.jpeg,NORMAL,0,normal,258,train,train
159,train/NORMAL/IM-0345-0001.jpeg,NORMAL,0,normal,259,train,train
160,train/NORMAL/IM-0346-0001.jpeg,NORMAL,0,normal,260,train,train
161,train/NORMAL/IM-0347-0001.jpeg,NORMAL,0,normal,261,train,train
162,train/NORMAL/IM-0348-0001.jpeg,NORMAL,0,normal,262,train,train
163,train/NORMAL/IM-0349-0001.jpeg,NORMAL,0,normal,263,train,train
164,train/NORMAL/IM-0350-0001.jpeg,NORMAL,0,normal,264,train,train
165,train/NORMAL/IM-0351-0001.jpeg,NORMAL,0,normal,265,train,train
166,train/NORMAL/IM-0353-0001.jpeg,NORMAL,0,normal,267,train,train
167,train/NORMAL/IM-0354-0001.jpeg,NORMAL,0,normal,268,train,train
168,train/NORMAL/IM-0355-0001.jpeg,NORMAL,0,normal,269,train,test
169,train/NORMAL/IM-0356-0001.jpeg,NORMAL,0,normal,270,train,test
170,train/NORMAL/IM-0357-0001.jpeg,NORMAL,0,normal,271,train,train
171,train/NORMAL/IM-0358-0001.jpeg,NORMAL,0,normal,272,train,test
172,train/NORMAL/IM-0359-0001.jpeg,NORMAL,0,normal,273,train,train
173,train/NORMAL/IM-0361-0001.jpeg,NORMAL,0,normal,275,train,train
174,train/NORMAL/IM-0362-0001.jpeg,NORMAL,0,normal,276,train,train
175,train/NORMAL/IM-0363-0001.jpeg,NORMAL,0,normal,277,train,val
176,train/NORMAL/IM-0364-0001.jpeg,NORMAL,0,normal,278,train,train
177,train/NORMAL/IM-0365-0001.jpeg,NORMAL,0,normal,279,train,test
178,train/NORMAL/IM-0367-0001.jpeg,NORMAL,0,normal,281,train,train
179,train/NORMAL/IM-0368-0001.jpeg,NORMAL,0,normal,282,train,train
180,train/NORMAL/IM-0369-0001.jpeg,NORMAL,0,normal,283,train,train
181,train/NORMAL/IM-0370-0001.jpeg,NORMAL,0,normal,284,train,train
182,train/NORMAL/IM-0371-0001.jpeg,NORMAL,0,normal,285,train,train
183,train/NORMAL/IM-0372-0001.jpeg,NORMAL,0,normal,286,train,train
184,train/NORMAL/IM-0374-0001.jpeg,NORMAL,0,normal,288,train,train
185,train/NORMAL/IM-0375-0001.jpeg,NORMAL,0,normal,289,train,val
186,train/NORMAL/IM-0377-0001.jpeg,NORMAL,0,normal,291,train,val
187,train/NORMAL/IM-0379-0001.jpeg,NORMAL,0,normal,293,train,test
188,train/NORMAL/IM-0381-0001.jpeg,NORMAL,0,normal,295,train,train
189,train/NORMAL/IM-0382-0001.jpeg,NORMAL,0,normal,296,train,test
190,train/NORMAL/IM-0383-0001.jpeg,NORMAL,0,normal,297,train,train
191,train/NORMAL/IM-0384-0001.jpeg,NORMAL,0,normal,298,train,train
192,train/NORMAL/IM-0385-0001.jpeg,NORMAL,0,normal,299,train,train
193,train/NORMAL/IM-0386-0001.jpeg,NORMAL,0,normal,300,train,train
194,train/NORMAL/IM-0387-0001.jpeg,NORMAL,0,normal,301,train,val
195,train/NORMAL/IM-0388-0001.jpeg,NORMAL,0,normal,302,train,train
196,train/NORMAL/IM-0389-0001.jpeg,NORMAL,0,normal,303,train,train
197,train/NORMAL/IM-0391-0001.jpeg,NORMAL,0,normal,305,train,train
198,train/NORMAL/IM-0392-0001.jpeg,NORMAL,0,normal,306,train,train
199,train/NORMAL/IM-0393-0001.jpeg,NORMAL,0,normal,307,train,train
200,train/NORMAL/IM-0394-0001.jpeg,NORMAL,0,normal,308,train,train
201,train/NORMAL/IM-0395-0001.jpeg,NORMAL,0,normal,309,train,train
202,train/NORMAL/IM-0399-0001.jpeg,NORMAL,0,normal,312,train,train
203,train/NORMAL/IM-0400-0001.jpeg,NORMAL,0,normal,313,train,train
204,train/NORMAL/IM-0401-0001.jpeg,NORMAL,0,normal,314,train,train
205,train/NORMAL/IM-0403-0001.jpeg,NORMAL,0,normal,316,train,train
206,train/NORMAL/IM-0404-0001.jpeg,NORMAL,0,normal,317,train,train
207,train/NORMAL/IM-0405-0001.jpeg,NORMAL,0,normal,318,train,train
208,train/NORMAL/IM-0408-0001.jpeg,NORMAL,0,normal,321,train,train
209,train/NORMAL/IM-0409-0001.jpeg,NORMAL,0,normal,322,train,train
210,train/NORMAL/IM-0410-0001.jpeg,NORMAL,0,normal,323,train,train
211,train/NORMAL/IM-0411-0001.jpeg,NORMAL,0,normal,324,train,val
212,train/NORMAL/IM-0413-0001.jpeg,NORMAL,0,normal,326,train,train
213,train/NORMAL/IM-0414-0001.jpeg,NORMAL,0,normal,327,train,train
214,train/NORMAL/IM-0416-0001.jpeg,NORMAL,0,normal,329,train,train
215,train/NORMAL/IM-0417-0001.jpeg,NORMAL,0,normal,330,train,train
216,train/NORMAL/IM-0419-0001.jpeg,NORMAL,0,normal,332,train,train
217,train/NORMAL/IM-0420-0001.jpeg,NORMAL,0,normal,333,train,val
218,train/NORMAL/IM-0421-0001.jpeg,NORMAL,0,normal,334,train,train
219,train/NORMAL/IM-0423-0001.jpeg,NORMAL,0,normal,335,train,train
220,train/NORMAL/IM-0424-0001.jpeg,NORMAL,0,normal,336,train,train
221,train/NORMAL/IM-0425-0001.jpeg,NORMAL,0,normal,337,train,train
222,train/NORMAL/IM-0427-0001.jpeg,NORMAL,0,normal,338,train,train
223,train/NORMAL/IM-0428-0001.jpeg,NORMAL,0,normal,339,train,train
224,train/NORMAL/IM-0429-0001-0001.jpeg,NORMAL,0,normal,340,train,train
225,train/NORMAL/IM-0429-0001-0002.jpeg,NORMAL,0,normal,340,train,train
226,train/NORMAL/IM-0429-0001.jpeg,NORMAL,0,normal,340,train,train
227,train/NORMAL/IM-0430-0001.jpeg,NORMAL,0,normal,341,train,val
228,train/NORMAL/IM-0431-0001.jpeg,NORMAL,0,normal,342,train,train
229,train/NORMAL/IM-0432-0001.jpeg,NORMAL,0,normal,343,train,train
230,train/NORMAL/IM-0433-0001.jpeg,NORMAL,0,normal,344,train,train
231,train/NORMAL/IM-0434-0001.jpeg,NORMAL,0,normal,345,train,train
232,train/NORMAL/IM-0435-0001-0001.jpeg,NORMAL,0,normal,346,train,train
233,train/NORMAL/IM-0435-0001.jpeg,NORMAL,0,normal,346,train,train
234,train/NORMAL/IM-0437-0001-0001.jpeg,NORMAL,0,normal,347,train,train
235,train/NORMAL/IM-0437-0001-0002.jpeg,NORMAL,0,normal,347,train,train
236,train/NORMAL/IM-0437-0001.jpeg,NORMAL,0,normal,347,train,train
237,train/NORMAL/IM-0438-0001.jpeg,NORMAL,0,normal,348,train,test
238,train/NORMAL/IM-0439-0001-0001.jpeg,NORMAL,0,normal,349,train,train
239,train/NORMAL/IM-0439-0001-0002.jpeg,NORMAL,0,normal,349,train,train
240,train/NORMAL/IM-0439-0001.jpeg,NORMAL,0,normal,349,train,train
241,train/NORMAL/IM-0440-0001.jpeg,NORMAL,0,normal,350,train,train
242,train/NORMAL/IM-0441-0001.jpeg,NORMAL,0,normal,351,train,train
243,train/NORMAL/IM-0442-0001.jpeg,NORMAL,0,normal,352,train,val
244,train/NORMAL/IM-0444-0001.jpeg,NORMAL,0,normal,354,train,train
245,train/NORMAL/IM-0445-0001.jpeg,NORMAL,0,normal,355,train,train
246,train/NORMAL/IM-0446-0001.jpeg,NORMAL,0,normal,356,train,test
247,train/NORMAL/IM-0447-0001.jpeg,NORMAL,0,normal,357,train,train
248,train/NORMAL/IM-0448-0001.jpeg,NORMAL,0,normal,358,train,train
249,train/NORMAL/IM-0449-0001.jpeg,NORMAL,0,normal,359,train,train
250,train/NORMAL/IM-0450-0001.jpeg,NORMAL,0,normal,360,train,train
251,train/NORMAL/IM-0451-0001.jpeg,NORMAL,0,normal,361,train,train
252,train/NORMAL/IM-0452-0001.jpeg,NORMAL,0,normal,362,train,train
253,train/NORMAL/IM-0453-0001-0002.jpeg,NORMAL,0,normal,363,train,train
254,train/NORMAL/IM-0453-0001.jpeg,NORMAL,0,normal,363,train,train
255,train/NORMAL/IM-0455-0001.jpeg,NORMAL,0,normal,365,train,train
256,train/NORMAL/IM-0456-0001.jpeg,NORMAL,0,normal,366,train,train
257,train/NORMAL/IM-0457-0001.jpeg,NORMAL,0,normal,367,train,test
258,train/NORMAL/IM-0458-0001.jpeg,NORMAL,0,normal,368,train,train
259,train/NORMAL/IM-0459-0001.jpeg,NORMAL,0,normal,369,train,test
260,train/NORMAL/IM-0460-0001.jpeg,NORMAL,0,normal,370,train,train
261,train/NORMAL/IM-0461-0001.jpeg,NORMAL,0,normal,371,train,val
262,train/NORMAL/IM-0463-0001.jpeg,NORMAL,0,normal,373,train,train
263,train/NORMAL/IM-0464-0001.jpeg,NORMAL,0,normal,374,train,train
264,train/NORMAL/IM-0465-0001.jpeg,NORMAL,0,normal,375,train,train
265,train/NORMAL/IM-0466-0001.jpeg,NORMAL,0,normal,376,train,train
266,train/NORMAL/IM-0467-0001-0001.jpeg,NORMAL,0,normal,377,train,train
267,train/NORMAL/IM-0467-0001-0002.jpeg,NORMAL,0,normal,377,train,train
268,train/NORMAL/IM-0467-0001.jpeg,NORMAL,0,normal,377,train,train
269,train/NORMAL/IM-0469-0001.jpeg,NORMAL,0,normal,379,train,val
270,train/NORMAL/IM-0471-0001.jpeg,NORMAL,0,normal,380,train,train
271,train/NORMAL/IM-0472-0001.jpeg,NORMAL,0,normal,381,train,train
272,train/NORMAL/IM-0473-0001.jpeg,NORMAL,0,normal,382,train,train
273,train/NORMAL/IM-0474-0001.jpeg,NORMAL,0,normal,383,train,train
274,train/NORMAL/IM-0475-0001.jpeg,NORMAL,0,normal,384,train,train
275,train/NORMAL/IM-0476-0001.jpeg,NORMAL,0,normal,385,train,train
276,train/NORMAL/IM-0477-0001.jpeg,NORMAL,0,normal,386,train,test
277,train/NORMAL/IM-0478-0001.jpeg,NORMAL,0,normal,387,train,train
278,train/NORMAL/IM-0479-0001.jpeg,NORMAL,0,normal,388,train,train
279,train/NORMAL/IM-0480-0001.jpeg,NORMAL,0,normal,389,train,train
280,train/NORMAL/IM-0481-0001.jpeg,NORMAL,0,normal,390,train,train
281,train/NORMAL/IM-0482-0001.jpeg,NORMAL,0,normal,391,train,train
282,train/NORMAL/IM-0483-0001.jpeg,NORMAL,0,normal,392,train,val
283,train/NORMAL/IM-0484-0001.jpeg,NORMAL,0,normal,393,train,train
284,train/NORMAL/IM-0485-0001.jpeg,NORMAL,0,normal,394,train,train
285,train/NORMAL/IM-0486-0001.jpeg,NORMAL,0,normal,395,train,train
286,train/NORMAL/IM-0487-0001.jpeg,NORMAL,0,normal,396,train,train
287,train/NORMAL/IM-0488-0001.jpeg,NORMAL,0,normal,397,train,train
288,train/NORMAL/IM-0489-0001.jpeg,NORMAL,0,normal,398,train,train
289,train/NORMAL/IM-0490-0001.jpeg,NORMAL,0,normal,399,train,train
290,train/NORMAL/IM-0491-0001-0001.jpeg,NORMAL,0,normal,400,train,train
291,train/NORMAL/IM-0491-0001-0002.jpeg,NORMAL,0,normal,400,train,train
292,train/NORMAL/IM-0491-0001.jpeg,NORMAL,0,normal,400,train,train
293,train/NORMAL/IM-0492-0001.jpeg,NORMAL,0,normal,401,train,train
294,train/NORMAL/IM-0493-0001.jpeg,NORMAL,0,normal,402,train,train
295,train/NORMAL/IM-0494-0001.jpeg,NORMAL,0,normal,403,train,train
296,train/NORMAL/IM-0495-0001.jpeg,NORMAL,0,normal,404,train,train
297,train/NORMAL/IM-0496-0001.jpeg,NORMAL,0,normal,405,train,train
298,train/NORMAL/IM-0497-0001-0001.jpeg,NORMAL,0,normal,406,train,train
299,train/NORMAL/IM-0497-0001-0002.jpeg,NORMAL,0,normal,406,train,train
300,train/NORMAL/IM-0497-0001.jpeg,NORMAL,0,normal,406,train,train
301,train/NORMAL/IM-0499-0001-0001.jpeg,NORMAL,0,normal,407,train,train
302,train/NORMAL/IM-0499-0001-0002.jpeg,NORMAL,0,normal,407,train,train
303,train/NORMAL/IM-0499-0001.jpeg,NORMAL,0,normal,407,train,train
304,train/NORMAL/IM-0500-0001.jpeg,NORMAL,0,normal,408,train,train
305,train/NORMAL/IM-0501-0001-0001.jpeg,NORMAL,0,normal,409,train,train
306,train/NORMAL/IM-0501-0001-0002.jpeg,NORMAL,0,normal,409,train,train
307,train/NORMAL/IM-0501-0001.jpeg,NORMAL,0,normal,409,train,train
308,train/NORMAL/IM-0502-0001.jpeg,NORMAL,0,normal,410,train,train
309,train/NORMAL/IM-0503-0001.jpeg,NORMAL,0,normal,411,train,train
310,train/NORMAL/IM-0504-0001.jpeg,NORMAL,0,normal,412,train,train
311,train/NORMAL/IM-0505-0001-0001.jpeg,NORMAL,0,normal,413,train,train
312,train/NORMAL/IM-0505-0001-0002.jpeg,NORMAL,0,normal,413,train,train
313,train/NORMAL/IM-0505-0001.jpeg,NORMAL,0,normal,413,train,train
314,train/NORMAL/IM-0506-0001.jpeg,NORMAL,0,normal,414,train,train
315,train/NORMAL/IM-0507-0001.jpeg,NORMAL,0,normal,415,train,train
316,train/NORMAL/IM-0508-0001.jpeg,NORMAL,0,normal,416,train,train
317,train/NORMAL/IM-0509-0001-0001.jpeg,NORMAL,0,normal,417,train,train
318,train/NORMAL/IM-0509-0001-0002.jpeg,NORMAL,0,normal,417,train,train
319,train/NORMAL/IM-0509-0001.jpeg,NORMAL,0,normal,417,train,train
320,train/NORMAL/IM-0510-0001.jpeg,NORMAL,0,normal,418,train,test
321,train/NORMAL/IM-0511-0001-0001.jpeg,NORMAL,0,normal,419,train,train
322,train/NORMAL/IM-0511-0001-0002.jpeg,NORMAL,0,normal,419,train,train
323,train/NORMAL/IM-0511-0001.jpeg,NORMAL,0,normal,419,train,train
324,train/NORMAL/IM-0512-0001.jpeg,NORMAL,0,normal,420,train,train
325,train/NORMAL/IM-0513-0001.jpeg,NORMAL,0,normal,421,train,train
326,train/NORMAL/IM-0514-0001.jpeg,NORMAL,0,normal,422,train,val
327,train/NORMAL/IM-0515-0001.jpeg,NORMAL,0,normal,423,train,train
328,train/NORMAL/IM-0516-0001.jpeg,NORMAL,0,normal,424,train,train
329,train/NORMAL/IM-0517-0001-0001.jpeg,NORMAL,0,normal,425,train,train
330,train/NORMAL/IM-0517-0001.jpeg,NORMAL,0,normal,425,train,train
331,train/NORMAL/IM-0519-0001-0001.jpeg,NORMAL,0,normal,427,train,train
332,train/NORMAL/IM-0519-0001-0002.jpeg,NORMAL,0,normal,427,train,train
333,train/NORMAL/IM-0519-0001.jpeg,NORMAL,0,normal,427,train,train
334,train/NORMAL/IM-0520-0001.jpeg,NORMAL,0,normal,428,train,train
335,train/NORMAL/IM-0521-0001.jpeg,NORMAL,0,normal,429,train,train
336,train/NORMAL/IM-0522-0001.jpeg,NORMAL,0,normal,430,train,train
337,train/NORMAL/IM-0523-0001-0001.jpeg,NORMAL,0,normal,431,train,train
338,train/NORMAL/IM-0523-0001-0002.jpeg,NORMAL,0,normal,431,train,train
339,train/NORMAL/IM-0523-0001-0003.jpeg,NORMAL,0,normal,431,train,train
340,train/NORMAL/IM-0523-0001.jpeg,NORMAL,0,normal,431,train,train
341,train/NORMAL/IM-0524-0001.jpeg,NORMAL,0,normal,432,train,val
342,train/NORMAL/IM-0525-0001-0001.jpeg,NORMAL,0,normal,433,train,train
343,train/NORMAL/IM-0525-0001-0002.jpeg,NORMAL,0,normal,433,train,train
344,train/NORMAL/IM-0525-0001.jpeg,NORMAL,0,normal,433,train,train
345,train/NORMAL/IM-0526-0001.jpeg,NORMAL,0,normal,434,train,train
346,train/NORMAL/IM-0527-0001.jpeg,NORMAL,0,normal,435,train,train
347,train/NORMAL/IM-0528-0001.jpeg,NORMAL,0,normal,436,train,train
348,train/NORMAL/IM-0529-0001.jpeg,NORMAL,0,normal,437,train,train
349,train/NORMAL/IM-0530-0001.jpeg,NORMAL,0,normal,438,train,train
350,train/NORMAL/IM-0531-0001-0001.jpeg,NORMAL,0,normal,439,train,train
351,train/NORMAL/IM-0531-0001.jpeg,NORMAL,0,normal,439,train,train
352,train/NORMAL/IM-0532-0001.jpeg,NORMAL,0,normal,440,train,train
353,train/NORMAL/IM-0533-0001-0001.jpeg,NORMAL,0,normal,441,train,train
354,train/NORMAL/IM-0533-0001-0002.jpeg,NORMAL,0,normal,441,train,train
355,train/NORMAL/IM-0533-0001.jpeg,NORMAL,0,normal,441,train,train
356,train/NORMAL/IM-0534-0001.jpeg,NORMAL,0,normal,442,train,val
357,train/NORMAL/IM-0535-0001.jpeg,NORMAL,0,normal,443,train,train
358,train/NORMAL/IM-0536-0001.jpeg,NORMAL,0,normal,444,train,train
359,train/NORMAL/IM-0537-0001.jpeg,NORMAL,0,normal,445,train,train
360,train/NORMAL/IM-0538-0001.jpeg,NORMAL,0,normal,446,train,val
361,train/NORMAL/IM-0539-0001-0001.jpeg,NORMAL,0,normal,447,train,train
362,train/NORMAL/IM-0539-0001-0002.jpeg,NORMAL,0,normal,447,train,train
363,train/NORMAL/IM-0539-0001.jpeg,NORMAL,0,normal,447,train,train
364,train/NORMAL/IM-0540-0001.jpeg,NORMAL,0,normal,448,train,train
365,train/NORMAL/IM-0541-0001.jpeg,NORMAL,0,normal,449,train,train
366,train/NORMAL/IM-0542-0001.jpeg,NORMAL,0,normal,450,train,train
367,train/NORMAL/IM-0543-0001-0002.jpeg,NORMAL,0,normal,451,train,train
368,train/NORMAL/IM-0543-0001.jpeg,NORMAL,0,normal,451,train,train
369,train/NORMAL/IM-0544-0001.jpeg,NORMAL,0,normal,452,train,test
370,train/NORMAL/IM-0545-0001-0001.jpeg,NORMAL,0,normal,453,train,train
371,train/NORMAL/IM-0545-0001-0002.jpeg,NORMAL,0,normal,453,train,train
372,train/NORMAL/IM-0545-0001.jpeg,NORMAL,0,normal,453,train,train
373,train/NORMAL/IM-0546-0001.jpeg,NORMAL,0,normal,454,train,test
374,train/NORMAL/IM-0547-0001.jpeg,NORMAL,0,normal,455,train,train
375,train/NORMAL/IM-0548-0001.jpeg,NORMAL,0,normal,456,train,train
376,train/NORMAL/IM-0549-0001-0001.jpeg,NORMAL,0,normal,457,train,train
377,train/NORMAL/IM-0549-0001-0002.jpeg,NORMAL,0,normal,457,train,train
378,train/NORMAL/IM-0549-0001.jpeg,NORMAL,0,normal,457,train,train
379,train/NORMAL/IM-0551-0001-0001.jpeg,NORMAL,0,normal,459,train,train
380,train/NORMAL/IM-0551-0001-0002.jpeg,NORMAL,0,normal,459,train,train
381,train/NORMAL/IM-0551-0001.jpeg,NORMAL,0,normal,459,train,train
382,train/NORMAL/IM-0552-0001.jpeg,NORMAL,0,normal,460,train,train
383,train/NORMAL/IM-0553-0001-0001.jpeg,NORMAL,0,normal,461,train,train
384,train/NORMAL/IM-0553-0001-0002.jpeg,NORMAL,0,normal,461,train,train
385,train/NORMAL/IM-0553-0001-0003.jpeg,NORMAL,0,normal,461,train,train
386,train/NORMAL/IM-0553-0001.jpeg,NORMAL,0,normal,461,train,train
387,train/NORMAL/IM-0554-0001.jpeg,NORMAL,0,normal,462,train,train
388,train/NORMAL/IM-0555-0001-0001.jpeg,NORMAL,0,normal,463,train,train
389,train/NORMAL/IM-0555-0001-0002.jpeg,NORMAL,0,normal,463,train,train
390,train/NORMAL/IM-0555-0001.jpeg,NORMAL,0,normal,463,train,train
391,train/NORMAL/IM-0556-0001.jpeg,NORMAL,0,normal,464,train,test
392,train/NORMAL/IM-0557-0001.jpeg,NORMAL,0,normal,465,train,train
393,train/NORMAL/IM-0559-0001.jpeg,NORMAL,0,normal,467,train,train
394,train/NORMAL/IM-0560-0001.jpeg,NORMAL,0,normal,468,train,test
395,train/NORMAL/IM-0561-0001.jpeg,NORMAL,0,normal,469,train,train
396,train/NORMAL/IM-0562-0001.jpeg,NORMAL,0,normal,470,train,train
397,train/NORMAL/IM-0563-0001.jpeg,NORMAL,0,normal,471,train,train
398,train/NORMAL/IM-0564-0001.jpeg,NORMAL,0,normal,472,train,train
399,train/NORMAL/IM-0565-0001.jpeg,NORMAL,0,normal,473,train,val
400,train/NORMAL/IM-0566-0001.jpeg,NORMAL,0,normal,474,train,train
401,train/NORMAL/IM-0568-0001.jpeg,NORMAL,0,normal,476,train,train
402,train/NORMAL/IM-0569-0001.jpeg,NORMAL,0,normal,477,train,train
403,train/NORMAL/IM-0570-0001.jpeg,NORMAL,0,normal,478,train,val
404,train/NORMAL/IM-0571-0001.jpeg,NORMAL,0,normal,479,train,train
405,train/NORMAL/IM-0574-0001.jpeg,NORMAL,0,normal,482,train,val
406,train/NORMAL/IM-0575-0001.jpeg,NORMAL,0,normal,483,train,train
407,train/NORMAL/IM-0577-0001.jpeg,NORMAL,0,normal,485,train,train
408,train/NORMAL/IM-0578-0001.jpeg,NORMAL,0,normal,486,train,train
409,train/NORMAL/IM-0579-0001.jpeg,NORMAL,0,normal,487,train,train
410,train/NORMAL/IM-0580-0001.jpeg,NORMAL,0,normal,488,train,train
411,train/NORMAL/IM-0581-0001.jpeg,NORMAL,0,normal,489,train,val
412,train/NORMAL/IM-0582-0001.jpeg,NORMAL,0,normal,490,train,train
413,train/NORMAL/IM-0583-0001.jpeg,NORMAL,0,normal,491,train,train
414,train/NORMAL/IM-0584-0001.jpeg,NORMAL,0,normal,492,train,test
415,train/NORMAL/IM-0586-0001.jpeg,NORMAL,0,normal,494,train,val
416,train/NORMAL/IM-0588-0001.jpeg,NORMAL,0,normal,496,train,train
417,train/NORMAL/IM-0590-0001.jpeg,NORMAL,0,normal,498,train,test
418,train/NORMAL/IM-0591-0001.jpeg,NORMAL,0,normal,499,train,train
419,train/NORMAL/IM-0592-0001.jpeg,NORMAL,0,normal,500,train,train
420,train/NORMAL/IM-0593-0001.jpeg,NORMAL,0,normal,501,train,test
421,train/NORMAL/IM-0595-0001.jpeg,NORMAL,0,normal,503,train,train
422,train/NORMAL/IM-0596-0001.jpeg,NORMAL,0,normal,504,train,train
423,train/NORMAL/IM-0598-0001.jpeg,NORMAL,0,normal,505,train,train
424,train/NORMAL/IM-0599-0001.jpeg,NORMAL,0,normal,506,train,train
425,train/NORMAL/IM-0600-0001.jpeg,NORMAL,0,normal,507,train,train
426,train/NORMAL/IM-0601-0001.jpeg,NORMAL,0,normal,508,train,train
427,train/NORMAL/IM-0602-0001.jpeg,NORMAL,0,normal,509,train,train
428,train/NORMAL/IM-0604-0001.jpeg,NORMAL,0,normal,511,train,train
429,train/NORMAL/IM-0605-0001.jpeg,NORMAL,0,normal,512,train,test
430,train/NORMAL/IM-0606-0001.jpeg,NORMAL,0,normal,513,train,test
431,train/NORMAL/IM-0607-0001.jpeg,NORMAL,0,normal,514,train,train
432,train/NORMAL/IM-0608-0001-0001.jpeg,NORMAL,0,normal,515,train,train
433,train/NORMAL/IM-0608-0001-0002.jpeg,NORMAL,0,normal,515,train,train
434,train/NORMAL/IM-0608-0001.jpeg,NORMAL,0,normal,515,train,train
435,train/NORMAL/IM-0609-0001.jpeg,NORMAL,0,normal,516,train,train
436,train/NORMAL/IM-0612-0001-0001.jpeg,NORMAL,0,normal,518,train,train
437,train/NORMAL/IM-0612-0001-0002.jpeg,NORMAL,0,normal,518,train,train
438,train/NORMAL/IM-0612-0001.jpeg,NORMAL,0,normal,518,train,train
439,train/NORMAL/IM-0613-0001.jpeg,NORMAL,0,normal,519,train,val
440,train/NORMAL/IM-0614-0001.jpeg,NORMAL,0,normal,520,train,train
441,train/NORMAL/IM-0615-0001.jpeg,NORMAL,0,normal,521,train,val
442,train/NORMAL/IM-0616-0001.jpeg,NORMAL,0,normal,522,train,train
443,train/NORMAL/IM-0617-0001.jpeg,NORMAL,0,normal,523,train,train
444,train/NORMAL/IM-0618-0001-0001.jpeg,NORMAL,0,normal,524,train,train
445,train/NORMAL/IM-0618-0001-0002.jpeg,NORMAL,0,normal,524,train,train
446,train/NORMAL/IM-0618-0001.jpeg,NORMAL,0,normal,524,train,train
447,train/NORMAL/IM-0619-0001.jpeg,NORMAL,0,normal,525,train,train
448,train/NORMAL/IM-0620-0001-0001.jpeg,NORMAL,0,normal,526,train,train
449,train/NORMAL/IM-0620-0001-0002.jpeg,NORMAL,0,normal,526,train,train
450,train/NORMAL/IM-0620-0001.jpeg,NORMAL,0,normal,526,train,train
451,train/NORMAL/IM-0621-0001.jpeg,NORMAL,0,normal,527,train,train
452,train/NORMAL/IM-0622-0001-0001.jpeg,NORMAL,0,normal,528,train,train
453,train/NORMAL/IM-0622-0001-0002.jpeg,NORMAL,0,normal,528,train,train
454,train/NORMAL/IM-0622-0001.jpeg,NORMAL,0,normal,528,train,train
455,train/NORMAL/IM-0623-0001.jpeg,NORMAL,0,normal,529,train,train
456,train/NORMAL/IM-0624-0001-0002.jpeg,NORMAL,0,normal,530,train,train
457,train/NORMAL/IM-0624-0001.jpeg,NORMAL,0,normal,530,train,train
458,train/NORMAL/IM-0625-0001.jpeg,NORMAL,0,normal,531,train,test
459,train/NORMAL/IM-0626-0001-0001.jpeg,NORMAL,0,normal,532,train,train
460,train/NORMAL/IM-0626-0001-0002.jpeg,NORMAL,0,normal,532,train,train
461,train/NORMAL/IM-0627-0001.jpeg,NORMAL,0,normal,533,train,train
462,train/NORMAL/IM-0628-0001.jpeg,NORMAL,0,normal,534,train,test
463,train/NORMAL/IM-0629-0001-0001.jpeg,NORMAL,0,normal,535,train,train
464,train/NORMAL/IM-0629-0001-0002.jpeg,NORMAL,0,normal,535,train,train
465,train/NORMAL/IM-0629-0001-0003.jpeg,NORMAL,0,normal,535,train,train
466,train/NORMAL/IM-0629-0001.jpeg,NORMAL,0,normal,535,train,train
467,train/NORMAL/IM-0630-0001.jpeg,NORMAL,0,normal,536,train,train
468,train/NORMAL/IM-0631-0001-0001.jpeg,NORMAL,0,normal,537,train,train
469,train/NORMAL/IM-0631-0001-0002.jpeg,NORMAL,0,normal,537,train,train
470,train/NORMAL/IM-0631-0001.jpeg,NORMAL,0,normal,537,train,train
471,train/NORMAL/IM-0632-0001.jpeg,NORMAL,0,normal,538,train,val
472,train/NORMAL/IM-0633-0001.jpeg,NORMAL,0,normal,539,train,train
473,train/NORMAL/IM-0634-0001.jpeg,NORMAL,0,normal,540,train,train
474,train/NORMAL/IM-0635-0001.jpeg,NORMAL,0,normal,541,train,train
475,train/NORMAL/IM-0636-0001.jpeg,NORMAL,0,normal,542,train,train
476,train/NORMAL/IM-0637-0001.jpeg,NORMAL,0,normal,543,train,train
477,train/NORMAL/IM-0640-0001-0001.jpeg,NORMAL,0,normal,544,train,train
478,train/NORMAL/IM-0640-0001-0002.jpeg,NORMAL,0,normal,544,train,train
479,train/NORMAL/IM-0640-0001.jpeg,NORMAL,0,normal,544,train,train
480,train/NORMAL/IM-0641-0001.jpeg,NORMAL,0,normal,545,train,train
481,train/NORMAL/IM-0642-0001.jpeg,NORMAL,0,normal,546,train,train
482,train/NORMAL/IM-0643-0001.jpeg,NORMAL,0,normal,547,train,train
483,train/NORMAL/IM-0644-0001-0001.jpeg,NORMAL,0,normal,548,train,train
484,train/NORMAL/IM-0644-0001-0002.jpeg,NORMAL,0,normal,548,train,train
485,train/NORMAL/IM-0644-0001.jpeg,NORMAL,0,normal,548,train,train
486,train/NORMAL/IM-0645-0001.jpeg,NORMAL,0,normal,549,train,train
487,train/NORMAL/IM-0646-0001.jpeg,NORMAL,0,normal,550,train,train
488,train/NORMAL/IM-0647-0001.jpeg,NORMAL,0,normal,551,train,train
489,train/NORMAL/IM-0648-0001.jpeg,NORMAL,0,normal,552,train,train
490,train/NORMAL/IM-0649-0001.jpeg,NORMAL,0,normal,553,train,train
491,train/NORMAL/IM-0650-0001-0001.jpeg,NORMAL,0,normal,554,train,train
492,train/NORMAL/IM-0650-0001-0002.jpeg,NORMAL,0,normal,554,train,train
493,train/NORMAL/IM-0650-0001.jpeg,NORMAL,0,normal,554,train,train
494,train/NORMAL/IM-0651-0001.jpeg,NORMAL,0,normal,555,train,train
495,train/NORMAL/IM-0652-0001-0002.jpeg,NORMAL,0,normal,556,train,train
496,train/NORMAL/IM-0652-0001.jpeg,NORMAL,0,normal,556,train,train
497,train/NORMAL/IM-0654-0001.jpeg,NORMAL,0,normal,558,train,train
498,train/NORMAL/IM-0655-0001.jpeg,NORMAL,0,normal,559,train,train
499,train/NORMAL/IM-0656-0001-0001.jpeg,NORMAL,0,normal,560,train,train
500,train/NORMAL/IM-0656-0001-0002.jpeg,NORMAL,0,normal,560,train,train
501,train/NORMAL/IM-0656-0001.jpeg,NORMAL,0,normal,560,train,train
502,train/NORMAL/IM-0657-0001.jpeg,NORMAL,0,normal,561,train,train
503,train/NORMAL/IM-0658-0001.jpeg,NORMAL,0,normal,562,train,val
504,train/NORMAL/IM-0659-0001.jpeg,NORMAL,0,normal,563,train,train
505,train/NORMAL/IM-0660-0001-0001.jpeg,NORMAL,0,normal,564,train,train
506,train/NORMAL/IM-0660-0001-0002.jpeg,NORMAL,0,normal,564,train,train
507,train/NORMAL/IM-0660-0001.jpeg,NORMAL,0,normal,564,train,train
508,train/NORMAL/IM-0661-0001.jpeg,NORMAL,0,normal,565,train,train
509,train/NORMAL/IM-0662-0001.jpeg,NORMAL,0,normal,566,train,train
510,train/NORMAL/IM-0663-0001.jpeg,NORMAL,0,normal,567,train,train
511,train/NORMAL/IM-0664-0001.jpeg,NORMAL,0,normal,568,train,train
512,train/NORMAL/IM-0665-0001.jpeg,NORMAL,0,normal,569,train,train
513,train/NORMAL/IM-0666-0001-0001.jpeg,NORMAL,0,normal,570,train,train
514,train/NORMAL/IM-0666-0001-0002.jpeg,NORMAL,0,normal,570,train,train
515,train/NORMAL/IM-0666-0001.jpeg,NORMAL,0,normal,570,train,train
516,train/NORMAL/IM-0667-0001.jpeg,NORMAL,0,normal,571,train,train
517,train/NORMAL/IM-0668-0001.jpeg,NORMAL,0,normal,572,train,train
518,train/NORMAL/IM-0669-0001.jpeg,NORMAL,0,normal,573,train,train
519,train/NORMAL/IM-0670-0001.jpeg,NORMAL,0,normal,574,train,train
520,train/NORMAL/IM-0671-0001.jpeg,NORMAL,0,normal,575,train,train
521,train/NORMAL/IM-0672-0001.jpeg,NORMAL,0,normal,576,train,train
522,train/NORMAL/IM-0673-0001.jpeg,NORMAL,0,normal,577,train,train
523,train/NORMAL/IM-0674-0001.jpeg,NORMAL,0,normal,578,train,test
524,train/NORMAL/IM-0675-0001.jpeg,NORMAL,0,normal,579,train,train
525,train/NORMAL/IM-0676-0001.jpeg,NORMAL,0,normal,580,train,test
526,train/NORMAL/IM-0677-0001.jpeg,NORMAL,0,normal,581,train,test
527,train/NORMAL/IM-0678-0001.jpeg,NORMAL,0,normal,582,train,train
528,train/NORMAL/IM-0679-0001.jpeg,NORMAL,0,normal,583,train,test
529,train/NORMAL/IM-0680-0001.jpeg,NORMAL,0,normal,584,train,train
530,train/NORMAL/IM-0681-0001.jpeg,NORMAL,0,normal,585,train,val
531,train/NORMAL/IM-0682-0001.jpeg,NORMAL,0,normal,586,train,train
532,train/NORMAL/IM-0683-0001.jpeg,NORMAL,0,normal,587,train,train
533,train/NORMAL/IM-0684-0001.jpeg,NORMAL,0,normal,588,train,train
534,train/NORMAL/IM-0685-0001.jpeg,NORMAL,0,normal,589,train,train
535,train/NORMAL/IM-0686-0001.jpeg,NORMAL,0,normal,590,train,train
536,train/NORMAL/IM-0687-0001.jpeg,NORMAL,0,normal,591,train,train
537,train/NORMAL/IM-0688-0001.jpeg,NORMAL,0,normal,592,train,train
538,train/NORMAL/IM-0689-0001.jpeg,NORMAL,0,normal,593,train,train
539,train/NORMAL/IM-0691-0001.jpeg,NORMAL,0,normal,595,train,test
540,train/NORMAL/IM-0692-0001.jpeg,NORMAL,0,normal,596,train,train
541,train/NORMAL/IM-0693-0001.jpeg,NORMAL,0,normal,597,train,train
542,train/NORMAL/IM-0694-0001.jpeg,NORMAL,0,normal,598,train,train
543,train/NORMAL/IM-0695-0001.jpeg,NORMAL,0,normal,599,train,train
544,train/NORMAL/IM-0696-0001.jpeg,NORMAL,0,normal,600,train,train
545,train/NORMAL/IM-0697-0001.jpeg,NORMAL,0,normal,601,train,test
546,train/NORMAL/IM-0698-0001.jpeg,NORMAL,0,normal,602,train,train
547,train/NORMAL/IM-0700-0001.jpeg,NORMAL,0,normal,604,train,train
548,train/NORMAL/IM-0701-0001.jpeg,NORMAL,0,normal,605,train,train
549,train/NORMAL/IM-0702-0001.jpeg,NORMAL,0,normal,606,train,train
550,train/NORMAL/IM-0703-0001.jpeg,NORMAL,0,normal,607,train,train
551,train/NORMAL/IM-0704-0001.jpeg,NORMAL,0,normal,608,train,val
552,train/NORMAL/IM-0705-0001.jpeg,NORMAL,0,normal,609,train,train
553,train/NORMAL/IM-0706-0001.jpeg,NORMAL,0,normal,610,train,train
554,train/NORMAL/IM-0707-0001.jpeg,NORMAL,0,normal,611,train,train
555,train/NORMAL/IM-0709-0001.jpeg,NORMAL,0,normal,612,train,val
556,train/NORMAL/IM-0710-0001.jpeg,NORMAL,0,normal,613,train,train
557,train/NORMAL/IM-0711-0001.jpeg,NORMAL,0,normal,614,train,val
558,train/NORMAL/IM-0712-0001.jpeg,NORMAL,0,normal,615,train,val
559,train/NORMAL/IM-0713-0001.jpeg,NORMAL,0,normal,616,train,test
560,train/NORMAL/IM-0714-0001.jpeg,NORMAL,0,normal,617,train,train
561,train/NORMAL/IM-0715-0001.jpeg,NORMAL,0,normal,618,train,train
562,train/NORMAL/IM-0716-0001.jpeg,NORMAL,0,normal,619,train,test
563,train/NORMAL/IM-0717-0001.jpeg,NORMAL,0,normal,620,train,val
564,train/NORMAL/IM-0718-0001.jpeg,NORMAL,0,normal,621,train,train
565,train/NORMAL/IM-0719-0001.jpeg,NORMAL,0,normal,622,train,train
566,train/NORMAL/IM-0721-0001.jpeg,NORMAL,0,normal,623,train,val
567,train/NORMAL/IM-0722-0001.jpeg,NORMAL,0,normal,624,train,val
568,train/NORMAL/IM-0724-0001.jpeg,NORMAL,0,normal,626,train,train
569,train/NORMAL/IM-0727-0001.jpeg,NORMAL,0,normal,628,train,train
570,train/NORMAL/IM-0728-0001.jpeg,NORMAL,0,normal,629,train,train
571,train/NORMAL/IM-0729-0001.jpeg,NORMAL,0,normal,630,train,train
572,train/NORMAL/IM-0730-0001.jpeg,NORMAL,0,normal,631,train,train
573,train/NORMAL/IM-0732-0001.jpeg,NORMAL,0,normal,632,train,train
574,train/NORMAL/IM-0733-0001.jpeg,NORMAL,0,normal,633,train,val
575,train/NORMAL/IM-0734-0001.jpeg,NORMAL,0,normal,634,train,val
576,train/NORMAL/IM-0735-0001.jpeg,NORMAL,0,normal,635,train,test
577,train/NORMAL/IM-0736-0001.jpeg,NORMAL,0,normal,636,train,train
578,train/NORMAL/IM-0737-0001.jpeg,NORMAL,0,normal,637,train,train
579,train/NORMAL/IM-0738-0001.jpeg,NORMAL,0,normal,638,train,test
580,train/NORMAL/IM-0739-0001.jpeg,NORMAL,0,normal,639,train,test
581,train/NORMAL/IM-0740-0001.jpeg,NORMAL,0,normal,640,train,test
582,train/NORMAL/IM-0741-0001.jpeg,NORMAL,0,normal,641,train,train
583,train/NORMAL/IM-0742-0001.jpeg,NORMAL,0,normal,642,train,val
584,train/NORMAL/IM-0746-0001.jpeg,NORMAL,0,normal,644,train,train
585,train/NORMAL/IM-0747-0001.jpeg,NORMAL,0,normal,645,train,test
586,train/NORMAL/IM-0748-0001.jpeg,NORMAL,0,normal,646,train,val
587,train/NORMAL/IM-0750-0001.jpeg,NORMAL,0,normal,648,train,train
588,train/NORMAL/IM-0751-0001.jpeg,NORMAL,0,normal,649,train,test
589,train/NORMAL/IM-0752-0001.jpeg,NORMAL,0,normal,650,train,train
590,train/NORMAL/IM-0753-0001.jpeg,NORMAL,0,normal,651,train,train
591,train/NORMAL/IM-0754-0001.jpeg,NORMAL,0,normal,652,train,val
592,train/NORMAL/IM-0755-0001.jpeg,NORMAL,0,normal,653,train,train
593,train/NORMAL/IM-0757-0001.jpeg,NORMAL,0,normal,654,train,train
594,train/NORMAL/IM-0761-0001.jpeg,NORMAL,0,normal,655,train,test
595,train/NORMAL/IM-0764-0001.jpeg,NORMAL,0,normal,656,train,train
596,train/NORMAL/IM-0766-0001.jpeg,NORMAL,0,normal,658,train,val
597,train/NORMAL/NORMAL2-IM-0383-0001.jpeg,NORMAL,0,normal,297,train,train
598,train/NORMAL/NORMAL2-IM-0384-0001.jpeg,NORMAL,0,normal,298,train,train
599,train/NORMAL/NORMAL2-IM-0385-0001.jpeg,NORMAL,0,normal,299,train,train
600,train/NORMAL/NORMAL2-IM-0386-0001.jpeg,NORMAL,0,normal,300,train,train
601,train/NORMAL/NORMAL2-IM-0388-0001.jpeg,NORMAL,0,normal,302,train,train
602,train/NORMAL/NORMAL2-IM-0389-0001.jpeg,NORMAL,0,normal,303,train,train
603,train/NORMAL/NORMAL2-IM-0390-0001.jpeg,NORMAL,0,normal,304,train,train
604,train/NORMAL/NORMAL2-IM-0391-0001.jpeg,NORMAL,0,normal,305,train,train
605,train/NORMAL/NORMAL2-IM-0392-0001.jpeg,NORMAL,0,normal,306,train,train
606,train/NORMAL/NORMAL2-IM-0393-0001.jpeg,NORMAL,0,normal,307,train,train
607,train/NORMAL/NORMAL2-IM-0394-0001.jpeg,NORMAL,0,normal,308,train,train
608,train/NORMAL/NORMAL2-IM-0395-0001-0001.jpeg,NORMAL,0,normal,309,train,train
609,train/NORMAL/NORMAL2-IM-0395-0001-0002.jpeg,NORMAL,0,normal,309,train,train
610,train/NORMAL/NORMAL2-IM-0395-0001.jpeg,NORMAL,0,normal,309,train,train
611,train/NORMAL/NORMAL2-IM-0396-0001.jpeg,NORMAL,0,normal,310,train,train
612,train/NORMAL/NORMAL2-IM-0397-0001.jpeg,NORMAL,0,normal,311,train,val
613,train/NORMAL/NORMAL2-IM-0399-0001.jpeg,NORMAL,0,normal,312,train,train
614,train/NORMAL/NORMAL2-IM-0401-0001.jpeg,NORMAL,0,normal,314,train,train
615,train/NORMAL/NORMAL2-IM-0402-0001.jpeg,NORMAL,0,normal,315,train,train
616,train/NORMAL/NORMAL2-IM-0403-0001.jpeg,NORMAL,0,normal,316,train,train
617,train/NORMAL/NORMAL2-IM-0404-0001.jpeg,NORMAL,0,normal,317,train,train
618,train/NORMAL/NORMAL2-IM-0406-0001.jpeg,NORMAL,0,normal,319,train,train
619,train/NORMAL/NORMAL2-IM-0407-0001.jpeg,NORMAL,0,normal,320,train,test
620,train/NORMAL/NORMAL2-IM-0408-0001.jpeg,NORMAL,0,normal,321,train,train
621,train/NORMAL/NORMAL2-IM-0409-0001.jpeg,NORMAL,0,normal,322,train,train
622,train/NORMAL/NORMAL2-IM-0410-0001.jpeg,NORMAL,0,normal,323,train,train
623,train/NORMAL/NORMAL2-IM-0412-0001.jpeg,NORMAL,0,normal,325,train,train
624,train/NORMAL/NORMAL2-IM-0413-0001.jpeg,NORMAL,0,normal,326,train,train
625,train/NORMAL/NORMAL2-IM-0414-0001.jpeg,NORMAL,0,normal,327,train,train
626,train/NORMAL/NORMAL2-IM-0415-0001.jpeg,NORMAL,0,normal,328,train,test
627,train/NORMAL/NORMAL2-IM-0416-0001-0001.jpeg,NORMAL,0,normal,329,train,train
628,train/NORMAL/NORMAL2-IM-0416-0001-0002.jpeg,NORMAL,0,normal,329,train,train
629,train/NORMAL/NORMAL2-IM-0416-0001.jpeg,NORMAL,0,normal,329,train,train
630,train/NORMAL/NORMAL2-IM-0417-0001.jpeg,NORMAL,0,normal,330,train,train
631,train/NORMAL/NORMAL2-IM-0418-0001.jpeg,NORMAL,0,normal,331,train,test
632,train/NORMAL/NORMAL2-IM-0419-0001.jpeg,NORMAL,0,normal,332,train,train
633,train/NORMAL/NORMAL2-IM-0421-0001.jpeg,NORMAL,0,normal,334,train,train
634,train/NORMAL/NORMAL2-IM-0423-0001.jpeg,NORMAL,0,normal,335,train,train
635,train/NORMAL/NORMAL2-IM-0424-0001.jpeg,NORMAL,0,normal,336,train,train
636,train/NORMAL/NORMAL2-IM-0425-0001.jpeg,NORMAL,0,normal,337,train,train
637,train/NORMAL/NORMAL2-IM-0427-0001.jpeg,NORMAL,0,normal,338,train,train
638,train/NORMAL/NORMAL2-IM-0428-0001.jpeg,NORMAL,0,normal,339,train,train
639,train/NORMAL/NORMAL2-IM-0429-0001.jpeg,NORMAL,0,normal,340,train,train
640,train/NORMAL/NORMAL2-IM-0433-0001.jpeg,NORMAL,0,normal,344,train,train
641,train/NORMAL/NORMAL2-IM-0435-0001.jpeg,NORMAL,0,normal,346,train,train
642,train/NORMAL/NORMAL2-IM-0437-0001.jpeg,NORMAL,0,normal,347,train,train
643,train/NORMAL/NORMAL2-IM-0439-0001.jpeg,NORMAL,0,normal,349,train,train
644,train/NORMAL/NORMAL2-IM-0440-0001.jpeg,NORMAL,0,normal,350,train,train
645,train/NORMAL/NORMAL2-IM-0441-0001.jpeg,NORMAL,0,normal,351,train,train
646,train/NORMAL/NORMAL2-IM-0443-0001.jpeg,NORMAL,0,normal,353,train,val
647,train/NORMAL/NORMAL2-IM-0445-0001.jpeg,NORMAL,0,normal,355,train,train
648,train/NORMAL/NORMAL2-IM-0447-0001.jpeg,NORMAL,0,normal,357,train,train
649,train/NORMAL/NORMAL2-IM-0448-0001.jpeg,NORMAL,0,normal,358,train,train
650,train/NORMAL/NORMAL2-IM-0449-0001.jpeg,NORMAL,0,normal,359,train,train
651,train/NORMAL/NORMAL2-IM-0450-0001.jpeg,NORMAL,0,normal,360,train,train
652,train/NORMAL/NORMAL2-IM-0451-0001.jpeg,NORMAL,0,normal,361,train,train
653,train/NORMAL/NORMAL2-IM-0452-0001.jpeg,NORMAL,0,normal,362,train,train
654,train/NORMAL/NORMAL2-IM-0453-0001.jpeg,NORMAL,0,normal,363,train,train
655,train/NORMAL/NORMAL2-IM-0454-0001.jpeg,NORMAL,0,normal,364,train,test
656,train/NORMAL/NORMAL2-IM-0455-0001.jpeg,NORMAL,0,normal,365,train,train
657,train/NORMAL/NORMAL2-IM-0456-0001.jpeg,NORMAL,0,normal,366,train,train
658,train/NORMAL/NORMAL2-IM-0458-0001.jpeg,NORMAL,0,normal,368,train,train
659,train/NORMAL/NORMAL2-IM-0460-0001.jpeg,NORMAL,0,normal,370,train,train
660,train/NORMAL/NORMAL2-IM-0462-0001.jpeg,NORMAL,0,normal,372,train,val
661,train/NORMAL/NORMAL2-IM-0463-0001.jpeg,NORMAL,0,normal,373,train,train
662,train/NORMAL/NORMAL2-IM-0464-0001.jpeg,NORMAL,0,normal,374,train,train
663,train/NORMAL/NORMAL2-IM-0465-0001.jpeg,NORMAL,0,normal,375,train,train
664,train/NORMAL/NORMAL2-IM-0466-0001.jpeg,NORMAL,0,normal,376,train,train
665,train/NORMAL/NORMAL2-IM-0468-0001.jpeg,NORMAL,0,normal,378,train,val
666,train/NORMAL/NORMAL2-IM-0472-0001.jpeg,NORMAL,0,normal,381,train,train
667,train/NORMAL/NORMAL2-IM-0473-0001.jpeg,NORMAL,0,normal,382,train,train
668,train/NORMAL/NORMAL2-IM-0474-0001.jpeg,NORMAL,0,normal,383,train,train
669,train/NORMAL/NORMAL2-IM-0475-0001.jpeg,NORMAL,0,normal,384,train,train
670,train/NORMAL/NORMAL2-IM-0476-0001.jpeg,NORMAL,0,normal,385,train,train
671,train/NORMAL/NORMAL2-IM-0478-0001.jpeg,NORMAL,0,normal,387,train,train
672,train/NORMAL/NORMAL2-IM-0479-0001.jpeg,NORMAL,0,normal,388,train,train
673,train/NORMAL/NORMAL2-IM-0480-0001.jpeg,NORMAL,0,normal,389,train,train
674,train/NORMAL/NORMAL2-IM-0481-0001.jpeg,NORMAL,0,normal,390,train,train
675,train/NORMAL/NORMAL2-IM-0482-0001.jpeg,NORMAL,0,normal,391,train,train
676,train/NORMAL/NORMAL2-IM-0485-0001.jpeg,NORMAL,0,normal,394,train,train
677,train/NORMAL/NORMAL2-IM-0486-0001.jpeg,NORMAL,0,normal,395,train,train
678,train/NORMAL/NORMAL2-IM-0487-0001.jpeg,NORMAL,0,normal,396,train,train
679,train/NORMAL/NORMAL2-IM-0488-0001.jpeg,NORMAL,0,normal,397,train,train
680,train/NORMAL/NORMAL2-IM-0489-0001.jpeg,NORMAL,0,normal,398,train,train
681,train/NORMAL/NORMAL2-IM-0490-0001.jpeg,NORMAL,0,normal,399,train,train
682,train/NORMAL/NORMAL2-IM-0491-0001.jpeg,NORMAL,0,normal,400,train,train
683,train/NORMAL/NORMAL2-IM-0493-0001.jpeg,NORMAL,0,normal,402,train,train
684,train/NORMAL/NORMAL2-IM-0496-0001.jpeg,NORMAL,0,normal,405,train,train
685,train/NORMAL/NORMAL2-IM-0497-0001.jpeg,NORMAL,0,normal,406,train,train
686,train/NORMAL/NORMAL2-IM-0499-0001.jpeg,NORMAL,0,normal,407,train,train
687,train/NORMAL/NORMAL2-IM-0500-0001.jpeg,NORMAL,0,normal,408,train,train
688,train/NORMAL/NORMAL2-IM-0501-0001.jpeg,NORMAL,0,normal,409,train,train
689,train/NORMAL/NORMAL2-IM-0502-0001.jpeg,NORMAL,0,normal,410,train,train
690,train/NORMAL/NORMAL2-IM-0503-0001.jpeg,NORMAL,0,normal,411,train,train
691,train/NORMAL/NORMAL2-IM-0506-0001.jpeg,NORMAL,0,normal,414,train,train
692,train/NORMAL/NORMAL2-IM-0507-0001.jpeg,NORMAL,0,normal,415,train,train
693,train/NORMAL/NORMAL2-IM-0508-0001.jpeg,NORMAL,0,normal,416,train,train
694,train/NORMAL/NORMAL2-IM-0509-0001.jpeg,NORMAL,0,normal,417,train,train
695,train/NORMAL/NORMAL2-IM-0511-0001.jpeg,NORMAL,0,normal,419,train,train
696,train/NORMAL/NORMAL2-IM-0512-0001.jpeg,NORMAL,0,normal,420,train,train
697,train/NORMAL/NORMAL2-IM-0513-0001.jpeg,NORMAL,0,normal,421,train,train
698,train/NORMAL/NORMAL2-IM-0515-0001.jpeg,NORMAL,0,normal,423,train,train
699,train/NORMAL/NORMAL2-IM-0516-0001.jpeg,NORMAL,0,normal,424,train,train
700,train/NORMAL/NORMAL2-IM-0517-0001.jpeg,NORMAL,0,normal,425,train,train
701,train/NORMAL/NORMAL2-IM-0518-0001.jpeg,NORMAL,0,normal,426,train,train
702,train/NORMAL/NORMAL2-IM-0520-0001.jpeg,NORMAL,0,normal,428,train,train
703,train/NORMAL/NORMAL2-IM-0521-0001.jpeg,NORMAL,0,normal,429,train,train
704,train/NORMAL/NORMAL2-IM-0522-0001.jpeg,NORMAL,0,normal,430,train,train
705,train/NORMAL/NORMAL2-IM-0523-0001.jpeg,NORMAL,0,normal,431,train,train
706,train/NORMAL/NORMAL2-IM-0525-0001.jpeg,NORMAL,0,normal,433,train,train
707,train/NORMAL/NORMAL2-IM-0526-0001.jpeg,NORMAL,0,normal,434,train,train
708,train/NORMAL/NORMAL2-IM-0528-0001.jpeg,NORMAL,0,normal,436,train,train
709,train/NORMAL/NORMAL2-IM-0529-0001.jpeg,NORMAL,0,normal,437,train,train
710,train/NORMAL/NORMAL2-IM-0530-0001.jpeg,NORMAL,0,normal,438,train,train
711,train/NORMAL/NORMAL2-IM-0531-0001.jpeg,NORMAL,0,normal,439,train,train
712,train/NORMAL/NORMAL2-IM-0533-0001.jpeg,NORMAL,0,normal,441,train,train
713,train/NORMAL/NORMAL2-IM-0535-0001-0002.jpeg,NORMAL,0,normal,443,train,train
714,train/NORMAL/NORMAL2-IM-0535-0001.jpeg,NORMAL,0,normal,443,train,train
715,train/NORMAL/NORMAL2-IM-0536-0001.jpeg,NORMAL,0,normal,444,train,train
716,train/NORMAL/NORMAL2-IM-0537-0001.jpeg,NORMAL,0,normal,445,train,train
717,train/NORMAL/NORMAL2-IM-0539-0001.jpeg,NORMAL,0,normal,447,train,train
718,train/NORMAL/NORMAL2-IM-0540-0001.jpeg,NORMAL,0,normal,448,train,train
719,train/NORMAL/NORMAL2-IM-0541-0001.jpeg,NORMAL,0,normal,449,train,train
720,train/NORMAL/NORMAL2-IM-0543-0001.jpeg,NORMAL,0,normal,451,train,train
721,train/NORMAL/NORMAL2-IM-0545-0001.jpeg,NORMAL,0,normal,453,train,train
722,train/NORMAL/NORMAL2-IM-0547-0001.jpeg,NORMAL,0,normal,455,train,train
723,train/NORMAL/NORMAL2-IM-0550-0001.jpeg,NORMAL,0,normal,458,train,val
724,train/NORMAL/NORMAL2-IM-0551-0001.jpeg,NORMAL,0,normal,459,train,train
725,train/NORMAL/NORMAL2-IM-0552-0001.jpeg,NORMAL,0,normal,460,train,train
726,train/NORMAL/NORMAL2-IM-0553-0001.jpeg,NORMAL,0,normal,461,train,train
727,train/NORMAL/NORMAL2-IM-0554-0001.jpeg,NORMAL,0,normal,462,train,train
728,train/NORMAL/NORMAL2-IM-0555-0001-0001.jpeg,NORMAL,0,normal,463,train,train
729,train/NORMAL/NORMAL2-IM-0555-0001-0002.jpeg,NORMAL,0,normal,463,train,train
730,train/NORMAL/NORMAL2-IM-0555-0001.jpeg,NORMAL,0,normal,463,train,train
731,train/NORMAL/NORMAL2-IM-0557-0001.jpeg,NORMAL,0,normal,465,train,train
732,train/NORMAL/NORMAL2-IM-0558-0001.jpeg,NORMAL,0,normal,466,train,test
733,train/NORMAL/NORMAL2-IM-0559-0001.jpeg,NORMAL,0,normal,467,train,train
734,train/NORMAL/NORMAL2-IM-0561-0001.jpeg,NORMAL,0,normal,469,train,train
735,train/NORMAL/NORMAL2-IM-0563-0001.jpeg,NORMAL,0,normal,471,train,train
736,train/NORMAL/NORMAL2-IM-0564-0001.jpeg,NORMAL,0,normal,472,train,train
737,train/NORMAL/NORMAL2-IM-0566-0001.jpeg,NORMAL,0,normal,474,train,train
738,train/NORMAL/NORMAL2-IM-0567-0001.jpeg,NORMAL,0,normal,475,train,train
739,train/NORMAL/NORMAL2-IM-0568-0001.jpeg,NORMAL,0,normal,476,train,train
740,train/NORMAL/NORMAL2-IM-0569-0001.jpeg,NORMAL,0,normal,477,train,train
741,train/NORMAL/NORMAL2-IM-0571-0001.jpeg,NORMAL,0,normal,479,train,train
742,train/NORMAL/NORMAL2-IM-0572-0001.jpeg,NORMAL,0,normal,480,train,test
743,train/NORMAL/NORMAL2-IM-0573-0001.jpeg,NORMAL,0,normal,481,train,train
744,train/NORMAL/NORMAL2-IM-0575-0001.jpeg,NORMAL,0,normal,483,train,train
745,train/NORMAL/NORMAL2-IM-0576-0001.jpeg,NORMAL,0,normal,484,train,test
746,train/NORMAL/NORMAL2-IM-0577-0001.jpeg,NORMAL,0,normal,485,train,train
747,train/NORMAL/NORMAL2-IM-0578-0001.jpeg,NORMAL,0,normal,486,train,train
748,train/NORMAL/NORMAL2-IM-0579-0001.jpeg,NORMAL,0,normal,487,train,train
749,train/NORMAL/NORMAL2-IM-0580-0001.jpeg,NORMAL,0,normal,488,train,train
750,train/NORMAL/NORMAL2-IM-0582-0001.jpeg,NORMAL,0,normal,490,train,train
751,train/NORMAL/NORMAL2-IM-0583-0001.jpeg,NORMAL,0,normal,491,train,train
752,train/NORMAL/NORMAL2-IM-0585-0001.jpeg,NORMAL,0,normal,493,train,val
753,train/NORMAL/NORMAL2-IM-0587-0001-0001.jpeg,NORMAL,0,normal,495,train,train
755,train/NORMAL/NORMAL2-IM-0587-0001.jpeg,NORMAL,0,normal,495,train,train
756,train/NORMAL/NORMAL2-IM-0588-0001.jpeg,NORMAL,0,normal,496,train,train
757,train/NORMAL/NORMAL2-IM-0589-0001.jpeg,NORMAL,0,normal,497,train,train
758,train/NORMAL/NORMAL2-IM-0592-0001.jpeg,NORMAL,0,normal,500,train,train
759,train/NORMAL/NORMAL2-IM-0594-0001.jpeg,NORMAL,0,normal,502,train,train
760,train/NORMAL/NORMAL2-IM-0595-0001.jpeg,NORMAL,0,normal,503,train,train
761,train/NORMAL/NORMAL2-IM-0596-0001.jpeg,NORMAL,0,normal,504,train,train
762,train/NORMAL/NORMAL2-IM-0599-0001.jpeg,NORMAL,0,normal,506,train,train
763,train/NORMAL/NORMAL2-IM-0600-0001.jpeg,NORMAL,0,normal,507,train,train
764,train/NORMAL/NORMAL2-IM-0601-0001.jpeg,NORMAL,0,normal,508,train,train
765,train/NORMAL/NORMAL2-IM-0602-0001.jpeg,NORMAL,0,normal,509,train,train
766,train/NORMAL/NORMAL2-IM-0603-0001.jpeg,NORMAL,0,normal,510,train,val
767,train/NORMAL/NORMAL2-IM-0604-0001.jpeg,NORMAL,0,normal,511,train,train
768,train/NORMAL/NORMAL2-IM-0609-0001.jpeg,NORMAL,0,normal,516,train,train
769,train/NORMAL/NORMAL2-IM-0611-0001.jpeg,NORMAL,0,normal,517,train,val
770,train/NORMAL/NORMAL2-IM-0616-0001.jpeg,NORMAL,0,normal,522,train,train
771,train/NORMAL/NORMAL2-IM-0617-0001.jpeg,NORMAL,0,normal,523,train,train
772,train/NORMAL/NORMAL2-IM-0618-0001.jpeg,NORMAL,0,normal,524,train,train
773,train/NORMAL/NORMAL2-IM-0619-0001.jpeg,NORMAL,0,normal,525,train,train
774,train/NORMAL/NORMAL2-IM-0620-0001.jpeg,NORMAL,0,normal,526,train,train
775,train/NORMAL/NORMAL2-IM-0621-0001.jpeg,NORMAL,0,normal,527,train,train
776,train/NORMAL/NORMAL2-IM-0622-0001.jpeg,NORMAL,0,normal,528,train,train
777,train/NORMAL/NORMAL2-IM-0623-0001.jpeg,NORMAL,0,normal,529,train,train
778,train/NORMAL/NORMAL2-IM-0626-0001.jpeg,NORMAL,0,normal,532,train,train
779,train/NORMAL/NORMAL2-IM-0627-0001.jpeg,NORMAL,0,normal,533,train,train
780,train/NORMAL/NORMAL2-IM-0629-0001.jpeg,NORMAL,0,normal,535,train,train
781,train/NORMAL/NORMAL2-IM-0630-0001.jpeg,NORMAL,0,normal,536,train,train
782,train/NORMAL/NORMAL2-IM-0633-0001.jpeg,NORMAL,0,normal,539,train,train
783,train/NORMAL/NORMAL2-IM-0634-0001.jpeg,NORMAL,0,normal,540,train,train
784,train/NORMAL/NORMAL2-IM-0635-0001.jpeg,NORMAL,0,normal,541,train,train
785,train/NORMAL/NORMAL2-IM-0636-0001.jpeg,NORMAL,0,normal,542,train,train
786,train/NORMAL/NORMAL2-IM-0637-0001.jpeg,NORMAL,0,normal,543,train,train
787,train/NORMAL/NORMAL2-IM-0640-0001.jpeg,NORMAL,0,normal,544,train,train
788,train/NORMAL/NORMAL2-IM-0641-0001.jpeg,NORMAL,0,normal,545,train,train
789,train/NORMAL/NORMAL2-IM-0642-0001.jpeg,NORMAL,0,normal,546,train,train
790,train/NORMAL/NORMAL2-IM-0643-0001.jpeg,NORMAL,0,normal,547,train,train
791,train/NORMAL/NORMAL2-IM-0645-0001.jpeg,NORMAL,0,normal,549,train,train
792,train/NORMAL/NORMAL2-IM-0647-0001.jpeg,NORMAL,0,normal,551,train,train
793,train/NORMAL/NORMAL2-IM-0648-0001.jpeg,NORMAL,0,normal,552,train,train
794,train/NORMAL/NORMAL2-IM-0649-0001.jpeg,NORMAL,0,normal,553,train,train
795,train/NORMAL/NORMAL2-IM-0650-0001.jpeg,NORMAL,0,normal,554,train,train
796,train/NORMAL/NORMAL2-IM-0651-0001.jpeg,NORMAL,0,normal,555,train,train
797,train/NORMAL/NORMAL2-IM-0651-0004.jpeg,NORMAL,0,normal,555,train,train
798,train/NORMAL/NORMAL2-IM-0652-0001.jpeg,NORMAL,0,normal,556,train,train
799,train/NORMAL/NORMAL2-IM-0653-0001.jpeg,NORMAL,0,normal,557,train,train
800,train/NORMAL/NORMAL2-IM-0654-0001.jpeg,NORMAL,0,normal,558,train,train
801,train/NORMAL/NORMAL2-IM-0655-0001.jpeg,NORMAL,0,normal,559,train,train
802,train/NORMAL/NORMAL2-IM-0657-0001.jpeg,NORMAL,0,normal,561,train,train
803,train/NORMAL/NORMAL2-IM-0659-0001.jpeg,NORMAL,0,normal,563,train,train
804,train/NORMAL/NORMAL2-IM-0660-0001.jpeg,NORMAL,0,normal,564,train,train
805,train/NORMAL/NORMAL2-IM-0661-0001.jpeg,NORMAL,0,normal,565,train,train
806,train/NORMAL/NORMAL2-IM-0662-0001.jpeg,NORMAL,0,normal,566,train,train
807,train/NORMAL/NORMAL2-IM-0663-0001.jpeg,NORMAL,0,normal,567,train,train
808,train/NORMAL/NORMAL2-IM-0664-0001.jpeg,NORMAL,0,normal,568,train,train
809,train/NORMAL/NORMAL2-IM-0665-0001.jpeg,NORMAL,0,normal,569,train,train
810,train/NORMAL/NORMAL2-IM-0666-0001.jpeg,NORMAL,0,normal,570,train,train
811,train/NORMAL/NORMAL2-IM-0667-0001.jpeg,NORMAL,0,normal,571,train,train
812,train/NORMAL/NORMAL2-IM-0668-0001.jpeg,NORMAL,0,normal,572,train,train
813,train/NORMAL/NORMAL2-IM-0669-0001.jpeg,NORMAL,0,normal,573,train,train
814,train/NORMAL/NORMAL2-IM-0671-0001.jpeg,NORMAL,0,normal,575,train,train
815,train/NORMAL/NORMAL2-IM-0672-0001.jpeg,NORMAL,0,normal,576,train,train
816,train/NORMAL/NORMAL2-IM-0673-0001.jpeg,NORMAL,0,normal,577,train,train
817,train/NORMAL/NORMAL2-IM-0675-0001.jpeg,NORMAL,0,normal,579,train,train
818,train/NORMAL/NORMAL2-IM-0678-0001.jpeg,NORMAL,0,normal,582,train,train
819,train/NORMAL/NORMAL2-IM-0680-0001.jpeg,NORMAL,0,normal,584,train,train
820,train/NORMAL/NORMAL2-IM-0682-0001.jpeg,NORMAL,0,normal,586,train,train
821,train/NORMAL/NORMAL2-IM-0683-0001.jpeg,NORMAL,0,normal,587,train,train
822,train/NORMAL/NORMAL2-IM-0684-0001-0001.jpeg,NORMAL,0,normal,588,train,train
823,train/NORMAL/NORMAL2-IM-0686-0001.jpeg,NORMAL,0,normal,590,train,train
824,train/NORMAL/NORMAL2-IM-0687-0001.jpeg,NORMAL,0,normal,591,train,train
825,train/NORMAL/NORMAL2-IM-0689-0001.jpeg,NORMAL,0,normal,593,train,train
826,train/NORMAL/NORMAL2-IM-0690-0001.jpeg,NORMAL,0,normal,594,train,val
827,train/NORMAL/NORMAL2-IM-0692-0001.jpeg,NORMAL,0,normal,596,train,train
828,train/NORMAL/NORMAL2-IM-0693-0001.jpeg,NORMAL,0,normal,597,train,train
829,train/NORMAL/NORMAL2-IM-0694-0001.jpeg,NORMAL,0,normal,598,train,train
830,train/NORMAL/NORMAL2-IM-0695-0001.jpeg,NORMAL,0,normal,599,train,train
831,train/NORMAL/NORMAL2-IM-0696-0001.jpeg,NORMAL,0,normal,600,train,train
832,train/NORMAL/NORMAL2-IM-0698-0001.jpeg,NORMAL,0,normal,602,train,train
833,train/NORMAL/NORMAL2-IM-0699-0001.jpeg,NORMAL,0,normal,603,train,val
834,train/NORMAL/NORMAL2-IM-0700-0001.jpeg,NORMAL,0,normal,604,train,train
835,train/NORMAL/NORMAL2-IM-0702-0001.jpeg,NORMAL,0,normal,606,train,train
836,train/NORMAL/NORMAL2-IM-0705-0001.jpeg,NORMAL,0,normal,609,train,train
837,train/NORMAL/NORMAL2-IM-0707-0001.jpeg,NORMAL,0,normal,611,train,train
838,train/NORMAL/NORMAL2-IM-0718-0001.jpeg,NORMAL,0,normal,621,train,train
839,train/NORMAL/NORMAL2-IM-0719-0001.jpeg,NORMAL,0,normal,622,train,train
840,train/NORMAL/NORMAL2-IM-0723-0001.jpeg,NORMAL,0,normal,625,train,test
841,train/NORMAL/NORMAL2-IM-0725-0001.jpeg,NORMAL,0,normal,627,train,test
842,train/NORMAL/NORMAL2-IM-0727-0001.jpeg,NORMAL,0,normal,628,train,train
843,train/NORMAL/NORMAL2-IM-0730-0001.jpeg,NORMAL,0,normal,631,train,train
844,train/NORMAL/NORMAL2-IM-0736-0001.jpeg,NORMAL,0,normal,636,train,train
845,train/NORMAL/NORMAL2-IM-0741-0001.jpeg,NORMAL,0,normal,641,train,train
846,train/NORMAL/NORMAL2-IM-0744-0001.jpeg,NORMAL,0,normal,643,train,val
847,train/NORMAL/NORMAL2-IM-0746-0001.jpeg,NORMAL,0,normal,644,train,train
848,train/NORMAL/NORMAL2-IM-0749-0001.jpeg,NORMAL,0,normal,647,train,test
849,train/NORMAL/NORMAL2-IM-0753-0001.jpeg,NORMAL,0,normal,651,train,train
850,train/NORMAL/NORMAL2-IM-0757-0001.jpeg,NORMAL,0,normal,654,train,train
851,train/NORMAL/NORMAL2-IM-0765-0001.jpeg,NORMAL,0,normal,657,train,test
852,train/NORMAL/NORMAL2-IM-0771-0001.jpeg,NORMAL,0,normal,659,train,test
853,train/NORMAL/NORMAL2-IM-0772-0001.jpeg,NORMAL,0,normal,660,train,train
854,train/NORMAL/NORMAL2-IM-0774-0001.jpeg,NORMAL,0,normal,661,train,train
855,train/NORMAL/NORMAL2-IM-0775-0001.jpeg,NORMAL,0,normal,662,train,train
856,train/NORMAL/NORMAL2-IM-0776-0001.jpeg,NORMAL,0,normal,663,train,val
857,train/NORMAL/NORMAL2-IM-0777-0001.jpeg,NORMAL,0,normal,664,train,test
858,train/NORMAL/NORMAL2-IM-0780-0001.jpeg,NORMAL,0,normal,665,train,train
859,train/NORMAL/NORMAL2-IM-0781-0001.jpeg,NORMAL,0,normal,666,train,test
860,train/NORMAL/NORMAL2-IM-0790-0001.jpeg,NORMAL,0,normal,667,train,test
861,train/NORMAL/NORMAL2-IM-0793-0001.jpeg,NORMAL,0,normal,668,train,test
862,train/NORMAL/NORMAL2-IM-0796-0001.jpeg,NORMAL,0,normal,669,train,val
863,train/NORMAL/NORMAL2-IM-0797-0001.jpeg,NORMAL,0,normal,670,train,test
864,train/NORMAL/NORMAL2-IM-0798-0001.jpeg,NORMAL,0,normal,671,train,val
865,train/NORMAL/NORMAL2-IM-0799-0001.jpeg,NORMAL,0,normal,672,train,test
866,train/NORMAL/NORMAL2-IM-0803-0001.jpeg,NORMAL,0,normal,673,train,val
867,train/NORMAL/NORMAL2-IM-0804-0001.jpeg,NORMAL,0,normal,674,train,test
868,train/NORMAL/NORMAL2-IM-0806-0001.jpeg,NORMAL,0,normal,675,train,train
869,train/NORMAL/NORMAL2-IM-0807-0001.jpeg,NORMAL,0,normal,676,train,train
870,train/NORMAL/NORMAL2-IM-0808-0001.jpeg,NORMAL,0,normal,677,train,test
871,train/NORMAL/NORMAL2-IM-0809-0001.jpeg,NORMAL,0,normal,678,train,val
872,train/NORMAL/NORMAL2-IM-0810-0001.jpeg,NORMAL,0,normal,679,train,train
873,train/NORMAL/NORMAL2-IM-0811-0001.jpeg,NORMAL,0,normal,680,train,test
874,train/NORMAL/NORMAL2-IM-0812-0001.jpeg,NORMAL,0,normal,681,train,test
875,train/NORMAL/NORMAL2-IM-0814-0001.jpeg,NORMAL,0,normal,682,train,val
876,train/NORMAL/NORMAL2-IM-0815-0001.jpeg,NORMAL,0,normal,683,train,train
877,train/NORMAL/NORMAL2-IM-0816-0001.jpeg,NORMAL,0,normal,684,train,test
878,train/NORMAL/NORMAL2-IM-0818-0001-0002.jpeg,NORMAL,0,normal,685,train,train
879,train/NORMAL/NORMAL2-IM-0818-0001.jpeg,NORMAL,0,normal,685,train,train
880,train/NORMAL/NORMAL2-IM-0819-0001.jpeg,NORMAL,0,normal,686,train,test
881,train/NORMAL/NORMAL2-IM-0820-0001.jpeg,NORMAL,0,normal,687,train,val
882,train/NORMAL/NORMAL2-IM-0821-0001.jpeg,NORMAL,0,normal,688,train,val
883,train/NORMAL/NORMAL2-IM-0822-0001.jpeg,NORMAL,0,normal,689,train,test
884,train/NORMAL/NORMAL2-IM-0824-0001.jpeg,NORMAL,0,normal,690,train,train
885,train/NORMAL/NORMAL2-IM-0825-0001.jpeg,NORMAL,0,normal,691,train,test
886,train/NORMAL/NORMAL2-IM-0826-0001.jpeg,NORMAL,0,normal,692,train,val
887,train/NORMAL/NORMAL2-IM-0827-0001.jpeg,NORMAL,0,normal,693,train,train
888,train/NORMAL/NORMAL2-IM-0828-0001.jpeg,NORMAL,0,normal,694,train,test
889,train/NORMAL/NORMAL2-IM-0829-0001.jpeg,NORMAL,0,normal,695,train,train
890,train/NORMAL/NORMAL2-IM-0830-0001.jpeg,NORMAL,0,normal,696,train,val
891,train/NORMAL/NORMAL2-IM-0831-0001.jpeg,NORMAL,0,normal,697,train,val
892,train/NORMAL/NORMAL2-IM-0832-0001-0001.jpeg,NORMAL,0,normal,698,train,train
893,train/NORMAL/NORMAL2-IM-0832-0001-0002.jpeg,NORMAL,0,normal,698,train,train
894,train/NORMAL/NORMAL2-IM-0832-0001.jpeg,NORMAL,0,normal,698,train,train
895,train/NORMAL/NORMAL2-IM-0833-0001.jpeg,NORMAL,0,normal,699,train,train
896,train/NORMAL/NORMAL2-IM-0834-0001.jpeg,NORMAL,0,normal,700,train,train
897,train/NORMAL/NORMAL2-IM-0836-0001.jpeg,NORMAL,0,normal,701,train,val
898,train/NORMAL/NORMAL2-IM-0837-0001.jpeg,NORMAL,0,normal,702,train,test
899,train/NORMAL/NORMAL2-IM-0838-0001.jpeg,NORMAL,0,normal,703,train,test
900,train/NORMAL/NORMAL2-IM-0839-0001.jpeg,NORMAL,0,normal,704,train,train
901,train/NORMAL/NORMAL2-IM-0840-0001.jpeg,NORMAL,0,normal,705,train,train
902,train/NORMAL/NORMAL2-IM-0841-0001.jpeg,NORMAL,0,normal,706,train,train
903,train/NORMAL/NORMAL2-IM-0842-0001.jpeg,NORMAL,0,normal,707,train,val
904,train/NORMAL/NORMAL2-IM-0843-0001.jpeg,NORMAL,0,normal,708,train,train
905,train/NORMAL/NORMAL2-IM-0845-0001.jpeg,NORMAL,0,normal,709,train,train
906,train/NORMAL/NORMAL2-IM-0846-0001.jpeg,NORMAL,0,normal,710,train,val
907,train/NORMAL/NORMAL2-IM-0847-0001.jpeg,NORMAL,0,normal,711,train,val
908,train/NORMAL/NORMAL2-IM-0848-0001.jpeg,NORMAL,0,normal,712,train,train
909,train/NORMAL/NORMAL2-IM-0849-0001.jpeg,NORMAL,0,normal,713,train,val
910,train/NORMAL/NORMAL2-IM-0851-0001-0001.jpeg,NORMAL,0,normal,714,train,train
911,train/NORMAL/NORMAL2-IM-0851-0001-0002.jpeg,NORMAL,0,normal,714,train,train
912,train/NORMAL/NORMAL2-IM-0851-0001.jpeg,NORMAL,0,normal,714,train,train
913,train/NORMAL/NORMAL2-IM-0852-0001.jpeg,NORMAL,0,normal,715,train,test
914,train/NORMAL/NORMAL2-IM-0853-0001.jpeg,NORMAL,0,normal,716,train,test
915,train/NORMAL/NORMAL2-IM-0854-0001.jpeg,NORMAL,0,normal,717,train,val
916,train/NORMAL/NORMAL2-IM-0855-0001.jpeg,NORMAL,0,normal,718,train,val
917,train/NORMAL/NORMAL2-IM-0856-0001.jpeg,NORMAL,0,normal,719,train,test
918,train/NORMAL/NORMAL2-IM-0857-0001.jpeg,NORMAL,0,normal,720,train,val
919,train/NORMAL/NORMAL2-IM-0858-0001.jpeg,NORMAL,0,normal,721,train,test
920,train/NORMAL/NORMAL2-IM-0859-0001.jpeg,NORMAL,0,normal,722,train,test
921,train/NORMAL/NORMAL2-IM-0860-0001.jpeg,NORMAL,0,normal,723,train,val
922,train/NORMAL/NORMAL2-IM-0862-0001.jpeg,NORMAL,0,normal,724,train,val
923,train/NORMAL/NORMAL2-IM-0863-0001.jpeg,NORMAL,0,normal,725,train,train
924,train/NORMAL/NORMAL2-IM-0865-0001.jpeg,NORMAL,0,normal,726,train,test
925,train/NORMAL/NORMAL2-IM-0866-0001.jpeg,NORMAL,0,normal,727,train,train
926,train/NORMAL/NORMAL2-IM-0867-0001.jpeg,NORMAL,0,normal,728,train,test
927,train/NORMAL/NORMAL2-IM-0868-0001.jpeg,NORMAL,0,normal,729,train,val
928,train/NORMAL/NORMAL2-IM-0869-0001.jpeg,NORMAL,0,normal,730,train,test
929,train/NORMAL/NORMAL2-IM-0870-0001.jpeg,NORMAL,0,normal,731,train,val
930,train/NORMAL/NORMAL2-IM-0871-0001.jpeg,NORMAL,0,normal,732,train,train
931,train/NORMAL/NORMAL2-IM-0872-0001.jpeg,NORMAL,0,normal,733,train,val
932,train/NORMAL/NORMAL2-IM-0873-0001.jpeg,NORMAL,0,normal,734,train,test
933,train/NORMAL/NORMAL2-IM-0874-0001.jpeg,NORMAL,0,normal,735,train,val
934,train/NORMAL/NORMAL2-IM-0875-0001.jpeg,NORMAL,0,normal,736,train,train
935,train/NORMAL/NORMAL2-IM-0876-0001.jpeg,NORMAL,0,normal,737,train,test
936,train/NORMAL/NORMAL2-IM-0877-0001.jpeg,NORMAL,0,normal,738,train,train
937,train/NORMAL/NORMAL2-IM-0879-0001.jpeg,NORMAL,0,normal,739,train,train
938,train/NORMAL/NORMAL2-IM-0880-0001.jpeg,NORMAL,0,normal,740,train,val
939,train/NORMAL/NORMAL2-IM-0881-0001.jpeg,NORMAL,0,normal,741,train,train
940,train/NORMAL/NORMAL2-IM-0882-0001.jpeg,NORMAL,0,normal,742,train,val
941,train/NORMAL/NORMAL2-IM-0885-0001.jpeg,NORMAL,0,normal,743,train,test
942,train/NORMAL/NORMAL2-IM-0886-0001.jpeg,NORMAL,0,normal,744,train,val
943,train/NORMAL/NORMAL2-IM-0887-0001.jpeg,NORMAL,0,normal,745,train,train
944,train/NORMAL/NORMAL2-IM-0888-0001.jpeg,NORMAL,0,normal,746,train,train
945,train/NORMAL/NORMAL2-IM-0890-0001.jpeg,NORMAL,0,normal,747,train,train
946,train/NORMAL/NORMAL2-IM-0892-0001.jpeg,NORMAL,0,normal,748,train,val
947,train/NORMAL/NORMAL2-IM-0893-0001.jpeg,NORMAL,0,normal,749,train,test
948,train/NORMAL/NORMAL2-IM-0894-0001.jpeg,NORMAL,0,normal,750,train,test
949,train/NORMAL/NORMAL2-IM-0895-0001.jpeg,NORMAL,0,normal,751,train,train
950,train/NORMAL/NORMAL2-IM-0896-0001.jpeg,NORMAL,0,normal,752,train,train
951,train/NORMAL/NORMAL2-IM-0897-0001.jpeg,NORMAL,0,normal,753,train,val
952,train/NORMAL/NORMAL2-IM-0898-0001.jpeg,NORMAL,0,normal,754,train,train
953,train/NORMAL/NORMAL2-IM-0899-0001.jpeg,NORMAL,0,normal,755,train,val
954,train/NORMAL/NORMAL2-IM-0900-0001.jpeg,NORMAL,0,normal,756,train,train
955,train/NORMAL/NORMAL2-IM-0903-0001.jpeg,NORMAL,0,normal,757,train,val
956,train/NORMAL/NORMAL2-IM-0904-0001.jpeg,NORMAL,0,normal,758,train,test
957,train/NORMAL/NORMAL2-IM-0905-0001.jpeg,NORMAL,0,normal,759,train,test
958,train/NORMAL/NORMAL2-IM-0906-0001.jpeg,NORMAL,0,normal,760,train,train
959,train/NORMAL/NORMAL2-IM-0907-0001.jpeg,NORMAL,0,normal,761,train,train
960,train/NORMAL/NORMAL2-IM-0908-0001.jpeg,NORMAL,0,normal,762,train,val
961,train/NORMAL/NORMAL2-IM-0909-0001.jpeg,NORMAL,0,normal,763,train,train
962,train/NORMAL/NORMAL2-IM-0910-0001.jpeg,NORMAL,0,normal,764,train,test
963,train/NORMAL/NORMAL2-IM-0911-0001.jpeg,NORMAL,0,normal,765,train,test
964,train/NORMAL/NORMAL2-IM-0912-0001.jpeg,NORMAL,0,normal,766,train,val
965,train/NORMAL/NORMAL2-IM-0913-0001.jpeg,NORMAL,0,normal,767,train,train
966,train/NORMAL/NORMAL2-IM-0914-0001.jpeg,NORMAL,0,normal,768,train,train
967,train/NORMAL/NORMAL2-IM-0915-0001.jpeg,NORMAL,0,normal,769,train,test
968,train/NORMAL/NORMAL2-IM-0917-0001.jpeg,NORMAL,0,normal,770,train,test
969,train/NORMAL/NORMAL2-IM-0918-0001.jpeg,NORMAL,0,normal,771,train,test
970,train/NORMAL/NORMAL2-IM-0919-0001.jpeg,NORMAL,0,normal,772,train,train
971,train/NORMAL/NORMAL2-IM-0922-0001.jpeg,NORMAL,0,normal,773,train,train
972,train/NORMAL/NORMAL2-IM-0923-0001.jpeg,NORMAL,0,normal,774,train,test
973,train/NORMAL/NORMAL2-IM-0924-0001.jpeg,NORMAL,0,normal,775,train,test
974,train/NORMAL/NORMAL2-IM-0925-0001.jpeg,NORMAL,0,normal,776,train,train
975,train/NORMAL/NORMAL2-IM-0926-0001.jpeg,NORMAL,0,normal,777,train,test
976,train/NORMAL/NORMAL2-IM-0927-0001.jpeg,NORMAL,0,normal,778,train,train
977,train/NORMAL/NORMAL2-IM-0929-0001.jpeg,NORMAL,0,normal,779,train,val
978,train/NORMAL/NORMAL2-IM-0930-0001.jpeg,NORMAL,0,normal,780,train,val
979,train/NORMAL/NORMAL2-IM-0931-0001.jpeg,NORMAL,0,normal,781,train,test
980,train/NORMAL/NORMAL2-IM-0932-0001.jpeg,NORMAL,0,normal,782,train,train
981,train/NORMAL/NORMAL2-IM-0933-0001.jpeg,NORMAL,0,normal,783,train,test
982,train/NORMAL/NORMAL2-IM-0934-0001.jpeg,NORMAL,0,normal,784,train,test
983,train/NORMAL/NORMAL2-IM-0935-0001.jpeg,NORMAL,0,normal,785,train,test
984,train/NORMAL/NORMAL2-IM-0936-0001.jpeg,NORMAL,0,normal,786,train,test
985,train/NORMAL/NORMAL2-IM-0937-0001.jpeg,NORMAL,0,normal,787,train,test
986,train/NORMAL/NORMAL2-IM-0939-0001.jpeg,NORMAL,0,normal,788,train,train
987,train/NORMAL/NORMAL2-IM-0941-0001.jpeg,NORMAL,0,normal,789,train,val
988,train/NORMAL/NORMAL2-IM-0942-0001.jpeg,NORMAL,0,normal,790,train,train
989,train/NORMAL/NORMAL2-IM-0944-0001.jpeg,NORMAL,0,normal,791,train,test
990,train/NORMAL/NORMAL2-IM-0945-0001.jpeg,NORMAL,0,normal,792,train,train
991,train/NORMAL/NORMAL2-IM-0946-0001.jpeg,NORMAL,0,normal,793,train,train
992,train/NORMAL/NORMAL2-IM-0947-0001.jpeg,NORMAL,0,normal,794,train,test
993,train/NORMAL/NORMAL2-IM-0948-0001.jpeg,NORMAL,0,normal,795,train,test
994,train/NORMAL/NORMAL2-IM-0949-0001.jpeg,NORMAL,0,normal,796,train,test
995,train/NORMAL/NORMAL2-IM-0950-0001.jpeg,NORMAL,0,normal,797,train,train
996,train/NORMAL/NORMAL2-IM-0951-0001.jpeg,NORMAL,0,normal,798,train,test
997,train/NORMAL/NORMAL2-IM-0952-0001.jpeg,NORMAL,0,normal,799,train,train
998,train/NORMAL/NORMAL2-IM-0954-0001.jpeg,NORMAL,0,normal,800,train,test
999,train/NORMAL/NORMAL2-IM-0955-0001.jpeg,NORMAL,0,normal,801,train,test
1000,train/NORMAL/NORMAL2-IM-0956-0001.jpeg,NORMAL,0,normal,802,train,train
1001,train/NORMAL/NORMAL2-IM-0957-0001.jpeg,NORMAL,0,normal,803,train,train
1002,train/NORMAL/NORMAL2-IM-0959-0001.jpeg,NORMAL,0,normal,804,train,test
1003,train/NORMAL/NORMAL2-IM-0960-0001.jpeg,NORMAL,0,normal,805,train,train
1004,train/NORMAL/NORMAL2-IM-0961-0001.jpeg,NORMAL,0,normal,806,train,val
1005,train/NORMAL/NORMAL2-IM-0962-0001.jpeg,NORMAL,0,normal,807,train,val
1006,train/NORMAL/NORMAL2-IM-0965-0001.jpeg,NORMAL,0,normal,808,train,val
1007,train/NORMAL/NORMAL2-IM-0966-0001.jpeg,NORMAL,0,normal,809,train,train
1008,train/NORMAL/NORMAL2-IM-0967-0001.jpeg,NORMAL,0,normal,810,train,val
1009,train/NORMAL/NORMAL2-IM-0969-0001.jpeg,NORMAL,0,normal,811,train,test
1010,train/NORMAL/NORMAL2-IM-0970-0001.jpeg,NORMAL,0,normal,812,train,test
1011,train/NORMAL/NORMAL2-IM-0971-0001-0001.jpeg,NORMAL,0,normal,813,train,train
1012,train/NORMAL/NORMAL2-IM-0971-0001-0002.jpeg,NORMAL,0,normal,813,train,train
1013,train/NORMAL/NORMAL2-IM-0974-0001.jpeg,NORMAL,0,normal,814,train,train
1014,train/NORMAL/NORMAL2-IM-0975-0001.jpeg,NORMAL,0,normal,815,train,test
1015,train/NORMAL/NORMAL2-IM-0976-0001.jpeg,NORMAL,0,normal,816,train,val
1016,train/NORMAL/NORMAL2-IM-0977-0001.jpeg,NORMAL,0,normal,817,train,train
1017,train/NORMAL/NORMAL2-IM-0978-0001.jpeg,NORMAL,0,normal,818,train,test
1018,train/NORMAL/NORMAL2-IM-0979-0001.jpeg,NORMAL,0,normal,819,train,train
1019,train/NORMAL/NORMAL2-IM-0980-0001.jpeg,NORMAL,0,normal,820,train,train
1020,train/NORMAL/NORMAL2-IM-0981-0001.jpeg,NORMAL,0,normal,821,train,train
1021,train/NORMAL/NORMAL2-IM-0983-0001-0001.jpeg,NORMAL,0,normal,822,train,train
1022,train/NORMAL/NORMAL2-IM-0983-0001-0002.jpeg,NORMAL,0,normal,822,train,train
1023,train/NORMAL/NORMAL2-IM-0983-0001.jpeg,NORMAL,0,normal,822,train,train
1024,train/NORMAL/NORMAL2-IM-0986-0001.jpeg,NORMAL,0,normal,823,train,train
1025,train/NORMAL/NORMAL2-IM-0987-0001.jpeg,NORMAL,0,normal,824,train,test
1026,train/NORMAL/NORMAL2-IM-0988-0001.jpeg,NORMAL,0,normal,825,train,val
1027,train/NORMAL/NORMAL2-IM-0989-0001.jpeg,NORMAL,0,normal,826,train,test
1028,train/NORMAL/NORMAL2-IM-0992-0001.jpeg,NORMAL,0,normal,827,train,train
1029,train/NORMAL/NORMAL2-IM-0993-0001.jpeg,NORMAL,0,normal,828,train,train
1030,train/NORMAL/NORMAL2-IM-0994-0001.jpeg,NORMAL,0,normal,829,train,val
1031,train/NORMAL/NORMAL2-IM-0995-0001-0001.jpeg,NORMAL,0,normal,830,train,train
1032,train/NORMAL/NORMAL2-IM-0995-0001-0002.jpeg,NORMAL,0,normal,830,train,train
1033,train/NORMAL/NORMAL2-IM-0995-0001.jpeg,NORMAL,0,normal,830,train,train
1034,train/NORMAL/NORMAL2-IM-0997-0001.jpeg,NORMAL,0,normal,831,train,val
1035,train/NORMAL/NORMAL2-IM-0998-0001.jpeg,NORMAL,0,normal,832,train,val
1036,train/NORMAL/NORMAL2-IM-0999-0001.jpeg,NORMAL,0,normal,833,train,test
1037,train/NORMAL/NORMAL2-IM-1001-0001.jpeg,NORMAL,0,normal,834,train,train
1038,train/NORMAL/NORMAL2-IM-1002-0001.jpeg,NORMAL,0,normal,835,train,val
1039,train/NORMAL/NORMAL2-IM-1004-0001.jpeg,NORMAL,0,normal,836,train,train
1040,train/NORMAL/NORMAL2-IM-1005-0001.jpeg,NORMAL,0,normal,837,train,train
1041,train/NORMAL/NORMAL2-IM-1006-0001.jpeg,NORMAL,0,normal,838,train,train
1042,train/NORMAL/NORMAL2-IM-1008-0001.jpeg,NORMAL,0,normal,839,train,test
1043,train/NORMAL/NORMAL2-IM-1010-0001.jpeg,NORMAL,0,normal,840,train,test
1044,train/NORMAL/NORMAL2-IM-1011-0001.jpeg,NORMAL,0,normal,841,train,val
1045,train/NORMAL/NORMAL2-IM-1014-0001.jpeg,NORMAL,0,normal,842,train,train
1046,train/NORMAL/NORMAL2-IM-1015-0001.jpeg,NORMAL,0,normal,843,train,test
1047,train/NORMAL/NORMAL2-IM-1016-0001.jpeg,NORMAL,0,normal,844,train,train
1048,train/NORMAL/NORMAL2-IM-1017-0001.jpeg,NORMAL,0,normal,845,train,val
1049,train/NORMAL/NORMAL2-IM-1018-0001.jpeg,NORMAL,0,normal,846,train,train
1050,train/NORMAL/NORMAL2-IM-1019-0001.jpeg,NORMAL,0,normal,847,train,val
1051,train/NORMAL/NORMAL2-IM-1020-0001-0001.jpeg,NORMAL,0,normal,848,train,train
1052,train/NORMAL/NORMAL2-IM-1020-0001-0002.jpeg,NORMAL,0,normal,848,train,train
1053,train/NORMAL/NORMAL2-IM-1020-0001.jpeg,NORMAL,0,normal,848,train,train
1054,train/NORMAL/NORMAL2-IM-1022-0001.jpeg,NORMAL,0,normal,849,train,val
1055,train/NORMAL/NORMAL2-IM-1023-0001.jpeg,NORMAL,0,normal,850,train,test
1056,train/NORMAL/NORMAL2-IM-1024-0001.jpeg,NORMAL,0,normal,851,train,train
1057,train/NORMAL/NORMAL2-IM-1025-0001.jpeg,NORMAL,0,normal,852,train,test
1058,train/NORMAL/NORMAL2-IM-1026-0001.jpeg,NORMAL,0,normal,853,train,val
1059,train/NORMAL/NORMAL2-IM-1027-0001.jpeg,NORMAL,0,normal,854,train,train
1060,train/NORMAL/NORMAL2-IM-1028-0001.jpeg,NORMAL,0,normal,855,train,test
1061,train/NORMAL/NORMAL2-IM-1030-0001.jpeg,NORMAL,0,normal,856,train,val
1062,train/NORMAL/NORMAL2-IM-1033-0001.jpeg,NORMAL,0,normal,857,train,train
1063,train/NORMAL/NORMAL2-IM-1035-0001.jpeg,NORMAL,0,normal,858,train,test
1064,train/NORMAL/NORMAL2-IM-1037-0001.jpeg,NORMAL,0,normal,859,train,val
1065,train/NORMAL/NORMAL2-IM-1038-0001.jpeg,NORMAL,0,normal,860,train,test
1066,train/NORMAL/NORMAL2-IM-1039-0001.jpeg,NORMAL,0,normal,861,train,test
1067,train/NORMAL/NORMAL2-IM-1040-0001.jpeg,NORMAL,0,normal,862,train,test
1068,train/NORMAL/NORMAL2-IM-1041-0001.jpeg,NORMAL,0,normal,863,train,train
1069,train/NORMAL/NORMAL2-IM-1043-0001.jpeg,NORMAL,0,normal,864,train,train
1070,train/NORMAL/NORMAL2-IM-1044-0001.jpeg,NORMAL,0,normal,865,train,test
1071,train/NORMAL/NORMAL2-IM-1045-0001.jpeg,NORMAL,0,normal,866,train,test
1072,train/NORMAL/NORMAL2-IM-1046-0001.jpeg,NORMAL,0,normal,867,train,train
1073,train/NORMAL/NORMAL2-IM-1047-0001.jpeg,NORMAL,0,normal,868,train,train
1074,train/NORMAL/NORMAL2-IM-1048-0001.jpeg,NORMAL,0,normal,869,train,train
1075,train/NORMAL/NORMAL2-IM-1049-0001.jpeg,NORMAL,0,normal,870,train,val
1076,train/NORMAL/NORMAL2-IM-1050-0001.jpeg,NORMAL,0,normal,871,train,train
1077,train/NORMAL/NORMAL2-IM-1051-0001.jpeg,NORMAL,0,normal,872,train,train
1078,train/NORMAL/NORMAL2-IM-1052-0001.jpeg,NORMAL,0,normal,873,train,train
1079,train/NORMAL/NORMAL2-IM-1053-0001.jpeg,NORMAL,0,normal,874,train,test
1080,train/NORMAL/NORMAL2-IM-1054-0001.jpeg,NORMAL,0,normal,875,train,train
1081,train/NORMAL/NORMAL2-IM-1055-0001.jpeg,NORMAL,0,normal,876,train,val
1082,train/NORMAL/NORMAL2-IM-1056-0001.jpeg,NORMAL,0,normal,877,train,val
1083,train/NORMAL/NORMAL2-IM-1058-0001.jpeg,NORMAL,0,normal,878,train,train
1084,train/NORMAL/NORMAL2-IM-1059-0001.jpeg,NORMAL,0,normal,879,train,val
1085,train/NORMAL/NORMAL2-IM-1060-0001.jpeg,NORMAL,0,normal,880,train,test
1086,train/NORMAL/NORMAL2-IM-1062-0001.jpeg,NORMAL,0,normal,881,train,test
1087,train/NORMAL/NORMAL2-IM-1064-0001.jpeg,NORMAL,0,normal,882,train,train
1088,train/NORMAL/NORMAL2-IM-1067-0001-0001.jpeg,NORMAL,0,normal,883,train,train
1089,train/NORMAL/NORMAL2-IM-1067-0001.jpeg,NORMAL,0,normal,883,train,train
1090,train/NORMAL/NORMAL2-IM-1073-0001.jpeg,NORMAL,0,normal,884,train,train
1091,train/NORMAL/NORMAL2-IM-1084-0001.jpeg,NORMAL,0,normal,885,train,train
1092,train/NORMAL/NORMAL2-IM-1086-0001.jpeg,NORMAL,0,normal,886,train,test
1093,train/NORMAL/NORMAL2-IM-1088-0001.jpeg,NORMAL,0,normal,887,train,test
1094,train/NORMAL/NORMAL2-IM-1089-0001.jpeg,NORMAL,0,normal,888,train,val
1095,train/NORMAL/NORMAL2-IM-1090-0001.jpeg,NORMAL,0,normal,889,train,val
1096,train/NORMAL/NORMAL2-IM-1091-0001.jpeg,NORMAL,0,normal,890,train,train
1097,train/NORMAL/NORMAL2-IM-1093-0001.jpeg,NORMAL,0,normal,891,train,train
1098,train/NORMAL/NORMAL2-IM-1094-0001-0001.jpeg,NORMAL,0,normal,892,train,train
1099,train/NORMAL/NORMAL2-IM-1094-0001-0002.jpeg,NORMAL,0,normal,892,train,train
1100,train/NORMAL/NORMAL2-IM-1094-0001.jpeg,NORMAL,0,normal,892,train,train
1101,train/NORMAL/NORMAL2-IM-1096-0001-0001.jpeg,NORMAL,0,normal,893,train,train
1102,train/NORMAL/NORMAL2-IM-1096-0001-0003.jpeg,NORMAL,0,normal,893,train,train
1103,train/NORMAL/NORMAL2-IM-1096-0001.jpeg,NORMAL,0,normal,893,train,train
1104,train/NORMAL/NORMAL2-IM-1098-0001.jpeg,NORMAL,0,normal,894,train,val
1105,train/NORMAL/NORMAL2-IM-1100-0001.jpeg,NORMAL,0,normal,895,train,test
1106,train/NORMAL/NORMAL2-IM-1102-0001-0001.jpeg,NORMAL,0,normal,896,train,train
1107,train/NORMAL/NORMAL2-IM-1102-0001-0002.jpeg,NORMAL,0,normal,896,train,train
1108,train/NORMAL/NORMAL2-IM-1102-0001.jpeg,NORMAL,0,normal,896,train,train
1109,train/NORMAL/NORMAL2-IM-1103-0001-0001.jpeg,NORMAL,0,normal,897,train,test
1110,train/NORMAL/NORMAL2-IM-1104-0001.jpeg,NORMAL,0,normal,898,train,train
1111,train/NORMAL/NORMAL2-IM-1105-0001.jpeg,NORMAL,0,normal,899,train,test
1112,train/NORMAL/NORMAL2-IM-1106-0001.jpeg,NORMAL,0,normal,900,train,val
1113,train/NORMAL/NORMAL2-IM-1108-0001.jpeg,NORMAL,0,normal,901,train,train
1114,train/NORMAL/NORMAL2-IM-1109-0001.jpeg,NORMAL,0,normal,902,train,val
1115,train/NORMAL/NORMAL2-IM-1110-0001.jpeg,NORMAL,0,normal,903,train,test
1116,train/NORMAL/NORMAL2-IM-1111-0001.jpeg,NORMAL,0,normal,904,train,test
1117,train/NORMAL/NORMAL2-IM-1112-0001.jpeg,NORMAL,0,normal,905,train,val
1118,train/NORMAL/NORMAL2-IM-1113-0001.jpeg,NORMAL,0,normal,906,train,val
1119,train/NORMAL/NORMAL2-IM-1114-0001.jpeg,NORMAL,0,normal,907,train,train
1120,train/NORMAL/NORMAL2-IM-1116-0001-0001.jpeg,NORMAL,0,normal,908,train,train
1121,train/NORMAL/NORMAL2-IM-1116-0001-0002.jpeg,NORMAL,0,normal,908,train,train
1122,train/NORMAL/NORMAL2-IM-1116-0001.jpeg,NORMAL,0,normal,908,train,train
1123,train/NORMAL/NORMAL2-IM-1117-0001.jpeg,NORMAL,0,normal,909,train,val
1124,train/NORMAL/NORMAL2-IM-1118-0001.jpeg,NORMAL,0,normal,910,train,train
1125,train/NORMAL/NORMAL2-IM-1120-0001.jpeg,NORMAL,0,normal,911,train,test
1126,train/NORMAL/NORMAL2-IM-1122-0001.jpeg,NORMAL,0,normal,912,train,val
1127,train/NORMAL/NORMAL2-IM-1123-0001.jpeg,NORMAL,0,normal,913,train,test
1128,train/NORMAL/NORMAL2-IM-1124-0001.jpeg,NORMAL,0,normal,914,train,val
1129,train/NORMAL/NORMAL2-IM-1125-0001.jpeg,NORMAL,0,normal,915,train,test
1130,train/NORMAL/NORMAL2-IM-1126-0001.jpeg,NORMAL,0,normal,916,train,val
1131,train/NORMAL/NORMAL2-IM-1127-0001.jpeg,NORMAL,0,normal,917,train,train
1132,train/NORMAL/NORMAL2-IM-1128-0001-0001.jpeg,NORMAL,0,normal,918,train,train
1133,train/NORMAL/NORMAL2-IM-1128-0001-0002.jpeg,NORMAL,0,normal,918,train,train
1134,train/NORMAL/NORMAL2-IM-1128-0001.jpeg,NORMAL,0,normal,918,train,train
1135,train/NORMAL/NORMAL2-IM-1130-0001.jpeg,NORMAL,0,normal,919,train,val
1136,train/NORMAL/NORMAL2-IM-1131-0001.jpeg,NORMAL,0,normal,920,train,test
1137,train/NORMAL/NORMAL2-IM-1132-0001.jpeg,NORMAL,0,normal,921,train,test
1138,train/NORMAL/NORMAL2-IM-1134-0001.jpeg,NORMAL,0,normal,922,train,val
1139,train/NORMAL/NORMAL2-IM-1135-0001.jpeg,NORMAL,0,normal,923,train,test
1140,train/NORMAL/NORMAL2-IM-1136-0001.jpeg,NORMAL,0,normal,924,train,test
1141,train/NORMAL/NORMAL2-IM-1138-0001.jpeg,NORMAL,0,normal,925,train,train
1142,train/NORMAL/NORMAL2-IM-1141-0001.jpeg,NORMAL,0,normal,926,train,val
1143,train/NORMAL/NORMAL2-IM-1142-0001-0001.jpeg,NORMAL,0,normal,927,train,train
1144,train/NORMAL/NORMAL2-IM-1142-0001-0002.jpeg,NORMAL,0,normal,927,train,train
1145,train/NORMAL/NORMAL2-IM-1142-0001.jpeg,NORMAL,0,normal,927,train,train
1146,train/NORMAL/NORMAL2-IM-1144-0001.jpeg,NORMAL,0,normal,928,train,train
1147,train/NORMAL/NORMAL2-IM-1145-0001.jpeg,NORMAL,0,normal,929,train,train
1148,train/NORMAL/NORMAL2-IM-1147-0001.jpeg,NORMAL,0,normal,930,train,train
1149,train/NORMAL/NORMAL2-IM-1148-0001.jpeg,NORMAL,0,normal,931,train,val
1150,train/NORMAL/NORMAL2-IM-1149-0001.jpeg,NORMAL,0,normal,932,train,test
1151,train/NORMAL/NORMAL2-IM-1150-0001.jpeg,NORMAL,0,normal,933,train,val
1152,train/NORMAL/NORMAL2-IM-1151-0001.jpeg,NORMAL,0,normal,934,train,test
1153,train/NORMAL/NORMAL2-IM-1152-0001-0001.jpeg,NORMAL,0,normal,935,train,train
1154,train/NORMAL/NORMAL2-IM-1152-0001-0002.jpeg,NORMAL,0,normal,935,train,train
1155,train/NORMAL/NORMAL2-IM-1152-0001.jpeg,NORMAL,0,normal,935,train,train
1156,train/NORMAL/NORMAL2-IM-1153-0001.jpeg,NORMAL,0,normal,936,train,train
1157,train/NORMAL/NORMAL2-IM-1154-0001-0001.jpeg,NORMAL,0,normal,937,train,train
1158,train/NORMAL/NORMAL2-IM-1154-0001-0002.jpeg,NORMAL,0,normal,937,train,train
1159,train/NORMAL/NORMAL2-IM-1154-0001.jpeg,NORMAL,0,normal,937,train,train
1160,train/NORMAL/NORMAL2-IM-1155-0001.jpeg,NORMAL,0,normal,938,train,test
1161,train/NORMAL/NORMAL2-IM-1156-0001.jpeg,NORMAL,0,normal,939,train,train
1162,train/NORMAL/NORMAL2-IM-1157-0001.jpeg,NORMAL,0,normal,940,train,val
1163,train/NORMAL/NORMAL2-IM-1158-0001.jpeg,NORMAL,0,normal,941,train,val
1164,train/NORMAL/NORMAL2-IM-1160-0001.jpeg,NORMAL,0,normal,942,train,train
1165,train/NORMAL/NORMAL2-IM-1161-0001.jpeg,NORMAL,0,normal,943,train,val
1166,train/NORMAL/NORMAL2-IM-1162-0001.jpeg,NORMAL,0,normal,944,train,val
1167,train/NORMAL/NORMAL2-IM-1163-0001.jpeg,NORMAL,0,normal,945,train,test
1168,train/NORMAL/NORMAL2-IM-1164-0001.jpeg,NORMAL,0,normal,946,train,test
1169,train/NORMAL/NORMAL2-IM-1167-0001.jpeg,NORMAL,0,normal,947,train,train
1170,train/NORMAL/NORMAL2-IM-1168-0001.jpeg,NORMAL,0,normal,948,train,test
1171,train/NORMAL/NORMAL2-IM-1169-0001.jpeg,NORMAL,0,normal,949,train,train
1172,train/NORMAL/NORMAL2-IM-1170-0001.jpeg,NORMAL,0,normal,950,train,test
1173,train/NORMAL/NORMAL2-IM-1171-0001.jpeg,NORMAL,0,normal,951,train,train
1174,train/NORMAL/NORMAL2-IM-1173-0001.jpeg,NORMAL,0,normal,952,train,train
1175,train/NORMAL/NORMAL2-IM-1174-0001.jpeg,NORMAL,0,normal,953,train,val
1176,train/NORMAL/NORMAL2-IM-1175-0001.jpeg,NORMAL,0,normal,954,train,train
1177,train/NORMAL/NORMAL2-IM-1176-0001.jpeg,NORMAL,0,normal,955,train,train
1178,train/NORMAL/NORMAL2-IM-1177-0001.jpeg,NORMAL,0,normal,956,train,val
1179,train/NORMAL/NORMAL2-IM-1178-0001.jpeg,NORMAL,0,normal,957,train,test
1180,train/NORMAL/NORMAL2-IM-1179-0001.jpeg,NORMAL,0,normal,958,train,train
1181,train/NORMAL/NORMAL2-IM-1180-0001.jpeg,NORMAL,0,normal,959,train,train
1182,train/NORMAL/NORMAL2-IM-1181-0001.jpeg,NORMAL,0,normal,960,train,val
1183,train/NORMAL/NORMAL2-IM-1182-0001.jpeg,NORMAL,0,normal,961,train,train
1184,train/NORMAL/NORMAL2-IM-1183-0001.jpeg,NORMAL,0,normal,962,train,val
1185,train/NORMAL/NORMAL2-IM-1184-0001.jpeg,NORMAL,0,normal,963,train,train
1186,train/NORMAL/NORMAL2-IM-1185-0001.jpeg,NORMAL,0,normal,964,train,val
1187,train/NORMAL/NORMAL2-IM-1187-0001.jpeg,NORMAL,0,normal,965,train,val
1188,train/NORMAL/NORMAL2-IM-1188-0001.jpeg,NORMAL,0,normal,966,train,train
1189,train/NORMAL/NORMAL2-IM-1189-0001.jpeg,NORMAL,0,normal,967,train,train
1190,train/NORMAL/NORMAL2-IM-1190-0001.jpeg,NORMAL,0,normal,968,train,train
1191,train/NORMAL/NORMAL2-IM-1191-0001.jpeg,NORMAL,0,normal,969,train,val
1192,train/NORMAL/NORMAL2-IM-1192-0001.jpeg,NORMAL,0,normal,970,train,val
1193,train/NORMAL/NORMAL2-IM-1194-0001.jpeg,NORMAL,0,normal,971,train,val
1194,train/NORMAL/NORMAL2-IM-1196-0001.jpeg,NORMAL,0,normal,972,train,test
1195,train/NORMAL/NORMAL2-IM-1197-0001.jpeg,NORMAL,0,normal,973,train,test
1196,train/NORMAL/NORMAL2-IM-1198-0001.jpeg,NORMAL,0,normal,974,train,val
1197,train/NORMAL/NORMAL2-IM-1200-0001.jpeg,NORMAL,0,normal,975,train,test
1198,train/NORMAL/NORMAL2-IM-1201-0001.jpeg,NORMAL,0,normal,976,train,test
1199,train/NORMAL/NORMAL2-IM-1202-0001.jpeg,NORMAL,0,normal,977,train,train
1200,train/NORMAL/NORMAL2-IM-1203-0001.jpeg,NORMAL,0,normal,978,train,val
1201,train/NORMAL/NORMAL2-IM-1204-0001.jpeg,NORMAL,0,normal,979,train,train
1202,train/NORMAL/NORMAL2-IM-1205-0001.jpeg,NORMAL,0,normal,980,train,val
1203,train/NORMAL/NORMAL2-IM-1206-0001.jpeg,NORMAL,0,normal,981,train,val
1204,train/NORMAL/NORMAL2-IM-1209-0001.jpeg,NORMAL,0,normal,982,train,train
1205,train/NORMAL/NORMAL2-IM-1214-0001.jpeg,NORMAL,0,normal,983,train,test
1206,train/NORMAL/NORMAL2-IM-1218-0001.jpeg,NORMAL,0,normal,984,train,train
1207,train/NORMAL/NORMAL2-IM-1219-0001.jpeg,NORMAL,0,normal,985,train,val
1208,train/NORMAL/NORMAL2-IM-1220-0001.jpeg,NORMAL,0,normal,986,train,val
1209,train/NORMAL/NORMAL2-IM-1221-0001.jpeg,NORMAL,0,normal,987,train,test
1210,train/NORMAL/NORMAL2-IM-1222-0001.jpeg,NORMAL,0,normal,988,train,train
1211,train/NORMAL/NORMAL2-IM-1223-0001.jpeg,NORMAL,0,normal,989,train,val
1212,train/NORMAL/NORMAL2-IM-1224-0001.jpeg,NORMAL,0,normal,990,train,test
1213,train/NORMAL/NORMAL2-IM-1225-0001.jpeg,NORMAL,0,normal,991,train,test
1214,train/NORMAL/NORMAL2-IM-1226-0001.jpeg,NORMAL,0,normal,992,train,train
1215,train/NORMAL/NORMAL2-IM-1227-0001.jpeg,NORMAL,0,normal,993,train,train
1216,train/NORMAL/NORMAL2-IM-1228-0001.jpeg,NORMAL,0,normal,994,train,val
1217,train/NORMAL/NORMAL2-IM-1231-0001.jpeg,NORMAL,0,normal,995,train,train
1218,train/NORMAL/NORMAL2-IM-1232-0001.jpeg,NORMAL,0,normal,996,train,test
1219,train/NORMAL/NORMAL2-IM-1234-0001.jpeg,NORMAL,0,normal,997,train,val
1220,train/NORMAL/NORMAL2-IM-1236-0001.jpeg,NORMAL,0,normal,998,train,val
1221,train/NORMAL/NORMAL2-IM-1237-0001.jpeg,NORMAL,0,normal,999,train,test
1222,train/NORMAL/NORMAL2-IM-1240-0001.jpeg,NORMAL,0,normal,1000,train,val
1223,train/NORMAL/NORMAL2-IM-1241-0001.jpeg,NORMAL,0,normal,1001,train,test
1224,train/NORMAL/NORMAL2-IM-1242-0001.jpeg,NORMAL,0,normal,1002,train,test
1225,train/NORMAL/NORMAL2-IM-1243-0001.jpeg,NORMAL,0,normal,1003,train,val
1226,train/NORMAL/NORMAL2-IM-1244-0001.jpeg,NORMAL,0,normal,1004,train,test
1227,train/NORMAL/NORMAL2-IM-1245-0001.jpeg,NORMAL,0,normal,1005,train,val
1228,train/NORMAL/NORMAL2-IM-1247-0001.jpeg,NORMAL,0,normal,1006,train,test
1229,train/NORMAL/NORMAL2-IM-1250-0001.jpeg,NORMAL,0,normal,1007,train,train
1230,train/NORMAL/NORMAL2-IM-1252-0001.jpeg,NORMAL,0,normal,1008,train,train
1231,train/NORMAL/NORMAL2-IM-1253-0001.jpeg,NORMAL,0,normal,1009,train,val
1232,train/NORMAL/NORMAL2-IM-1254-0001.jpeg,NORMAL,0,normal,1010,train,train
1233,train/NORMAL/NORMAL2-IM-1256-0001.jpeg,NORMAL,0,normal,1011,train,test
1234,train/NORMAL/NORMAL2-IM-1257-0001.jpeg,NORMAL,0,normal,1012,train,train
1235,train/NORMAL/NORMAL2-IM-1258-0001-0001.jpeg,NORMAL,0,normal,1013,train,train
1236,train/NORMAL/NORMAL2-IM-1258-0001-0002.jpeg,NORMAL,0,normal,1013,train,train
1237,train/NORMAL/NORMAL2-IM-1258-0001.jpeg,NORMAL,0,normal,1013,train,train
1238,train/NORMAL/NORMAL2-IM-1260-0001.jpeg,NORMAL,0,normal,1014,train,val
1239,train/NORMAL/NORMAL2-IM-1261-0001.jpeg,NORMAL,0,normal,1015,train,test
1240,train/NORMAL/NORMAL2-IM-1262-0001.jpeg,NORMAL,0,normal,1016,train,test
1241,train/NORMAL/NORMAL2-IM-1264-0001.jpeg,NORMAL,0,normal,1017,train,train
1242,train/NORMAL/NORMAL2-IM-1266-0001-0001.jpeg,NORMAL,0,normal,1018,train,train
1243,train/NORMAL/NORMAL2-IM-1266-0001-0002.jpeg,NORMAL,0,normal,1018,train,train
1244,train/NORMAL/NORMAL2-IM-1266-0001.jpeg,NORMAL,0,normal,1018,train,train
1245,train/NORMAL/NORMAL2-IM-1267-0001.jpeg,NORMAL,0,normal,1019,train,train
1246,train/NORMAL/NORMAL2-IM-1269-0001-0001.jpeg,NORMAL,0,normal,1020,train,train
1247,train/NORMAL/NORMAL2-IM-1269-0001-0002.jpeg,NORMAL,0,normal,1020,train,train
1248,train/NORMAL/NORMAL2-IM-1269-0001.jpeg,NORMAL,0,normal,1020,train,train
1249,train/NORMAL/NORMAL2-IM-1270-0001.jpeg,NORMAL,0,normal,1021,train,test
1250,train/NORMAL/NORMAL2-IM-1271-0001.jpeg,NORMAL,0,normal,1022,train,train
1251,train/NORMAL/NORMAL2-IM-1272-0001.jpeg,NORMAL,0,normal,1023,train,test
1252,train/NORMAL/NORMAL2-IM-1273-0001.jpeg,NORMAL,0,normal,1024,train,test
1253,train/NORMAL/NORMAL2-IM-1274-0001.jpeg,NORMAL,0,normal,1025,train,train
1254,train/NORMAL/NORMAL2-IM-1275-0001.jpeg,NORMAL,0,normal,1026,train,val
1255,train/NORMAL/NORMAL2-IM-1276-0001.jpeg,NORMAL,0,normal,1027,train,val
1256,train/NORMAL/NORMAL2-IM-1277-0001-0001.jpeg,NORMAL,0,normal,1028,train,train
1257,train/NORMAL/NORMAL2-IM-1277-0001-0002.jpeg,NORMAL,0,normal,1028,train,train
1258,train/NORMAL/NORMAL2-IM-1277-0001.jpeg,NORMAL,0,normal,1028,train,train
1259,train/NORMAL/NORMAL2-IM-1278-0001.jpeg,NORMAL,0,normal,1029,train,train
1260,train/NORMAL/NORMAL2-IM-1279-0001.jpeg,NORMAL,0,normal,1030,train,test
1261,train/NORMAL/NORMAL2-IM-1280-0001.jpeg,NORMAL,0,normal,1031,train,val
1262,train/NORMAL/NORMAL2-IM-1281-0001.jpeg,NORMAL,0,normal,1032,train,train
1263,train/NORMAL/NORMAL2-IM-1282-0001.jpeg,NORMAL,0,normal,1033,train,val
1264,train/NORMAL/NORMAL2-IM-1285-0001.jpeg,NORMAL,0,normal,1034,train,val
1265,train/NORMAL/NORMAL2-IM-1286-0001.jpeg,NORMAL,0,normal,1035,train,val
1266,train/NORMAL/NORMAL2-IM-1287-0001.jpeg,NORMAL,0,normal,1036,train,train
1267,train/NORMAL/NORMAL2-IM-1288-0001.jpeg,NORMAL,0,normal,1037,train,test
1268,train/NORMAL/NORMAL2-IM-1289-0001.jpeg,NORMAL,0,normal,1038,train,train
1269,train/NORMAL/NORMAL2-IM-1290-0001.jpeg,NORMAL,0,normal,1039,train,train
1270,train/NORMAL/NORMAL2-IM-1291-0001.jpeg,NORMAL,0,normal,1040,train,train
1271,train/NORMAL/NORMAL2-IM-1292-0001.jpeg,NORMAL,0,normal,1041,train,test
1272,train/NORMAL/NORMAL2-IM-1293-0001.jpeg,NORMAL,0,normal,1042,train,train
1273,train/NORMAL/NORMAL2-IM-1294-0001-0001.jpeg,NORMAL,0,normal,1043,train,train
1274,train/NORMAL/NORMAL2-IM-1294-0001-0002.jpeg,NORMAL,0,normal,1043,train,train
1275,train/NORMAL/NORMAL2-IM-1294-0001.jpeg,NORMAL,0,normal,1043,train,train
1276,train/NORMAL/NORMAL2-IM-1295-0001.jpeg,NORMAL,0,normal,1044,train,test
1277,train/NORMAL/NORMAL2-IM-1296-0001.jpeg,NORMAL,0,normal,1045,train,val
1278,train/NORMAL/NORMAL2-IM-1300-0001.jpeg,NORMAL,0,normal,1046,train,train
1279,train/NORMAL/NORMAL2-IM-1301-0001.jpeg,NORMAL,0,normal,1047,train,val
1280,train/NORMAL/NORMAL2-IM-1302-0001.jpeg,NORMAL,0,normal,1048,train,test
1281,train/NORMAL/NORMAL2-IM-1303-0001.jpeg,NORMAL,0,normal,1049,train,val
1282,train/NORMAL/NORMAL2-IM-1304-0001.jpeg,NORMAL,0,normal,1050,train,train
1283,train/NORMAL/NORMAL2-IM-1305-0001.jpeg,NORMAL,0,normal,1051,train,train
1284,train/NORMAL/NORMAL2-IM-1306-0001.jpeg,NORMAL,0,normal,1052,train,train
1285,train/NORMAL/NORMAL2-IM-1307-0001.jpeg,NORMAL,0,normal,1053,train,train
1286,train/NORMAL/NORMAL2-IM-1308-0001.jpeg,NORMAL,0,normal,1054,train,val
1287,train/NORMAL/NORMAL2-IM-1310-0001.jpeg,NORMAL,0,normal,1055,train,val
1288,train/NORMAL/NORMAL2-IM-1311-0001.jpeg,NORMAL,0,normal,1056,train,test
1289,train/NORMAL/NORMAL2-IM-1314-0001.jpeg,NORMAL,0,normal,1057,train,train
1290,train/NORMAL/NORMAL2-IM-1315-0001.jpeg,NORMAL,0,normal,1058,train,val
1291,train/NORMAL/NORMAL2-IM-1316-0001.jpeg,NORMAL,0,normal,1059,train,train
1292,train/NORMAL/NORMAL2-IM-1317-0001.jpeg,NORMAL,0,normal,1060,train,val
1293,train/NORMAL/NORMAL2-IM-1318-0001.jpeg,NORMAL,0,normal,1061,train,val
1294,train/NORMAL/NORMAL2-IM-1319-0001.jpeg,NORMAL,0,normal,1062,train,train
1295,train/NORMAL/NORMAL2-IM-1320-0001.jpeg,NORMAL,0,normal,1063,train,train
1296,train/NORMAL/NORMAL2-IM-1321-0001.jpeg,NORMAL,0,normal,1064,train,train
1297,train/NORMAL/NORMAL2-IM-1322-0001.jpeg,NORMAL,0,normal,1065,train,train
1298,train/NORMAL/NORMAL2-IM-1323-0001.jpeg,NORMAL,0,normal,1066,train,train
1299,train/NORMAL/NORMAL2-IM-1326-0001.jpeg,NORMAL,0,normal,1067,train,train
1300,train/NORMAL/NORMAL2-IM-1327-0001.jpeg,NORMAL,0,normal,1068,train,test
1301,train/NORMAL/NORMAL2-IM-1328-0001.jpeg,NORMAL,0,normal,1069,train,train
1302,train/NORMAL/NORMAL2-IM-1329-0001.jpeg,NORMAL,0,normal,1070,train,train
1303,train/NORMAL/NORMAL2-IM-1330-0001.jpeg,NORMAL,0,normal,1071,train,train
1304,train/NORMAL/NORMAL2-IM-1332-0001.jpeg,NORMAL,0,normal,1072,train,test
1305,train/NORMAL/NORMAL2-IM-1333-0001.jpeg,NORMAL,0,normal,1073,train,train
1306,train/NORMAL/NORMAL2-IM-1334-0001.jpeg,NORMAL,0,normal,1074,train,test
1307,train/NORMAL/NORMAL2-IM-1335-0001.jpeg,NORMAL,0,normal,1075,train,train
1308,train/NORMAL/NORMAL2-IM-1336-0001.jpeg,NORMAL,0,normal,1076,train,val
1309,train/NORMAL/NORMAL2-IM-1337-0001.jpeg,NORMAL,0,normal,1077,train,train
1310,train/NORMAL/NORMAL2-IM-1338-0001.jpeg,NORMAL,0,normal,1078,train,train
1311,train/NORMAL/NORMAL2-IM-1341-0001.jpeg,NORMAL,0,normal,1079,train,test
1312,train/NORMAL/NORMAL2-IM-1342-0001.jpeg,NORMAL,0,normal,1080,train,test
1313,train/NORMAL/NORMAL2-IM-1343-0001.jpeg,NORMAL,0,normal,1081,train,train
1314,train/NORMAL/NORMAL2-IM-1344-0001.jpeg,NORMAL,0,normal,1082,train,test
1315,train/NORMAL/NORMAL2-IM-1345-0001-0001.jpeg,NORMAL,0,normal,1083,train,train
1316,train/NORMAL/NORMAL2-IM-1345-0001-0002.jpeg,NORMAL,0,normal,1083,train,train
1317,train/NORMAL/NORMAL2-IM-1345-0001.jpeg,NORMAL,0,normal,1083,train,train
1318,train/NORMAL/NORMAL2-IM-1346-0001.jpeg,NORMAL,0,normal,1084,train,val
1319,train/NORMAL/NORMAL2-IM-1347-0001.jpeg,NORMAL,0,normal,1085,train,val
1320,train/NORMAL/NORMAL2-IM-1348-0001.jpeg,NORMAL,0,normal,1086,train,val
1321,train/NORMAL/NORMAL2-IM-1349-0001.jpeg,NORMAL,0,normal,1087,train,val
1322,train/NORMAL/NORMAL2-IM-1350-0001.jpeg,NORMAL,0,normal,1088,train,val
1323,train/NORMAL/NORMAL2-IM-1351-0001.jpeg,NORMAL,0,normal,1089,train,train
1324,train/NORMAL/NORMAL2-IM-1356-0001.jpeg,NORMAL,0,normal,1090,train,val
1325,train/NORMAL/NORMAL2-IM-1357-0001.jpeg,NORMAL,0,normal,1091,train,test
1326,train/NORMAL/NORMAL2-IM-1360-0001.jpeg,NORMAL,0,normal,1092,train,train
1327,train/NORMAL/NORMAL2-IM-1362-0001.jpeg,NORMAL,0,normal,1093,train,test
1328,train/NORMAL/NORMAL2-IM-1365-0001.jpeg,NORMAL,0,normal,1094,train,test
1329,train/NORMAL/NORMAL2-IM-1371-0001.jpeg,NORMAL,0,normal,1095,train,val
1330,train/NORMAL/NORMAL2-IM-1376-0001.jpeg,NORMAL,0,normal,1096,train,train
1331,train/NORMAL/NORMAL2-IM-1379-0001.jpeg,NORMAL,0,normal,1097,train,test
1332,train/NORMAL/NORMAL2-IM-1385-0001.jpeg,NORMAL,0,normal,1098,train,val
1333,train/NORMAL/NORMAL2-IM-1396-0001.jpeg,NORMAL,0,normal,1099,train,val
1334,train/NORMAL/NORMAL2-IM-1400-0001.jpeg,NORMAL,0,normal,1100,train,test
1335,train/NORMAL/NORMAL2-IM-1401-0001.jpeg,NORMAL,0,normal,1101,train,train
1336,train/NORMAL/NORMAL2-IM-1406-0001.jpeg,NORMAL,0,normal,1102,train,test
1337,train/NORMAL/NORMAL2-IM-1412-0001.jpeg,NORMAL,0,normal,1103,train,test
1338,train/NORMAL/NORMAL2-IM-1419-0001.jpeg,NORMAL,0,normal,1104,train,train
1339,train/NORMAL/NORMAL2-IM-1422-0001.jpeg,NORMAL,0,normal,1105,train,train
1340,train/NORMAL/NORMAL2-IM-1423-0001.jpeg,NORMAL,0,normal,1106,train,val
1341,train/PNEUMONIA/person1000_bacteria_2931.jpeg,PNEUMONIA,1,bacteria,1118,train,train
1342,train/PNEUMONIA/person1000_virus_1681.jpeg,PNEUMONIA,1,virus,1118,train,train
1343,train/PNEUMONIA/person1001_bacteria_2932.jpeg,PNEUMONIA,1,bacteria,1119,train,val
1344,train/PNEUMONIA/person1002_bacteria_2933.jpeg,PNEUMONIA,1,bacteria,1120,train,val
1345,train/PNEUMONIA/person1003_bacteria_2934.jpeg,PNEUMONIA,1,bacteria,1121,train,train
1346,train/PNEUMONIA/person1003_virus_1685.jpeg,PNEUMONIA,1,virus,1121,train,train
1347,train/PNEUMONIA/person1004_bacteria_2935.jpeg,PNEUMONIA,1,bacteria,1122,train,val
1348,train/PNEUMONIA/person1004_virus_1686.jpeg,PNEUMONIA,1,virus,1122,train,val
1349,train/PNEUMONIA/person1005_bacteria_2936.jpeg,PNEUMONIA,1,bacteria,1123,train,val
1350,train/PNEUMONIA/person1005_virus_1688.jpeg,PNEUMONIA,1,virus,1123,train,val
1351,train/PNEUMONIA/person1006_bacteria_2937.jpeg,PNEUMONIA,1,bacteria,1124,train,val
1352,train/PNEUMONIA/person1007_bacteria_2938.jpeg,PNEUMONIA,1,bacteria,1125,train,train
1353,train/PNEUMONIA/person1007_virus_1690.jpeg,PNEUMONIA,1,virus,1125,train,train
1354,train/PNEUMONIA/person1008_bacteria_2939.jpeg,PNEUMONIA,1,bacteria,1126,train,train
1355,train/PNEUMONIA/person1008_virus_1691.jpeg,PNEUMONIA,1,virus,1126,train,train
1356,train/PNEUMONIA/person1009_virus_1694.jpeg,PNEUMONIA,1,virus,1127,train,val
1357,train/PNEUMONIA/person100_virus_184.jpeg,PNEUMONIA,1,virus,1117,train,train
1358,train/PNEUMONIA/person1010_bacteria_2941.jpeg,PNEUMONIA,1,bacteria,1129,train,val
1359,train/PNEUMONIA/person1010_virus_1695.jpeg,PNEUMONIA,1,virus,1129,train,val
1360,train/PNEUMONIA/person1011_bacteria_2942.jpeg,PNEUMONIA,1,bacteria,1130,train,train
1361,train/PNEUMONIA/person1012_bacteria_2943.jpeg,PNEUMONIA,1,bacteria,1131,train,test
1362,train/PNEUMONIA/person1014_bacteria_2945.jpeg,PNEUMONIA,1,bacteria,1132,train,test
1363,train/PNEUMONIA/person1015_virus_1701.jpeg,PNEUMONIA,1,virus,1133,train,test
1364,train/PNEUMONIA/person1015_virus_1702.jpeg,PNEUMONIA,1,virus,1133,train,test
1365,train/PNEUMONIA/person1016_bacteria_2947.jpeg,PNEUMONIA,1,bacteria,1134,train,train
1366,train/PNEUMONIA/person1016_virus_1704.jpeg,PNEUMONIA,1,virus,1134,train,train
1367,train/PNEUMONIA/person1017_bacteria_2948.jpeg,PNEUMONIA,1,bacteria,1135,train,train
1368,train/PNEUMONIA/person1018_bacteria_2949.jpeg,PNEUMONIA,1,bacteria,1136,train,test
1369,train/PNEUMONIA/person1018_virus_1706.jpeg,PNEUMONIA,1,virus,1136,train,test
1370,train/PNEUMONIA/person1019_bacteria_2950.jpeg,PNEUMONIA,1,bacteria,1137,train,train
1371,train/PNEUMONIA/person1019_virus_1707.jpeg,PNEUMONIA,1,virus,1137,train,train
1372,train/PNEUMONIA/person1019_virus_1708.jpeg,PNEUMONIA,1,virus,1137,train,train
1373,train/PNEUMONIA/person101_virus_187.jpeg,PNEUMONIA,1,virus,1128,train,train
1374,train/PNEUMONIA/person101_virus_188.jpeg,PNEUMONIA,1,virus,1128,train,train
1375,train/PNEUMONIA/person1020_bacteria_2951.jpeg,PNEUMONIA,1,bacteria,1139,train,test
1376,train/PNEUMONIA/person1020_virus_1710.jpeg,PNEUMONIA,1,virus,1139,train,test
1377,train/PNEUMONIA/person1021_virus_1711.jpeg,PNEUMONIA,1,virus,1140,train,test
1378,train/PNEUMONIA/person1022_bacteria_2953.jpeg,PNEUMONIA,1,bacteria,1141,train,val
1379,train/PNEUMONIA/person1022_virus_1712.jpeg,PNEUMONIA,1,virus,1141,train,val
1380,train/PNEUMONIA/person1023_bacteria_2954.jpeg,PNEUMONIA,1,bacteria,1142,train,train
1381,train/PNEUMONIA/person1023_virus_1714.jpeg,PNEUMONIA,1,virus,1142,train,train
1382,train/PNEUMONIA/person1024_bacteria_2955.jpeg,PNEUMONIA,1,bacteria,1143,train,val
1383,train/PNEUMONIA/person1024_virus_1716.jpeg,PNEUMONIA,1,virus,1143,train,val
1384,train/PNEUMONIA/person1026_bacteria_2957.jpeg,PNEUMONIA,1,bacteria,1144,train,train
1385,train/PNEUMONIA/person1026_virus_1718.jpeg,PNEUMONIA,1,virus,1144,train,train
1386,train/PNEUMONIA/person1028_bacteria_2959.jpeg,PNEUMONIA,1,bacteria,1145,train,val
1387,train/PNEUMONIA/person1028_bacteria_2960.jpeg,PNEUMONIA,1,bacteria,1145,train,val
1388,train/PNEUMONIA/person1029_bacteria_2961.jpeg,PNEUMONIA,1,bacteria,1146,train,train
1389,train/PNEUMONIA/person1029_virus_1721.jpeg,PNEUMONIA,1,virus,1146,train,train
1390,train/PNEUMONIA/person102_virus_189.jpeg,PNEUMONIA,1,virus,1138,train,test
1391,train/PNEUMONIA/person1030_virus_1722.jpeg,PNEUMONIA,1,virus,1148,train,test
1392,train/PNEUMONIA/person1031_bacteria_2963.jpeg,PNEUMONIA,1,bacteria,1149,train,train
1393,train/PNEUMONIA/person1031_bacteria_2964.jpeg,PNEUMONIA,1,bacteria,1149,train,train
1394,train/PNEUMONIA/person1031_virus_1723.jpeg,PNEUMONIA,1,virus,1149,train,train
1395,train/PNEUMONIA/person1033_bacteria_2966.jpeg,PNEUMONIA,1,bacteria,1150,train,train
1396,train/PNEUMONIA/person1034_bacteria_2968.jpeg,PNEUMONIA,1,bacteria,1151,train,val
1397,train/PNEUMONIA/person1034_virus_1728.jpeg,PNEUMONIA,1,virus,1151,train,val
1398,train/PNEUMONIA/person1035_bacteria_2969.jpeg,PNEUMONIA,1,bacteria,1152,train,val
1399,train/PNEUMONIA/person1035_virus_1729.jpeg,PNEUMONIA,1,virus,1152,train,val
1400,train/PNEUMONIA/person1036_bacteria_2970.jpeg,PNEUMONIA,1,bacteria,1153,train,test
1401,train/PNEUMONIA/person1036_virus_1730.jpeg,PNEUMONIA,1,virus,1153,train,test
1402,train/PNEUMONIA/person1037_bacteria_2971.jpeg,PNEUMONIA,1,bacteria,1154,train,val
1403,train/PNEUMONIA/person1038_bacteria_2972.jpeg,PNEUMONIA,1,bacteria,1155,train,test
1404,train/PNEUMONIA/person1038_virus_1733.jpeg,PNEUMONIA,1,virus,1155,train,test
1405,train/PNEUMONIA/person1039_bacteria_2973.jpeg,PNEUMONIA,1,bacteria,1156,train,val
1406,train/PNEUMONIA/person103_virus_190.jpeg,PNEUMONIA,1,virus,1147,train,train
1407,train/PNEUMONIA/person1040_bacteria_2974.jpeg,PNEUMONIA,1,bacteria,1158,train,val
1408,train/PNEUMONIA/person1040_virus_1735.jpeg,PNEUMONIA,1,virus,1158,train,val
1409,train/PNEUMONIA/person1041_bacteria_2975.jpeg,PNEUMONIA,1,bacteria,1159,train,val
1410,train/PNEUMONIA/person1041_virus_1736.jpeg,PNEUMONIA,1,virus,1159,train,val
1411,train/PNEUMONIA/person1042_virus_1737.jpeg,PNEUMONIA,1,virus,1160,train,train
1412,train/PNEUMONIA/person1043_bacteria_2977.jpeg,PNEUMONIA,1,bacteria,1161,train,train
1413,train/PNEUMONIA/person1043_virus_1738.jpeg,PNEUMONIA,1,virus,1161,train,train
1414,train/PNEUMONIA/person1044_bacteria_2978.jpeg,PNEUMONIA,1,bacteria,1162,train,val
1415,train/PNEUMONIA/person1044_virus_1740.jpeg,PNEUMONIA,1,virus,1162,train,val
1416,train/PNEUMONIA/person1045_bacteria_2979.jpeg,PNEUMONIA,1,bacteria,1163,train,train
1417,train/PNEUMONIA/person1045_virus_1741.jpeg,PNEUMONIA,1,virus,1163,train,train
1418,train/PNEUMONIA/person1046_bacteria_2980.jpeg,PNEUMONIA,1,bacteria,1164,train,train
1419,train/PNEUMONIA/person1046_virus_1742.jpeg,PNEUMONIA,1,virus,1164,train,train
1420,train/PNEUMONIA/person1048_bacteria_2982.jpeg,PNEUMONIA,1,bacteria,1165,train,val
1421,train/PNEUMONIA/person1048_virus_1744.jpeg,PNEUMONIA,1,virus,1165,train,val
1422,train/PNEUMONIA/person1049_bacteria_2983.jpeg,PNEUMONIA,1,bacteria,1166,train,train
1423,train/PNEUMONIA/person1049_virus_1746.jpeg,PNEUMONIA,1,virus,1166,train,train
1424,train/PNEUMONIA/person104_virus_191.jpeg,PNEUMONIA,1,virus,1157,train,train
1425,train/PNEUMONIA/person1050_bacteria_2984.jpeg,PNEUMONIA,1,bacteria,1168,train,train
1426,train/PNEUMONIA/person1051_bacteria_2985.jpeg,PNEUMONIA,1,bacteria,1169,train,train
1427,train/PNEUMONIA/person1051_virus_1750.jpeg,PNEUMONIA,1,virus,1169,train,train
1428,train/PNEUMONIA/person1052_bacteria_2986.jpeg,PNEUMONIA,1,bacteria,1170,train,test
1429,train/PNEUMONIA/person1052_virus_1751.jpeg,PNEUMONIA,1,virus,1170,train,test
1430,train/PNEUMONIA/person1053_bacteria_2987.jpeg,PNEUMONIA,1,bacteria,1171,train,test
1431,train/PNEUMONIA/person1054_bacteria_2988.jpeg,PNEUMONIA,1,bacteria,1172,train,val
1432,train/PNEUMONIA/person1055_bacteria_2989.jpeg,PNEUMONIA,1,bacteria,1173,train,val
1433,train/PNEUMONIA/person1056_bacteria_2990.jpeg,PNEUMONIA,1,bacteria,1174,train,test
1434,train/PNEUMONIA/person1056_virus_1755.jpeg,PNEUMONIA,1,virus,1174,train,test
1435,train/PNEUMONIA/person1057_bacteria_2991.jpeg,PNEUMONIA,1,bacteria,1175,train,test
1436,train/PNEUMONIA/person1057_virus_1756.jpeg,PNEUMONIA,1,virus,1175,train,test
1437,train/PNEUMONIA/person1058_bacteria_2992.jpeg,PNEUMONIA,1,bacteria,1176,train,test
1438,train/PNEUMONIA/person1058_virus_1757.jpeg,PNEUMONIA,1,virus,1176,train,test
1439,train/PNEUMONIA/person1059_bacteria_2993.jpeg,PNEUMONIA,1,bacteria,1177,train,val
1440,train/PNEUMONIA/person1059_virus_1758.jpeg,PNEUMONIA,1,virus,1177,train,val
1441,train/PNEUMONIA/person105_virus_192.jpeg,PNEUMONIA,1,virus,1167,train,train
1442,train/PNEUMONIA/person105_virus_193.jpeg,PNEUMONIA,1,virus,1167,train,train
1443,train/PNEUMONIA/person1060_virus_1760.jpeg,PNEUMONIA,1,virus,1179,train,val
1444,train/PNEUMONIA/person1062_bacteria_2996.jpeg,PNEUMONIA,1,bacteria,1180,train,train
1445,train/PNEUMONIA/person1062_virus_1762.jpeg,PNEUMONIA,1,virus,1180,train,train
1446,train/PNEUMONIA/person1063_bacteria_2997.jpeg,PNEUMONIA,1,bacteria,1181,train,train
1447,train/PNEUMONIA/person1063_virus_1765.jpeg,PNEUMONIA,1,virus,1181,train,train
1448,train/PNEUMONIA/person1065_bacteria_2999.jpeg,PNEUMONIA,1,bacteria,1182,train,train
1449,train/PNEUMONIA/person1065_virus_1768.jpeg,PNEUMONIA,1,virus,1182,train,train
1450,train/PNEUMONIA/person1066_bacteria_3000.jpeg,PNEUMONIA,1,bacteria,1183,train,train
1451,train/PNEUMONIA/person1066_virus_1769.jpeg,PNEUMONIA,1,virus,1183,train,train
1452,train/PNEUMONIA/person1067_bacteria_3001.jpeg,PNEUMONIA,1,bacteria,1184,train,test
1453,train/PNEUMONIA/person1067_virus_1770.jpeg,PNEUMONIA,1,virus,1184,train,test
1454,train/PNEUMONIA/person1068_bacteria_3002.jpeg,PNEUMONIA,1,bacteria,1185,train,test
1455,train/PNEUMONIA/person1068_virus_1771.jpeg,PNEUMONIA,1,virus,1185,train,test
1456,train/PNEUMONIA/person1069_bacteria_3003.jpeg,PNEUMONIA,1,bacteria,1186,train,val
1457,train/PNEUMONIA/person1069_virus_1772.jpeg,PNEUMONIA,1,virus,1186,train,val
1458,train/PNEUMONIA/person106_virus_194.jpeg,PNEUMONIA,1,virus,1178,train,test
1459,train/PNEUMONIA/person1070_virus_1773.jpeg,PNEUMONIA,1,virus,1188,train,train
1460,train/PNEUMONIA/person1071_bacteria_3005.jpeg,PNEUMONIA,1,bacteria,1189,train,train
1461,train/PNEUMONIA/person1071_virus_1774.jpeg,PNEUMONIA,1,virus,1189,train,train
1462,train/PNEUMONIA/person1072_bacteria_3006.jpeg,PNEUMONIA,1,bacteria,1190,train,train
1463,train/PNEUMONIA/person1072_bacteria_3007.jpeg,PNEUMONIA,1,bacteria,1190,train,train
1464,train/PNEUMONIA/person1072_virus_1775.jpeg,PNEUMONIA,1,virus,1190,train,train
1465,train/PNEUMONIA/person1073_bacteria_3008.jpeg,PNEUMONIA,1,bacteria,1191,train,val
1466,train/PNEUMONIA/person1073_bacteria_3011.jpeg,PNEUMONIA,1,bacteria,1191,train,val
1467,train/PNEUMONIA/person1073_virus_1776.jpeg,PNEUMONIA,1,virus,1191,train,val
1468,train/PNEUMONIA/person1074_bacteria_3012.jpeg,PNEUMONIA,1,bacteria,1192,train,val
1469,train/PNEUMONIA/person1074_bacteria_3014.jpeg,PNEUMONIA,1,bacteria,1192,train,val
1470,train/PNEUMONIA/person1075_bacteria_3015.jpeg,PNEUMONIA,1,bacteria,1193,train,val
1471,train/PNEUMONIA/person1076_bacteria_3016.jpeg,PNEUMONIA,1,bacteria,1194,train,val
1472,train/PNEUMONIA/person1077_bacteria_3017.jpeg,PNEUMONIA,1,bacteria,1195,train,test
1473,train/PNEUMONIA/person1077_virus_1787.jpeg,PNEUMONIA,1,virus,1195,train,test
1474,train/PNEUMONIA/person1078_bacteria_3018.jpeg,PNEUMONIA,1,bacteria,1196,train,val
1475,train/PNEUMONIA/person1078_virus_1788.jpeg,PNEUMONIA,1,virus,1196,train,val
1476,train/PNEUMONIA/person1079_bacteria_3019.jpeg,PNEUMONIA,1,bacteria,1197,train,test
1477,train/PNEUMONIA/person1079_virus_1789.jpeg,PNEUMONIA,1,virus,1197,train,test
1478,train/PNEUMONIA/person107_virus_197.jpeg,PNEUMONIA,1,virus,1187,train,val
1479,train/PNEUMONIA/person1080_bacteria_3020.jpeg,PNEUMONIA,1,bacteria,1199,train,train
1480,train/PNEUMONIA/person1080_virus_1791.jpeg,PNEUMONIA,1,virus,1199,train,train
1481,train/PNEUMONIA/person1081_bacteria_3021.jpeg,PNEUMONIA,1,bacteria,1200,train,train
1482,train/PNEUMONIA/person1081_virus_1793.jpeg,PNEUMONIA,1,virus,1200,train,train
1483,train/PNEUMONIA/person1082_bacteria_3022.jpeg,PNEUMONIA,1,bacteria,1201,train,val
1484,train/PNEUMONIA/person1082_virus_1794.jpeg,PNEUMONIA,1,virus,1201,train,val
1485,train/PNEUMONIA/person1083_bacteria_3023.jpeg,PNEUMONIA,1,bacteria,1202,train,test
1486,train/PNEUMONIA/person1083_virus_1795.jpeg,PNEUMONIA,1,virus,1202,train,test
1487,train/PNEUMONIA/person1084_bacteria_3024.jpeg,PNEUMONIA,1,bacteria,1203,train,val
1488,train/PNEUMONIA/person1084_virus_1796.jpeg,PNEUMONIA,1,virus,1203,train,val
1489,train/PNEUMONIA/person1085_bacteria_3025.jpeg,PNEUMONIA,1,bacteria,1204,train,val
1490,train/PNEUMONIA/person1085_virus_1797.jpeg,PNEUMONIA,1,virus,1204,train,val
1491,train/PNEUMONIA/person1086_bacteria_3026.jpeg,PNEUMONIA,1,bacteria,1205,train,val
1492,train/PNEUMONIA/person1086_virus_1798.jpeg,PNEUMONIA,1,virus,1205,train,val
1493,train/PNEUMONIA/person1087_bacteria_3027.jpeg,PNEUMONIA,1,bacteria,1206,train,val
1494,train/PNEUMONIA/person1087_virus_1799.jpeg,PNEUMONIA,1,virus,1206,train,val
1495,train/PNEUMONIA/person1088_bacteria_3028.jpeg,PNEUMONIA,1,bacteria,1207,train,train
1496,train/PNEUMONIA/person1088_virus_1800.jpeg,PNEUMONIA,1,virus,1207,train,train
1497,train/PNEUMONIA/person1089_bacteria_3029.jpeg,PNEUMONIA,1,bacteria,1208,train,val
1498,train/PNEUMONIA/person1089_virus_1808.jpeg,PNEUMONIA,1,virus,1208,train,val
1499,train/PNEUMONIA/person108_virus_199.jpeg,PNEUMONIA,1,virus,1198,train,train
1500,train/PNEUMONIA/person108_virus_200.jpeg,PNEUMONIA,1,virus,1198,train,train
1501,train/PNEUMONIA/person108_virus_201.jpeg,PNEUMONIA,1,virus,1198,train,train
1502,train/PNEUMONIA/person1090_virus_1809.jpeg,PNEUMONIA,1,virus,1210,train,test
1503,train/PNEUMONIA/person1091_bacteria_3031.jpeg,PNEUMONIA,1,bacteria,1211,train,train
1504,train/PNEUMONIA/person1091_virus_1810.jpeg,PNEUMONIA,1,virus,1211,train,train
1505,train/PNEUMONIA/person1092_bacteria_3032.jpeg,PNEUMONIA,1,bacteria,1212,train,train
1506,train/PNEUMONIA/person1092_virus_1811.jpeg,PNEUMONIA,1,virus,1212,train,train
1507,train/PNEUMONIA/person1093_bacteria_3033.jpeg,PNEUMONIA,1,bacteria,1213,train,val
1508,train/PNEUMONIA/person1094_virus_1814.jpeg,PNEUMONIA,1,virus,1214,train,test
1509,train/PNEUMONIA/person1095_virus_1815.jpeg,PNEUMONIA,1,virus,1215,train,train
1510,train/PNEUMONIA/person1096_bacteria_3037.jpeg,PNEUMONIA,1,bacteria,1216,train,val
1511,train/PNEUMONIA/person1096_virus_1816.jpeg,PNEUMONIA,1,virus,1216,train,val
1512,train/PNEUMONIA/person1097_bacteria_3038.jpeg,PNEUMONIA,1,bacteria,1217,train,val
1513,train/PNEUMONIA/person1097_virus_1817.jpeg,PNEUMONIA,1,virus,1217,train,val
1514,train/PNEUMONIA/person1098_bacteria_3039.jpeg,PNEUMONIA,1,bacteria,1218,train,test
1515,train/PNEUMONIA/person1098_virus_1818.jpeg,PNEUMONIA,1,virus,1218,train,test
1516,train/PNEUMONIA/person1099_bacteria_3040.jpeg,PNEUMONIA,1,bacteria,1219,train,train
1517,train/PNEUMONIA/person1099_virus_1819.jpeg,PNEUMONIA,1,virus,1219,train,train
1518,train/PNEUMONIA/person109_virus_203.jpeg,PNEUMONIA,1,virus,1209,train,train
1519,train/PNEUMONIA/person10_bacteria_43.jpeg,PNEUMONIA,1,bacteria,1116,train,train
1520,train/PNEUMONIA/person1100_bacteria_3041.jpeg,PNEUMONIA,1,bacteria,1222,train,val
1521,train/PNEUMONIA/person1100_virus_1820.jpeg,PNEUMONIA,1,virus,1222,train,val
1522,train/PNEUMONIA/person1101_bacteria_3042.jpeg,PNEUMONIA,1,bacteria,1223,train,test
1523,train/PNEUMONIA/person1102_bacteria_3043.jpeg,PNEUMONIA,1,bacteria,1224,train,train
1524,train/PNEUMONIA/person1102_virus_1822.jpeg,PNEUMONIA,1,virus,1224,train,train
1525,train/PNEUMONIA/person1103_bacteria_3044.jpeg,PNEUMONIA,1,bacteria,1225,train,val
1526,train/PNEUMONIA/person1103_virus_1825.jpeg,PNEUMONIA,1,virus,1225,train,val
1527,train/PNEUMONIA/person1104_virus_1826.jpeg,PNEUMONIA,1,virus,1226,train,test
1528,train/PNEUMONIA/person1105_bacteria_3046.jpeg,PNEUMONIA,1,bacteria,1227,train,train
1529,train/PNEUMONIA/person1106_virus_1829.jpeg,PNEUMONIA,1,virus,1228,train,val
1530,train/PNEUMONIA/person1107_bacteria_3048.jpeg,PNEUMONIA,1,bacteria,1229,train,train
1531,train/PNEUMONIA/person1107_virus_1831.jpeg,PNEUMONIA,1,virus,1229,train,train
1532,train/PNEUMONIA/person1107_virus_1832.jpeg,PNEUMONIA,1,virus,1229,train,train
1533,train/PNEUMONIA/person1108_bacteria_3049.jpeg,PNEUMONIA,1,bacteria,1230,train,val
1534,train/PNEUMONIA/person1108_virus_1833.jpeg,PNEUMONIA,1,virus,1230,train,val
1535,train/PNEUMONIA/person1109_bacteria_3050.jpeg,PNEUMONIA,1,bacteria,1231,train,train
1536,train/PNEUMONIA/person110_virus_205.jpeg,PNEUMONIA,1,virus,1221,train,train
1537,train/PNEUMONIA/person110_virus_206.jpeg,PNEUMONIA,1,virus,1221,train,train
1538,train/PNEUMONIA/person110_virus_207.jpeg,PNEUMONIA,1,virus,1221,train,train
1539,train/PNEUMONIA/person110_virus_208.jpeg,PNEUMONIA,1,virus,1221,train,train
1540,train/PNEUMONIA/person1110_bacteria_3051.jpeg,PNEUMONIA,1,bacteria,1233,train,test
1541,train/PNEUMONIA/person1110_virus_1835.jpeg,PNEUMONIA,1,virus,1233,train,test
1542,train/PNEUMONIA/person1111_bacteria_3052.jpeg,PNEUMONIA,1,bacteria,1234,train,train
1543,train/PNEUMONIA/person1111_virus_1836.jpeg,PNEUMONIA,1,virus,1234,train,train
1544,train/PNEUMONIA/person1112_bacteria_3053.jpeg,PNEUMONIA,1,bacteria,1235,train,train
1545,train/PNEUMONIA/person1112_virus_1837.jpeg,PNEUMONIA,1,virus,1235,train,train
1546,train/PNEUMONIA/person1113_virus_1838.jpeg,PNEUMONIA,1,virus,1236,train,test
1547,train/PNEUMONIA/person1114_bacteria_3055.jpeg,PNEUMONIA,1,bacteria,1237,train,test
1548,train/PNEUMONIA/person1115_bacteria_3056.jpeg,PNEUMONIA,1,bacteria,1238,train,train
1549,train/PNEUMONIA/person1115_virus_1840.jpeg,PNEUMONIA,1,virus,1238,train,train
1550,train/PNEUMONIA/person1116_virus_1841.jpeg,PNEUMONIA,1,virus,1239,train,val
1551,train/PNEUMONIA/person1118_bacteria_3059.jpeg,PNEUMONIA,1,bacteria,1240,train,val
1552,train/PNEUMONIA/person1119_virus_1844.jpeg,PNEUMONIA,1,virus,1241,train,test
1553,train/PNEUMONIA/person111_virus_209.jpeg,PNEUMONIA,1,virus,1232,train,train
1554,train/PNEUMONIA/person111_virus_210.jpeg,PNEUMONIA,1,virus,1232,train,train
1555,train/PNEUMONIA/person111_virus_212.jpeg,PNEUMONIA,1,virus,1232,train,train
1556,train/PNEUMONIA/person1120_virus_1845.jpeg,PNEUMONIA,1,virus,1243,train,val
1557,train/PNEUMONIA/person1121_virus_1846.jpeg,PNEUMONIA,1,virus,1244,train,test
1558,train/PNEUMONIA/person1122_bacteria_3063.jpeg,PNEUMONIA,1,bacteria,1245,train,test
1559,train/PNEUMONIA/person1122_virus_1847.jpeg,PNEUMONIA,1,virus,1245,train,test
1560,train/PNEUMONIA/person1123_virus_1848.jpeg,PNEUMONIA,1,virus,1246,train,train
1561,train/PNEUMONIA/person1124_bacteria_3065.jpeg,PNEUMONIA,1,bacteria,1247,train,val
1562,train/PNEUMONIA/person1124_virus_1851.jpeg,PNEUMONIA,1,virus,1247,train,val
1563,train/PNEUMONIA/person1125_bacteria_3066.jpeg,PNEUMONIA,1,bacteria,1248,train,test
1564,train/PNEUMONIA/person1125_virus_1852.jpeg,PNEUMONIA,1,virus,1248,train,test
1565,train/PNEUMONIA/person1126_virus_1853.jpeg,PNEUMONIA,1,virus,1249,train,val
1566,train/PNEUMONIA/person1127_bacteria_3068.jpeg,PNEUMONIA,1,bacteria,1250,train,val
1567,train/PNEUMONIA/person1127_virus_1854.jpeg,PNEUMONIA,1,virus,1250,train,val
1568,train/PNEUMONIA/person1128_bacteria_3069.jpeg,PNEUMONIA,1,bacteria,1251,train,train
1569,train/PNEUMONIA/person1129_bacteria_3070.jpeg,PNEUMONIA,1,bacteria,1252,train,val
1570,train/PNEUMONIA/person1129_virus_1857.jpeg,PNEUMONIA,1,virus,1252,train,val
1571,train/PNEUMONIA/person112_virus_213.jpeg,PNEUMONIA,1,virus,1242,train,train
1572,train/PNEUMONIA/person1130_bacteria_3072.jpeg,PNEUMONIA,1,bacteria,1254,train,train
1573,train/PNEUMONIA/person1130_virus_1860.jpeg,PNEUMONIA,1,virus,1254,train,train
1574,train/PNEUMONIA/person1131_bacteria_3073.jpeg,PNEUMONIA,1,bacteria,1255,train,train
1575,train/PNEUMONIA/person1132_virus_1863.jpeg,PNEUMONIA,1,virus,1256,train,val
1576,train/PNEUMONIA/person1133_bacteria_3075.jpeg,PNEUMONIA,1,bacteria,1257,train,val
1577,train/PNEUMONIA/person1133_virus_1865.jpeg,PNEUMONIA,1,virus,1257,train,val
1578,train/PNEUMONIA/person1134_bacteria_3076.jpeg,PNEUMONIA,1,bacteria,1258,train,train
1579,train/PNEUMONIA/person1135_bacteria_3077.jpeg,PNEUMONIA,1,bacteria,1259,train,train
1580,train/PNEUMONIA/person1136_bacteria_3078.jpeg,PNEUMONIA,1,bacteria,1260,train,train
1581,train/PNEUMONIA/person1137_virus_1876.jpeg,PNEUMONIA,1,virus,1261,train,train
1582,train/PNEUMONIA/person1138_bacteria_3080.jpeg,PNEUMONIA,1,bacteria,1262,train,val
1583,train/PNEUMONIA/person1138_virus_1877.jpeg,PNEUMONIA,1,virus,1262,train,val
1584,train/PNEUMONIA/person1138_virus_1879.jpeg,PNEUMONIA,1,virus,1262,train,val
1585,train/PNEUMONIA/person1139_bacteria_3081.jpeg,PNEUMONIA,1,bacteria,1263,train,train
1586,train/PNEUMONIA/person1139_bacteria_3082.jpeg,PNEUMONIA,1,bacteria,1263,train,train
1587,train/PNEUMONIA/person1139_virus_1882.jpeg,PNEUMONIA,1,virus,1263,train,train
1588,train/PNEUMONIA/person113_virus_215.jpeg,PNEUMONIA,1,virus,1253,train,train
1589,train/PNEUMONIA/person113_virus_216.jpeg,PNEUMONIA,1,virus,1253,train,train
1590,train/PNEUMONIA/person1140_bacteria_3083.jpeg,PNEUMONIA,1,bacteria,1265,train,test
1591,train/PNEUMONIA/person1140_virus_1885.jpeg,PNEUMONIA,1,virus,1265,train,test
1592,train/PNEUMONIA/person1141_bacteria_3084.jpeg,PNEUMONIA,1,bacteria,1266,train,train
1593,train/PNEUMONIA/person1141_bacteria_3085.jpeg,PNEUMONIA,1,bacteria,1266,train,train
1594,train/PNEUMONIA/person1141_virus_1886.jpeg,PNEUMONIA,1,virus,1266,train,train
1595,train/PNEUMONIA/person1141_virus_1890.jpeg,PNEUMONIA,1,virus,1266,train,train
1596,train/PNEUMONIA/person1142_bacteria_3086.jpeg,PNEUMONIA,1,bacteria,1267,train,train
1597,train/PNEUMONIA/person1142_virus_1892.jpeg,PNEUMONIA,1,virus,1267,train,train
1598,train/PNEUMONIA/person1143_virus_1896.jpeg,PNEUMONIA,1,virus,1268,train,val
1599,train/PNEUMONIA/person1143_virus_1897.jpeg,PNEUMONIA,1,virus,1268,train,val
1600,train/PNEUMONIA/person1144_bacteria_3089.jpeg,PNEUMONIA,1,bacteria,1269,train,train
1601,train/PNEUMONIA/person1145_bacteria_3090.jpeg,PNEUMONIA,1,bacteria,1270,train,train
1602,train/PNEUMONIA/person1145_virus_1902.jpeg,PNEUMONIA,1,virus,1270,train,train
1603,train/PNEUMONIA/person1145_virus_1905.jpeg,PNEUMONIA,1,virus,1270,train,train
1604,train/PNEUMONIA/person1145_virus_1906.jpeg,PNEUMONIA,1,virus,1270,train,train
1605,train/PNEUMONIA/person1146_bacteria_3091.jpeg,PNEUMONIA,1,bacteria,1271,train,test
1606,train/PNEUMONIA/person1147_virus_1917.jpeg,PNEUMONIA,1,virus,1272,train,train
1607,train/PNEUMONIA/person1147_virus_1919.jpeg,PNEUMONIA,1,virus,1272,train,train
1608,train/PNEUMONIA/person1147_virus_1920.jpeg,PNEUMONIA,1,virus,1272,train,train
1609,train/PNEUMONIA/person1149_bacteria_3094.jpeg,PNEUMONIA,1,bacteria,1273,train,train
1610,train/PNEUMONIA/person1149_virus_1924.jpeg,PNEUMONIA,1,virus,1273,train,train
1611,train/PNEUMONIA/person1149_virus_1925.jpeg,PNEUMONIA,1,virus,1273,train,train
1612,train/PNEUMONIA/person114_virus_217.jpeg,PNEUMONIA,1,virus,1264,train,train
1613,train/PNEUMONIA/person1150_bacteria_3095.jpeg,PNEUMONIA,1,bacteria,1275,train,train
1614,train/PNEUMONIA/person1151_virus_1928.jpeg,PNEUMONIA,1,virus,1276,train,train
1615,train/PNEUMONIA/person1152_virus_1930.jpeg,PNEUMONIA,1,virus,1277,train,val
1616,train/PNEUMONIA/person1153_virus_1932.jpeg,PNEUMONIA,1,virus,1278,train,test
1617,train/PNEUMONIA/person1154_bacteria_3099.jpeg,PNEUMONIA,1,bacteria,1279,train,val
1618,train/PNEUMONIA/person1154_virus_1933.jpeg,PNEUMONIA,1,virus,1279,train,val
1619,train/PNEUMONIA/person1155_bacteria_3100.jpeg,PNEUMONIA,1,bacteria,1280,train,train
1620,train/PNEUMONIA/person1155_virus_1934.jpeg,PNEUMONIA,1,virus,1280,train,train
1621,train/PNEUMONIA/person1156_bacteria_3101.jpeg,PNEUMONIA,1,bacteria,1281,train,train
1622,train/PNEUMONIA/person1156_virus_1935.jpeg,PNEUMONIA,1,virus,1281,train,train
1623,train/PNEUMONIA/person1156_virus_1936.jpeg,PNEUMONIA,1,virus,1281,train,train
1624,train/PNEUMONIA/person1157_bacteria_3102.jpeg,PNEUMONIA,1,bacteria,1282,train,test
1625,train/PNEUMONIA/person1157_virus_1937.jpeg,PNEUMONIA,1,virus,1282,train,test
1626,train/PNEUMONIA/person1158_bacteria_3103.jpeg,PNEUMONIA,1,bacteria,1283,train,train
1627,train/PNEUMONIA/person1158_virus_1938.jpeg,PNEUMONIA,1,virus,1283,train,train
1628,train/PNEUMONIA/person1158_virus_1940.jpeg,PNEUMONIA,1,virus,1283,train,train
1629,train/PNEUMONIA/person1158_virus_1941.jpeg,PNEUMONIA,1,virus,1283,train,train
1630,train/PNEUMONIA/person1158_virus_1942.jpeg,PNEUMONIA,1,virus,1283,train,train
1631,train/PNEUMONIA/person1158_virus_1943.jpeg,PNEUMONIA,1,virus,1283,train,train
1632,train/PNEUMONIA/person1159_bacteria_3104.jpeg,PNEUMONIA,1,bacteria,1284,train,train
1633,train/PNEUMONIA/person1159_virus_1944.jpeg,PNEUMONIA,1,virus,1284,train,train
1635,train/PNEUMONIA/person1159_virus_1946.jpeg,PNEUMONIA,1,virus,1284,train,train
1636,train/PNEUMONIA/person115_virus_218.jpeg,PNEUMONIA,1,virus,1274,train,train
1637,train/PNEUMONIA/person115_virus_219.jpeg,PNEUMONIA,1,virus,1274,train,train
1638,train/PNEUMONIA/person1160_bacteria_3105.jpeg,PNEUMONIA,1,bacteria,1286,train,val
1639,train/PNEUMONIA/person1160_virus_1947.jpeg,PNEUMONIA,1,virus,1286,train,val
1640,train/PNEUMONIA/person1161_virus_1948.jpeg,PNEUMONIA,1,virus,1287,train,test
1641,train/PNEUMONIA/person1162_bacteria_3107.jpeg,PNEUMONIA,1,bacteria,1288,train,train
1642,train/PNEUMONIA/person1162_virus_1949.jpeg,PNEUMONIA,1,virus,1288,train,train
1643,train/PNEUMONIA/person1162_virus_1950.jpeg,PNEUMONIA,1,virus,1288,train,train
1644,train/PNEUMONIA/person1163_virus_1951.jpeg,PNEUMONIA,1,virus,1289,train,train
1645,train/PNEUMONIA/person1164_bacteria_3110.jpeg,PNEUMONIA,1,bacteria,1290,train,train
1646,train/PNEUMONIA/person1164_virus_1952.jpeg,PNEUMONIA,1,virus,1290,train,train
1647,train/PNEUMONIA/person1164_virus_1955.jpeg,PNEUMONIA,1,virus,1290,train,train
1648,train/PNEUMONIA/person1164_virus_1956.jpeg,PNEUMONIA,1,virus,1290,train,train
1649,train/PNEUMONIA/person1164_virus_1957.jpeg,PNEUMONIA,1,virus,1290,train,train
1650,train/PNEUMONIA/person1164_virus_1958.jpeg,PNEUMONIA,1,virus,1290,train,train
1651,train/PNEUMONIA/person1165_bacteria_3111.jpeg,PNEUMONIA,1,bacteria,1291,train,train
1652,train/PNEUMONIA/person1165_virus_1959.jpeg,PNEUMONIA,1,virus,1291,train,train
1653,train/PNEUMONIA/person1167_bacteria_3113.jpeg,PNEUMONIA,1,bacteria,1292,train,train
1654,train/PNEUMONIA/person1168_bacteria_3114.jpeg,PNEUMONIA,1,bacteria,1293,train,train
1655,train/PNEUMONIA/person1168_bacteria_3115.jpeg,PNEUMONIA,1,bacteria,1293,train,train
1656,train/PNEUMONIA/person1168_virus_1965.jpeg,PNEUMONIA,1,virus,1293,train,train
1657,train/PNEUMONIA/person1168_virus_1966.jpeg,PNEUMONIA,1,virus,1293,train,train
1658,train/PNEUMONIA/person1169_virus_1968.jpeg,PNEUMONIA,1,virus,1294,train,test
1659,train/PNEUMONIA/person116_virus_221.jpeg,PNEUMONIA,1,virus,1285,train,train
1660,train/PNEUMONIA/person1170_bacteria_3117.jpeg,PNEUMONIA,1,bacteria,1296,train,test
1661,train/PNEUMONIA/person1170_virus_1969.jpeg,PNEUMONIA,1,virus,1296,train,test
1662,train/PNEUMONIA/person1170_virus_1970.jpeg,PNEUMONIA,1,virus,1296,train,test
1663,train/PNEUMONIA/person1171_bacteria_3118.jpeg,PNEUMONIA,1,bacteria,1297,train,train
1664,train/PNEUMONIA/person1172_bacteria_3119.jpeg,PNEUMONIA,1,bacteria,1298,train,train
1665,train/PNEUMONIA/person1172_virus_1977.jpeg,PNEUMONIA,1,virus,1298,train,train
1666,train/PNEUMONIA/person1173_virus_1978.jpeg,PNEUMONIA,1,virus,1299,train,val
1667,train/PNEUMONIA/person1174_virus_1980.jpeg,PNEUMONIA,1,virus,1300,train,train
1668,train/PNEUMONIA/person1175_bacteria_3122.jpeg,PNEUMONIA,1,bacteria,1301,train,val
1669,train/PNEUMONIA/person1175_virus_1981.jpeg,PNEUMONIA,1,virus,1301,train,val
1670,train/PNEUMONIA/person1176_bacteria_3123.jpeg,PNEUMONIA,1,bacteria,1302,train,train
1671,train/PNEUMONIA/person1176_bacteria_3124.jpeg,PNEUMONIA,1,bacteria,1302,train,train
1672,train/PNEUMONIA/person1176_virus_1996.jpeg,PNEUMONIA,1,virus,1302,train,train
1673,train/PNEUMONIA/person1176_virus_1997.jpeg,PNEUMONIA,1,virus,1302,train,train
1674,train/PNEUMONIA/person1176_virus_1998.jpeg,PNEUMONIA,1,virus,1302,train,train
1675,train/PNEUMONIA/person1177_bacteria_3125.jpeg,PNEUMONIA,1,bacteria,1303,train,train
1676,train/PNEUMONIA/person1177_virus_1999.jpeg,PNEUMONIA,1,virus,1303,train,train
1677,train/PNEUMONIA/person1177_virus_2000.jpeg,PNEUMONIA,1,virus,1303,train,train
1678,train/PNEUMONIA/person1177_virus_2001.jpeg,PNEUMONIA,1,virus,1303,train,train
1679,train/PNEUMONIA/person1177_virus_2002.jpeg,PNEUMONIA,1,virus,1303,train,train
1680,train/PNEUMONIA/person1178_bacteria_3126.jpeg,PNEUMONIA,1,bacteria,1304,train,val
1681,train/PNEUMONIA/person1178_virus_2004.jpeg,PNEUMONIA,1,virus,1304,train,val
1682,train/PNEUMONIA/person1179_bacteria_3127.jpeg,PNEUMONIA,1,bacteria,1305,train,test
1683,train/PNEUMONIA/person1179_virus_2006.jpeg,PNEUMONIA,1,virus,1305,train,test
1684,train/PNEUMONIA/person117_virus_223.jpeg,PNEUMONIA,1,virus,1295,train,train
1685,train/PNEUMONIA/person1180_bacteria_3128.jpeg,PNEUMONIA,1,bacteria,1307,train,train
1686,train/PNEUMONIA/person1180_virus_2007.jpeg,PNEUMONIA,1,virus,1307,train,train
1687,train/PNEUMONIA/person1180_virus_2008.jpeg,PNEUMONIA,1,virus,1307,train,train
1688,train/PNEUMONIA/person1180_virus_2009.jpeg,PNEUMONIA,1,virus,1307,train,train
1689,train/PNEUMONIA/person1180_virus_2010.jpeg,PNEUMONIA,1,virus,1307,train,train
1690,train/PNEUMONIA/person1180_virus_2011.jpeg,PNEUMONIA,1,virus,1307,train,train
1691,train/PNEUMONIA/person1180_virus_2012.jpeg,PNEUMONIA,1,virus,1307,train,train
1692,train/PNEUMONIA/person1180_virus_2013.jpeg,PNEUMONIA,1,virus,1307,train,train
1693,train/PNEUMONIA/person1180_virus_2014.jpeg,PNEUMONIA,1,virus,1307,train,train
1694,train/PNEUMONIA/person1180_virus_2015.jpeg,PNEUMONIA,1,virus,1307,train,train
1695,train/PNEUMONIA/person1181_bacteria_3129.jpeg,PNEUMONIA,1,bacteria,1308,train,train
1696,train/PNEUMONIA/person1181_virus_2016.jpeg,PNEUMONIA,1,virus,1308,train,train
1697,train/PNEUMONIA/person1182_virus_2017.jpeg,PNEUMONIA,1,virus,1309,train,train
1698,train/PNEUMONIA/person1183_bacteria_3131.jpeg,PNEUMONIA,1,bacteria,1310,train,test
1699,train/PNEUMONIA/person1183_virus_2018.jpeg,PNEUMONIA,1,virus,1310,train,test
1700,train/PNEUMONIA/person1184_bacteria_3132.jpeg,PNEUMONIA,1,bacteria,1311,train,val
1701,train/PNEUMONIA/person1184_virus_2019.jpeg,PNEUMONIA,1,virus,1311,train,val
1702,train/PNEUMONIA/person1185_bacteria_3133.jpeg,PNEUMONIA,1,bacteria,1312,train,train
1703,train/PNEUMONIA/person1186_bacteria_3134.jpeg,PNEUMONIA,1,bacteria,1313,train,train
1704,train/PNEUMONIA/person1186_bacteria_3135.jpeg,PNEUMONIA,1,bacteria,1313,train,train
1705,train/PNEUMONIA/person1186_virus_2021.jpeg,PNEUMONIA,1,virus,1313,train,train
1706,train/PNEUMONIA/person1186_virus_2022.jpeg,PNEUMONIA,1,virus,1313,train,train
1707,train/PNEUMONIA/person1187_bacteria_3136.jpeg,PNEUMONIA,1,bacteria,1314,train,train
1708,train/PNEUMONIA/person1187_virus_2023.jpeg,PNEUMONIA,1,virus,1314,train,train
1709,train/PNEUMONIA/person1188_bacteria_3137.jpeg,PNEUMONIA,1,bacteria,1315,train,test
1710,train/PNEUMONIA/person1188_virus_2024.jpeg,PNEUMONIA,1,virus,1315,train,test
1711,train/PNEUMONIA/person118_virus_224.jpeg,PNEUMONIA,1,virus,1306,train,train
1712,train/PNEUMONIA/person1190_virus_2031.jpeg,PNEUMONIA,1,virus,1317,train,val
1713,train/PNEUMONIA/person1191_virus_2032.jpeg,PNEUMONIA,1,virus,1318,train,val
1714,train/PNEUMONIA/person1192_bacteria_3141.jpeg,PNEUMONIA,1,bacteria,1319,train,val
1715,train/PNEUMONIA/person1193_virus_2034.jpeg,PNEUMONIA,1,virus,1320,train,test
1716,train/PNEUMONIA/person1194_bacteria_3143.jpeg,PNEUMONIA,1,bacteria,1321,train,test
1717,train/PNEUMONIA/person1195_bacteria_3144.jpeg,PNEUMONIA,1,bacteria,1322,train,val
1718,train/PNEUMONIA/person1196_bacteria_3146.jpeg,PNEUMONIA,1,bacteria,1323,train,train
1719,train/PNEUMONIA/person1197_bacteria_3147.jpeg,PNEUMONIA,1,bacteria,1324,train,train
1720,train/PNEUMONIA/person1197_virus_2039.jpeg,PNEUMONIA,1,virus,1324,train,train
1721,train/PNEUMONIA/person1198_bacteria_3148.jpeg,PNEUMONIA,1,bacteria,1325,train,val
1722,train/PNEUMONIA/person1199_bacteria_3149.jpeg,PNEUMONIA,1,bacteria,1326,train,val
1723,train/PNEUMONIA/person119_virus_225.jpeg,PNEUMONIA,1,virus,1316,train,train
1724,train/PNEUMONIA/person11_bacteria_45.jpeg,PNEUMONIA,1,bacteria,1220,train,test
1725,train/PNEUMONIA/person1200_virus_2042.jpeg,PNEUMONIA,1,virus,1329,train,test
1726,train/PNEUMONIA/person1201_bacteria_3151.jpeg,PNEUMONIA,1,bacteria,1330,train,val
1727,train/PNEUMONIA/person1202_bacteria_3152.jpeg,PNEUMONIA,1,bacteria,1331,train,train
1728,train/PNEUMONIA/person1202_bacteria_3153.jpeg,PNEUMONIA,1,bacteria,1331,train,train
1729,train/PNEUMONIA/person1202_virus_2045.jpeg,PNEUMONIA,1,virus,1331,train,train
1730,train/PNEUMONIA/person1203_bacteria_3154.jpeg,PNEUMONIA,1,bacteria,1332,train,train
1731,train/PNEUMONIA/person1203_bacteria_3155.jpeg,PNEUMONIA,1,bacteria,1332,train,train
1732,train/PNEUMONIA/person1204_bacteria_3156.jpeg,PNEUMONIA,1,bacteria,1333,train,train
1733,train/PNEUMONIA/person1205_bacteria_3157.jpeg,PNEUMONIA,1,bacteria,1334,train,train
1734,train/PNEUMONIA/person1206_bacteria_3158.jpeg,PNEUMONIA,1,bacteria,1335,train,val
1735,train/PNEUMONIA/person1206_virus_2051.jpeg,PNEUMONIA,1,virus,1335,train,val
1736,train/PNEUMONIA/person1207_bacteria_3159.jpeg,PNEUMONIA,1,bacteria,1336,train,test
1737,train/PNEUMONIA/person1208_bacteria_3160.jpeg,PNEUMONIA,1,bacteria,1337,train,test
1738,train/PNEUMONIA/person1209_bacteria_3161.jpeg,PNEUMONIA,1,bacteria,1338,train,val
1739,train/PNEUMONIA/person120_virus_226.jpeg,PNEUMONIA,1,virus,1328,train,train
1740,train/PNEUMONIA/person1211_bacteria_3163.jpeg,PNEUMONIA,1,bacteria,1340,train,val
1741,train/PNEUMONIA/person1211_virus_2056.jpeg,PNEUMONIA,1,virus,1340,train,val
1742,train/PNEUMONIA/person1212_bacteria_3164.jpeg,PNEUMONIA,1,bacteria,1341,train,val
1743,train/PNEUMONIA/person1212_virus_2057.jpeg,PNEUMONIA,1,virus,1341,train,val
1744,train/PNEUMONIA/person1213_virus_2058.jpeg,PNEUMONIA,1,virus,1342,train,test
1745,train/PNEUMONIA/person1214_bacteria_3166.jpeg,PNEUMONIA,1,bacteria,1343,train,test
1746,train/PNEUMONIA/person1214_virus_2059.jpeg,PNEUMONIA,1,virus,1343,train,test
1747,train/PNEUMONIA/person1215_bacteria_3167.jpeg,PNEUMONIA,1,bacteria,1344,train,val
1748,train/PNEUMONIA/person1216_bacteria_3168.jpeg,PNEUMONIA,1,bacteria,1345,train,train
1749,train/PNEUMONIA/person1216_virus_2062.jpeg,PNEUMONIA,1,virus,1345,train,train
1750,train/PNEUMONIA/person1217_bacteria_3169.jpeg,PNEUMONIA,1,bacteria,1346,train,train
1751,train/PNEUMONIA/person1217_virus_2063.jpeg,PNEUMONIA,1,virus,1346,train,train
1752,train/PNEUMONIA/person1218_bacteria_3171.jpeg,PNEUMONIA,1,bacteria,1347,train,val
1753,train/PNEUMONIA/person1218_virus_2066.jpeg,PNEUMONIA,1,virus,1347,train,val
1754,train/PNEUMONIA/person1219_bacteria_3172.jpeg,PNEUMONIA,1,bacteria,1348,train,test
1755,train/PNEUMONIA/person1219_virus_2067.jpeg,PNEUMONIA,1,virus,1348,train,test
1756,train/PNEUMONIA/person1220_bacteria_3173.jpeg,PNEUMONIA,1,bacteria,1350,train,train
1757,train/PNEUMONIA/person1220_bacteria_3174.jpeg,PNEUMONIA,1,bacteria,1350,train,train
1758,train/PNEUMONIA/person1220_virus_2068.jpeg,PNEUMONIA,1,virus,1350,train,train
1759,train/PNEUMONIA/person1222_bacteria_3177.jpeg,PNEUMONIA,1,bacteria,1351,train,train
1760,train/PNEUMONIA/person1222_virus_2071.jpeg,PNEUMONIA,1,virus,1351,train,train
1761,train/PNEUMONIA/person1223_bacteria_3178.jpeg,PNEUMONIA,1,bacteria,1352,train,test
1762,train/PNEUMONIA/person1223_virus_2073.jpeg,PNEUMONIA,1,virus,1352,train,test
1763,train/PNEUMONIA/person1224_virus_2074.jpeg,PNEUMONIA,1,virus,1353,train,train
1764,train/PNEUMONIA/person1225_bacteria_3180.jpeg,PNEUMONIA,1,bacteria,1354,train,train
1765,train/PNEUMONIA/person1225_virus_2076.jpeg,PNEUMONIA,1,virus,1354,train,train
1766,train/PNEUMONIA/person1226_virus_2077.jpeg,PNEUMONIA,1,virus,1355,train,train
1767,train/PNEUMONIA/person1227_bacteria_3182.jpeg,PNEUMONIA,1,bacteria,1356,train,test
1768,train/PNEUMONIA/person1227_virus_2078.jpeg,PNEUMONIA,1,virus,1356,train,test
1769,train/PNEUMONIA/person1228_bacteria_3183.jpeg,PNEUMONIA,1,bacteria,1357,train,val
1770,train/PNEUMONIA/person1228_virus_2079.jpeg,PNEUMONIA,1,virus,1357,train,val
1771,train/PNEUMONIA/person1229_virus_2080.jpeg,PNEUMONIA,1,virus,1358,train,train
1772,train/PNEUMONIA/person122_virus_229.jpeg,PNEUMONIA,1,virus,1349,train,train
1773,train/PNEUMONIA/person1230_bacteria_3185.jpeg,PNEUMONIA,1,bacteria,1360,train,test
1774,train/PNEUMONIA/person1230_virus_2081.jpeg,PNEUMONIA,1,virus,1360,train,test
1775,train/PNEUMONIA/person1231_bacteria_3186.jpeg,PNEUMONIA,1,bacteria,1361,train,test
1776,train/PNEUMONIA/person1231_virus_2088.jpeg,PNEUMONIA,1,virus,1361,train,test
1777,train/PNEUMONIA/person1232_virus_2089.jpeg,PNEUMONIA,1,virus,1362,train,val
1778,train/PNEUMONIA/person1233_bacteria_3188.jpeg,PNEUMONIA,1,bacteria,1363,train,train
1779,train/PNEUMONIA/person1233_virus_2090.jpeg,PNEUMONIA,1,virus,1363,train,train
1780,train/PNEUMONIA/person1234_bacteria_3189.jpeg,PNEUMONIA,1,bacteria,1364,train,train
1781,train/PNEUMONIA/person1234_bacteria_3190.jpeg,PNEUMONIA,1,bacteria,1364,train,train
1782,train/PNEUMONIA/person1234_virus_2093.jpeg,PNEUMONIA,1,virus,1364,train,train
1783,train/PNEUMONIA/person1235_bacteria_3191.jpeg,PNEUMONIA,1,bacteria,1365,train,val
1784,train/PNEUMONIA/person1235_virus_2095.jpeg,PNEUMONIA,1,virus,1365,train,val
1785,train/PNEUMONIA/person1236_bacteria_3192.jpeg,PNEUMONIA,1,bacteria,1366,train,val
1786,train/PNEUMONIA/person1236_virus_2096.jpeg,PNEUMONIA,1,virus,1366,train,val
1787,train/PNEUMONIA/person1237_bacteria_3193.jpeg,PNEUMONIA,1,bacteria,1367,train,val
1788,train/PNEUMONIA/person1237_virus_2097.jpeg,PNEUMONIA,1,virus,1367,train,val
1789,train/PNEUMONIA/person1238_bacteria_3194.jpeg,PNEUMONIA,1,bacteria,1368,train,val
1790,train/PNEUMONIA/person1238_virus_2098.jpeg,PNEUMONIA,1,virus,1368,train,val
1791,train/PNEUMONIA/person1239_bacteria_3195.jpeg,PNEUMONIA,1,bacteria,1369,train,val
1792,train/PNEUMONIA/person1239_virus_2099.jpeg,PNEUMONIA,1,virus,1369,train,val
1793,train/PNEUMONIA/person123_virus_230.jpeg,PNEUMONIA,1,virus,1359,train,val
1794,train/PNEUMONIA/person1240_bacteria_3196.jpeg,PNEUMONIA,1,bacteria,1371,train,train
1795,train/PNEUMONIA/person1241_bacteria_3197.jpeg,PNEUMONIA,1,bacteria,1372,train,test
1796,train/PNEUMONIA/person1241_virus_2106.jpeg,PNEUMONIA,1,virus,1372,train,test
1797,train/PNEUMONIA/person1242_bacteria_3198.jpeg,PNEUMONIA,1,bacteria,1373,train,train
1798,train/PNEUMONIA/person1242_virus_2108.jpeg,PNEUMONIA,1,virus,1373,train,train
1799,train/PNEUMONIA/person1242_virus_2109.jpeg,PNEUMONIA,1,virus,1373,train,train
1800,train/PNEUMONIA/person1243_bacteria_3199.jpeg,PNEUMONIA,1,bacteria,1374,train,val
1801,train/PNEUMONIA/person1243_virus_2110.jpeg,PNEUMONIA,1,virus,1374,train,val
1802,train/PNEUMONIA/person1244_bacteria_3200.jpeg,PNEUMONIA,1,bacteria,1375,train,test
1803,train/PNEUMONIA/person1244_virus_2111.jpeg,PNEUMONIA,1,virus,1375,train,test
1804,train/PNEUMONIA/person1246_bacteria_3202.jpeg,PNEUMONIA,1,bacteria,1376,train,val
1805,train/PNEUMONIA/person1247_bacteria_3203.jpeg,PNEUMONIA,1,bacteria,1377,train,train
1806,train/PNEUMONIA/person1247_virus_2115.jpeg,PNEUMONIA,1,virus,1377,train,train
1807,train/PNEUMONIA/person1248_bacteria_3204.jpeg,PNEUMONIA,1,bacteria,1378,train,test
1808,train/PNEUMONIA/person1248_virus_2117.jpeg,PNEUMONIA,1,virus,1378,train,test
1809,train/PNEUMONIA/person1249_bacteria_3205.jpeg,PNEUMONIA,1,bacteria,1379,train,train
1810,train/PNEUMONIA/person1249_virus_2118.jpeg,PNEUMONIA,1,virus,1379,train,train
1811,train/PNEUMONIA/person124_virus_231.jpeg,PNEUMONIA,1,virus,1370,train,train
1812,train/PNEUMONIA/person124_virus_233.jpeg,PNEUMONIA,1,virus,1370,train,train
1813,train/PNEUMONIA/person124_virus_234.jpeg,PNEUMONIA,1,virus,1370,train,train
1814,train/PNEUMONIA/person124_virus_236.jpeg,PNEUMONIA,1,virus,1370,train,train
1815,train/PNEUMONIA/person124_virus_237.jpeg,PNEUMONIA,1,virus,1370,train,train
1816,train/PNEUMONIA/person124_virus_238.jpeg,PNEUMONIA,1,virus,1370,train,train
1817,train/PNEUMONIA/person124_virus_239.jpeg,PNEUMONIA,1,virus,1370,train,train
1818,train/PNEUMONIA/person124_virus_240.jpeg,PNEUMONIA,1,virus,1370,train,train
1819,train/PNEUMONIA/person124_virus_242.jpeg,PNEUMONIA,1,virus,1370,train,train
1820,train/PNEUMONIA/person124_virus_244.jpeg,PNEUMONIA,1,virus,1370,train,train
1821,train/PNEUMONIA/person124_virus_245.jpeg,PNEUMONIA,1,virus,1370,train,train
1822,train/PNEUMONIA/person124_virus_246.jpeg,PNEUMONIA,1,virus,1370,train,train
1824,train/PNEUMONIA/person124_virus_249.jpeg,PNEUMONIA,1,virus,1370,train,train
1825,train/PNEUMONIA/person124_virus_250.jpeg,PNEUMONIA,1,virus,1370,train,train
1826,train/PNEUMONIA/person124_virus_251.jpeg,PNEUMONIA,1,virus,1370,train,train
1827,train/PNEUMONIA/person1250_bacteria_3207.jpeg,PNEUMONIA,1,bacteria,1381,train,train
1828,train/PNEUMONIA/person1251_bacteria_3208.jpeg,PNEUMONIA,1,bacteria,1382,train,train
1829,train/PNEUMONIA/person1252_bacteria_3209.jpeg,PNEUMONIA,1,bacteria,1383,train,test
1830,train/PNEUMONIA/person1252_virus_2124.jpeg,PNEUMONIA,1,virus,1383,train,test
1831,train/PNEUMONIA/person1253_bacteria_3211.jpeg,PNEUMONIA,1,bacteria,1384,train,val
1832,train/PNEUMONIA/person1253_virus_2129.jpeg,PNEUMONIA,1,virus,1384,train,val
1833,train/PNEUMONIA/person1254_virus_2130.jpeg,PNEUMONIA,1,virus,1385,train,train
1834,train/PNEUMONIA/person1255_virus_2132.jpeg,PNEUMONIA,1,virus,1386,train,val
1835,train/PNEUMONIA/person1256_bacteria_3214.jpeg,PNEUMONIA,1,bacteria,1387,train,train
1836,train/PNEUMONIA/person1257_bacteria_3215.jpeg,PNEUMONIA,1,bacteria,1388,train,test
1837,train/PNEUMONIA/person1258_bacteria_3216.jpeg,PNEUMONIA,1,bacteria,1389,train,train
1838,train/PNEUMONIA/person1258_virus_2138.jpeg,PNEUMONIA,1,virus,1389,train,train
1839,train/PNEUMONIA/person1259_bacteria_3217.jpeg,PNEUMONIA,1,bacteria,1390,train,test
1840,train/PNEUMONIA/person1259_virus_2139.jpeg,PNEUMONIA,1,virus,1390,train,test
1841,train/PNEUMONIA/person125_virus_254.jpeg,PNEUMONIA,1,virus,1380,train,train
1842,train/PNEUMONIA/person1260_bacteria_3218.jpeg,PNEUMONIA,1,bacteria,1392,train,train
1843,train/PNEUMONIA/person1260_virus_2140.jpeg,PNEUMONIA,1,virus,1392,train,train
1844,train/PNEUMONIA/person1261_bacteria_3219.jpeg,PNEUMONIA,1,bacteria,1393,train,test
1845,train/PNEUMONIA/person1261_virus_2145.jpeg,PNEUMONIA,1,virus,1393,train,test
1846,train/PNEUMONIA/person1261_virus_2147.jpeg,PNEUMONIA,1,virus,1393,train,test
1848,train/PNEUMONIA/person1262_bacteria_3220.jpeg,PNEUMONIA,1,bacteria,1394,train,train
1849,train/PNEUMONIA/person1263_bacteria_3221.jpeg,PNEUMONIA,1,bacteria,1395,train,test
1850,train/PNEUMONIA/person1264_bacteria_3222.jpeg,PNEUMONIA,1,bacteria,1396,train,train
1851,train/PNEUMONIA/person1264_virus_2155.jpeg,PNEUMONIA,1,virus,1396,train,train
1852,train/PNEUMONIA/person1265_bacteria_3223.jpeg,PNEUMONIA,1,bacteria,1397,train,test
1853,train/PNEUMONIA/person1265_virus_2156.jpeg,PNEUMONIA,1,virus,1397,train,test
1854,train/PNEUMONIA/person1266_bacteria_3224.jpeg,PNEUMONIA,1,bacteria,1398,train,train
1855,train/PNEUMONIA/person1266_bacteria_3225.jpeg,PNEUMONIA,1,bacteria,1398,train,train
1856,train/PNEUMONIA/person1266_virus_2158.jpeg,PNEUMONIA,1,virus,1398,train,train
1857,train/PNEUMONIA/person1267_bacteria_3226.jpeg,PNEUMONIA,1,bacteria,1399,train,train
1858,train/PNEUMONIA/person1267_virus_2160.jpeg,PNEUMONIA,1,virus,1399,train,train
1859,train/PNEUMONIA/person1268_bacteria_3227.jpeg,PNEUMONIA,1,bacteria,1400,train,val
1860,train/PNEUMONIA/person1268_bacteria_3228.jpeg,PNEUMONIA,1,bacteria,1400,train,val
1861,train/PNEUMONIA/person1268_virus_2161.jpeg,PNEUMONIA,1,virus,1400,train,val
1862,train/PNEUMONIA/person1269_bacteria_3229.jpeg,PNEUMONIA,1,bacteria,1401,train,train
1863,train/PNEUMONIA/person1269_virus_2162.jpeg,PNEUMONIA,1,virus,1401,train,train
1864,train/PNEUMONIA/person126_virus_255.jpeg,PNEUMONIA,1,virus,1391,train,train
1865,train/PNEUMONIA/person1270_bacteria_3230.jpeg,PNEUMONIA,1,bacteria,1403,train,val
1866,train/PNEUMONIA/person1270_virus_2163.jpeg,PNEUMONIA,1,virus,1403,train,val
1867,train/PNEUMONIA/person1271_bacteria_3231.jpeg,PNEUMONIA,1,bacteria,1404,train,test
1868,train/PNEUMONIA/person1271_virus_2164.jpeg,PNEUMONIA,1,virus,1404,train,test
1869,train/PNEUMONIA/person1272_bacteria_3232.jpeg,PNEUMONIA,1,bacteria,1405,train,val
1870,train/PNEUMONIA/person1272_virus_2190.jpeg,PNEUMONIA,1,virus,1405,train,val
1871,train/PNEUMONIA/person1273_bacteria_3233.jpeg,PNEUMONIA,1,bacteria,1406,train,train
1872,train/PNEUMONIA/person1273_bacteria_3234.jpeg,PNEUMONIA,1,bacteria,1406,train,train
1873,train/PNEUMONIA/person1273_virus_2191.jpeg,PNEUMONIA,1,virus,1406,train,train
1874,train/PNEUMONIA/person1274_bacteria_3235.jpeg,PNEUMONIA,1,bacteria,1407,train,train
1875,train/PNEUMONIA/person1274_bacteria_3236.jpeg,PNEUMONIA,1,bacteria,1407,train,train
1876,train/PNEUMONIA/person1274_virus_2193.jpeg,PNEUMONIA,1,virus,1407,train,train
1877,train/PNEUMONIA/person1275_bacteria_3237.jpeg,PNEUMONIA,1,bacteria,1408,train,val
1878,train/PNEUMONIA/person1276_bacteria_3239.jpeg,PNEUMONIA,1,bacteria,1409,train,train
1879,train/PNEUMONIA/person1276_virus_2198.jpeg,PNEUMONIA,1,virus,1409,train,train
1880,train/PNEUMONIA/person1277_bacteria_3240.jpeg,PNEUMONIA,1,bacteria,1410,train,val
1881,train/PNEUMONIA/person1278_virus_2201.jpeg,PNEUMONIA,1,virus,1411,train,train
1882,train/PNEUMONIA/person1279_bacteria_3242.jpeg,PNEUMONIA,1,bacteria,1412,train,val
1883,train/PNEUMONIA/person1280_bacteria_3243.jpeg,PNEUMONIA,1,bacteria,1414,train,train
1884,train/PNEUMONIA/person1281_bacteria_3244.jpeg,PNEUMONIA,1,bacteria,1415,train,train
1885,train/PNEUMONIA/person1281_virus_2204.jpeg,PNEUMONIA,1,virus,1415,train,train
1886,train/PNEUMONIA/person1282_bacteria_3245.jpeg,PNEUMONIA,1,bacteria,1416,train,val
1887,train/PNEUMONIA/person1283_bacteria_3246.jpeg,PNEUMONIA,1,bacteria,1417,train,train
1888,train/PNEUMONIA/person1283_virus_2206.jpeg,PNEUMONIA,1,virus,1417,train,train
1889,train/PNEUMONIA/person1284_bacteria_3247.jpeg,PNEUMONIA,1,bacteria,1418,train,train
1890,train/PNEUMONIA/person1284_virus_2207.jpeg,PNEUMONIA,1,virus,1418,train,train
1891,train/PNEUMONIA/person1285_virus_2208.jpeg,PNEUMONIA,1,virus,1419,train,test
1892,train/PNEUMONIA/person1286_bacteria_3249.jpeg,PNEUMONIA,1,bacteria,1420,train,val
1893,train/PNEUMONIA/person1286_virus_2209.jpeg,PNEUMONIA,1,virus,1420,train,val
1894,train/PNEUMONIA/person1287_bacteria_3250.jpeg,PNEUMONIA,1,bacteria,1421,train,test
1895,train/PNEUMONIA/person1287_virus_2210.jpeg,PNEUMONIA,1,virus,1421,train,test
1896,train/PNEUMONIA/person1288_bacteria_3251.jpeg,PNEUMONIA,1,bacteria,1422,train,test
1897,train/PNEUMONIA/person1288_virus_2211.jpeg,PNEUMONIA,1,virus,1422,train,test
1898,train/PNEUMONIA/person1289_bacteria_3252.jpeg,PNEUMONIA,1,bacteria,1423,train,test
1899,train/PNEUMONIA/person128_virus_261.jpeg,PNEUMONIA,1,virus,1413,train,train
1900,train/PNEUMONIA/person1290_bacteria_3253.jpeg,PNEUMONIA,1,bacteria,1424,train,train
1901,train/PNEUMONIA/person1290_virus_2215.jpeg,PNEUMONIA,1,virus,1424,train,train
1902,train/PNEUMONIA/person1290_virus_2216.jpeg,PNEUMONIA,1,virus,1424,train,train
1903,train/PNEUMONIA/person1291_virus_2217.jpeg,PNEUMONIA,1,virus,1425,train,val
1904,train/PNEUMONIA/person1292_bacteria_3255.jpeg,PNEUMONIA,1,bacteria,1426,train,train
1905,train/PNEUMONIA/person1292_virus_2218.jpeg,PNEUMONIA,1,virus,1426,train,train
1906,train/PNEUMONIA/person1293_virus_2219.jpeg,PNEUMONIA,1,virus,1427,train,train
1907,train/PNEUMONIA/person1294_bacteria_3257.jpeg,PNEUMONIA,1,bacteria,1428,train,train
1908,train/PNEUMONIA/person1294_virus_2221.jpeg,PNEUMONIA,1,virus,1428,train,train
1909,train/PNEUMONIA/person1294_virus_2222.jpeg,PNEUMONIA,1,virus,1428,train,train
1910,train/PNEUMONIA/person1295_bacteria_3258.jpeg,PNEUMONIA,1,bacteria,1429,train,test
1911,train/PNEUMONIA/person1295_virus_2223.jpeg,PNEUMONIA,1,virus,1429,train,test
1912,train/PNEUMONIA/person1296_virus_2224.jpeg,PNEUMONIA,1,virus,1430,train,val
1913,train/PNEUMONIA/person1297_bacteria_3260.jpeg,PNEUMONIA,1,bacteria,1431,train,test
1914,train/PNEUMONIA/person1298_bacteria_3261.jpeg,PNEUMONIA,1,bacteria,1432,train,train
1915,train/PNEUMONIA/person1298_virus_2226.jpeg,PNEUMONIA,1,virus,1432,train,train
1916,train/PNEUMONIA/person1298_virus_2228.jpeg,PNEUMONIA,1,virus,1432,train,train
1917,train/PNEUMONIA/person12_bacteria_46.jpeg,PNEUMONIA,1,bacteria,1327,train,train
1918,train/PNEUMONIA/person12_bacteria_47.jpeg,PNEUMONIA,1,bacteria,1327,train,train
1919,train/PNEUMONIA/person12_bacteria_48.jpeg,PNEUMONIA,1,bacteria,1327,train,train
1920,train/PNEUMONIA/person1300_bacteria_3264.jpeg,PNEUMONIA,1,bacteria,1435,train,train
1921,train/PNEUMONIA/person1300_virus_2240.jpeg,PNEUMONIA,1,virus,1435,train,train
1922,train/PNEUMONIA/person1301_virus_2241.jpeg,PNEUMONIA,1,virus,1436,train,train
1923,train/PNEUMONIA/person1302_bacteria_3266.jpeg,PNEUMONIA,1,bacteria,1437,train,val
1924,train/PNEUMONIA/person1303_bacteria_3267.jpeg,PNEUMONIA,1,bacteria,1438,train,train
1925,train/PNEUMONIA/person1303_virus_2243.jpeg,PNEUMONIA,1,virus,1438,train,train
1926,train/PNEUMONIA/person1304_bacteria_3269.jpeg,PNEUMONIA,1,bacteria,1439,train,train
1927,train/PNEUMONIA/person1305_bacteria_3271.jpeg,PNEUMONIA,1,bacteria,1440,train,test
1928,train/PNEUMONIA/person1306_bacteria_3272.jpeg,PNEUMONIA,1,bacteria,1441,train,train
1929,train/PNEUMONIA/person1306_bacteria_3274.jpeg,PNEUMONIA,1,bacteria,1441,train,train
1930,train/PNEUMONIA/person1306_bacteria_3275.jpeg,PNEUMONIA,1,bacteria,1441,train,train
1931,train/PNEUMONIA/person1306_bacteria_3276.jpeg,PNEUMONIA,1,bacteria,1441,train,train
1932,train/PNEUMONIA/person1306_bacteria_3277.jpeg,PNEUMONIA,1,bacteria,1441,train,train
1933,train/PNEUMONIA/person1306_virus_2249.jpeg,PNEUMONIA,1,virus,1441,train,train
1934,train/PNEUMONIA/person1307_bacteria_3278.jpeg,PNEUMONIA,1,bacteria,1442,train,val
1935,train/PNEUMONIA/person1307_virus_2251.jpeg,PNEUMONIA,1,virus,1442,train,val
1936,train/PNEUMONIA/person1308_bacteria_3280.jpeg,PNEUMONIA,1,bacteria,1443,train,train
1937,train/PNEUMONIA/person1308_bacteria_3283.jpeg,PNEUMONIA,1,bacteria,1443,train,train
1938,train/PNEUMONIA/person1308_bacteria_3285.jpeg,PNEUMONIA,1,bacteria,1443,train,train
1939,train/PNEUMONIA/person1308_bacteria_3286.jpeg,PNEUMONIA,1,bacteria,1443,train,train
1940,train/PNEUMONIA/person1308_bacteria_3288.jpeg,PNEUMONIA,1,bacteria,1443,train,train
1941,train/PNEUMONIA/person1308_bacteria_3290.jpeg,PNEUMONIA,1,bacteria,1443,train,train
1942,train/PNEUMONIA/person1308_bacteria_3292.jpeg,PNEUMONIA,1,bacteria,1443,train,train
1943,train/PNEUMONIA/person1308_virus_2252.jpeg,PNEUMONIA,1,virus,1443,train,train
1944,train/PNEUMONIA/person1308_virus_2253.jpeg,PNEUMONIA,1,virus,1443,train,train
1945,train/PNEUMONIA/person1309_bacteria_3294.jpeg,PNEUMONIA,1,bacteria,1444,train,test
1946,train/PNEUMONIA/person1309_virus_2254.jpeg,PNEUMONIA,1,virus,1444,train,test
1947,train/PNEUMONIA/person130_virus_263.jpeg,PNEUMONIA,1,virus,1434,train,train
1948,train/PNEUMONIA/person1310_bacteria_3295.jpeg,PNEUMONIA,1,bacteria,1446,train,train
1949,train/PNEUMONIA/person1310_bacteria_3297.jpeg,PNEUMONIA,1,bacteria,1446,train,train
1950,train/PNEUMONIA/person1310_bacteria_3300.jpeg,PNEUMONIA,1,bacteria,1446,train,train
1951,train/PNEUMONIA/person1310_bacteria_3301.jpeg,PNEUMONIA,1,bacteria,1446,train,train
1952,train/PNEUMONIA/person1310_bacteria_3302.jpeg,PNEUMONIA,1,bacteria,1446,train,train
1953,train/PNEUMONIA/person1310_bacteria_3304.jpeg,PNEUMONIA,1,bacteria,1446,train,train
1954,train/PNEUMONIA/person1310_virus_2255.jpeg,PNEUMONIA,1,virus,1446,train,train
1955,train/PNEUMONIA/person1311_bacteria_3312.jpeg,PNEUMONIA,1,bacteria,1447,train,train
1956,train/PNEUMONIA/person1311_virus_2257.jpeg,PNEUMONIA,1,virus,1447,train,train
1957,train/PNEUMONIA/person1311_virus_2259.jpeg,PNEUMONIA,1,virus,1447,train,train
1958,train/PNEUMONIA/person1312_bacteria_3313.jpeg,PNEUMONIA,1,bacteria,1448,train,train
1959,train/PNEUMONIA/person1312_bacteria_3314.jpeg,PNEUMONIA,1,bacteria,1448,train,train
1960,train/PNEUMONIA/person1312_bacteria_3316.jpeg,PNEUMONIA,1,bacteria,1448,train,train
1961,train/PNEUMONIA/person1312_bacteria_3317.jpeg,PNEUMONIA,1,bacteria,1448,train,train
1963,train/PNEUMONIA/person1312_bacteria_3319.jpeg,PNEUMONIA,1,bacteria,1448,train,train
1964,train/PNEUMONIA/person1312_virus_2261.jpeg,PNEUMONIA,1,virus,1448,train,train
1965,train/PNEUMONIA/person1313_bacteria_3320.jpeg,PNEUMONIA,1,bacteria,1449,train,train
1966,train/PNEUMONIA/person1313_virus_2264.jpeg,PNEUMONIA,1,virus,1449,train,train
1967,train/PNEUMONIA/person1314_virus_2266.jpeg,PNEUMONIA,1,virus,1450,train,train
1968,train/PNEUMONIA/person1314_virus_2268.jpeg,PNEUMONIA,1,virus,1450,train,train
1969,train/PNEUMONIA/person1314_virus_2269.jpeg,PNEUMONIA,1,virus,1450,train,train
1970,train/PNEUMONIA/person1315_bacteria_3322.jpeg,PNEUMONIA,1,bacteria,1451,train,val
1971,train/PNEUMONIA/person1315_virus_2270.jpeg,PNEUMONIA,1,virus,1451,train,val
1972,train/PNEUMONIA/person1316_bacteria_3326.jpeg,PNEUMONIA,1,bacteria,1452,train,train
1973,train/PNEUMONIA/person1316_virus_2271.jpeg,PNEUMONIA,1,virus,1452,train,train
1974,train/PNEUMONIA/person1317_bacteria_3332.jpeg,PNEUMONIA,1,bacteria,1453,train,train
1975,train/PNEUMONIA/person1317_virus_2273.jpeg,PNEUMONIA,1,virus,1453,train,train
1976,train/PNEUMONIA/person1318_bacteria_3334.jpeg,PNEUMONIA,1,bacteria,1454,train,train
1977,train/PNEUMONIA/person1318_bacteria_3335.jpeg,PNEUMONIA,1,bacteria,1454,train,train
1978,train/PNEUMONIA/person1318_virus_2274.jpeg,PNEUMONIA,1,virus,1454,train,train
1979,train/PNEUMONIA/person1319_virus_2276.jpeg,PNEUMONIA,1,virus,1455,train,val
1980,train/PNEUMONIA/person131_virus_265.jpeg,PNEUMONIA,1,virus,1445,train,test
1981,train/PNEUMONIA/person1320_bacteria_3339.jpeg,PNEUMONIA,1,bacteria,1457,train,train
1982,train/PNEUMONIA/person1320_bacteria_3340.jpeg,PNEUMONIA,1,bacteria,1457,train,train
1983,train/PNEUMONIA/person1320_bacteria_3342.jpeg,PNEUMONIA,1,bacteria,1457,train,train
1984,train/PNEUMONIA/person1320_bacteria_3344.jpeg,PNEUMONIA,1,bacteria,1457,train,train
1985,train/PNEUMONIA/person1320_bacteria_3345.jpeg,PNEUMONIA,1,bacteria,1457,train,train
1986,train/PNEUMONIA/person1320_bacteria_3346.jpeg,PNEUMONIA,1,bacteria,1457,train,train
1987,train/PNEUMONIA/person1320_bacteria_3347.jpeg,PNEUMONIA,1,bacteria,1457,train,train
1988,train/PNEUMONIA/person1320_bacteria_3348.jpeg,PNEUMONIA,1,bacteria,1457,train,train
1989,train/PNEUMONIA/person1320_bacteria_3350.jpeg,PNEUMONIA,1,bacteria,1457,train,train
1990,train/PNEUMONIA/person1320_bacteria_3351.jpeg,PNEUMONIA,1,bacteria,1457,train,train
1991,train/PNEUMONIA/person1320_bacteria_3352.jpeg,PNEUMONIA,1,bacteria,1457,train,train
1992,train/PNEUMONIA/person1320_bacteria_3353.jpeg,PNEUMONIA,1,bacteria,1457,train,train
1993,train/PNEUMONIA/person1320_bacteria_3355.jpeg,PNEUMONIA,1,bacteria,1457,train,train
1994,train/PNEUMONIA/person1320_virus_2277.jpeg,PNEUMONIA,1,virus,1457,train,train
1995,train/PNEUMONIA/person1321_bacteria_3358.jpeg,PNEUMONIA,1,bacteria,1458,train,train
1996,train/PNEUMONIA/person1321_bacteria_3359.jpeg,PNEUMONIA,1,bacteria,1458,train,train
1997,train/PNEUMONIA/person1321_virus_2279.jpeg,PNEUMONIA,1,virus,1458,train,train
1998,train/PNEUMONIA/person1322_bacteria_3360.jpeg,PNEUMONIA,1,bacteria,1459,train,train
1999,train/PNEUMONIA/person1323_bacteria_3361.jpeg,PNEUMONIA,1,bacteria,1460,train,train
2000,train/PNEUMONIA/person1323_bacteria_3362.jpeg,PNEUMONIA,1,bacteria,1460,train,train
2001,train/PNEUMONIA/person1323_bacteria_3363.jpeg,PNEUMONIA,1,bacteria,1460,train,train
2002,train/PNEUMONIA/person1323_virus_2282.jpeg,PNEUMONIA,1,virus,1460,train,train
2003,train/PNEUMONIA/person1323_virus_2283.jpeg,PNEUMONIA,1,virus,1460,train,train
2004,train/PNEUMONIA/person1324_virus_2284.jpeg,PNEUMONIA,1,virus,1461,train,test
2005,train/PNEUMONIA/person1324_virus_2285.jpeg,PNEUMONIA,1,virus,1461,train,test
2006,train/PNEUMONIA/person1325_bacteria_3366.jpeg,PNEUMONIA,1,bacteria,1462,train,test
2007,train/PNEUMONIA/person1325_virus_2287.jpeg,PNEUMONIA,1,virus,1462,train,test
2008,train/PNEUMONIA/person1326_bacteria_3372.jpeg,PNEUMONIA,1,bacteria,1463,train,train
2009,train/PNEUMONIA/person1327_bacteria_3373.jpeg,PNEUMONIA,1,bacteria,1464,train,val
2010,train/PNEUMONIA/person1327_bacteria_3374.jpeg,PNEUMONIA,1,bacteria,1464,train,val
2011,train/PNEUMONIA/person1328_bacteria_3376.jpeg,PNEUMONIA,1,bacteria,1465,train,train
2012,train/PNEUMONIA/person1328_virus_2293.jpeg,PNEUMONIA,1,virus,1465,train,train
2013,train/PNEUMONIA/person1328_virus_2294.jpeg,PNEUMONIA,1,virus,1465,train,train
2014,train/PNEUMONIA/person1328_virus_2295.jpeg,PNEUMONIA,1,virus,1465,train,train
2015,train/PNEUMONIA/person1329_bacteria_3377.jpeg,PNEUMONIA,1,bacteria,1466,train,val
2016,train/PNEUMONIA/person132_virus_266.jpeg,PNEUMONIA,1,virus,1456,train,val
2017,train/PNEUMONIA/person1331_bacteria_3380.jpeg,PNEUMONIA,1,bacteria,1468,train,test
2018,train/PNEUMONIA/person1331_virus_2299.jpeg,PNEUMONIA,1,virus,1468,train,test
2019,train/PNEUMONIA/person1332_virus_2300.jpeg,PNEUMONIA,1,virus,1469,train,test
2020,train/PNEUMONIA/person1333_bacteria_3383.jpeg,PNEUMONIA,1,bacteria,1470,train,train
2021,train/PNEUMONIA/person1333_bacteria_3384.jpeg,PNEUMONIA,1,bacteria,1470,train,train
2022,train/PNEUMONIA/person1333_bacteria_3385.jpeg,PNEUMONIA,1,bacteria,1470,train,train
2023,train/PNEUMONIA/person1333_bacteria_3386.jpeg,PNEUMONIA,1,bacteria,1470,train,train
2024,train/PNEUMONIA/person1333_virus_2301.jpeg,PNEUMONIA,1,virus,1470,train,train
2025,train/PNEUMONIA/person1336_virus_2306.jpeg,PNEUMONIA,1,virus,1471,train,test
2026,train/PNEUMONIA/person1337_virus_2307.jpeg,PNEUMONIA,1,virus,1472,train,train
2027,train/PNEUMONIA/person1338_bacteria_3394.jpeg,PNEUMONIA,1,bacteria,1473,train,train
2028,train/PNEUMONIA/person1338_bacteria_3395.jpeg,PNEUMONIA,1,bacteria,1473,train,train
2029,train/PNEUMONIA/person1338_bacteria_3397.jpeg,PNEUMONIA,1,bacteria,1473,train,train
2030,train/PNEUMONIA/person1338_virus_2308.jpeg,PNEUMONIA,1,virus,1473,train,train
2031,train/PNEUMONIA/person1339_bacteria_3399.jpeg,PNEUMONIA,1,bacteria,1474,train,train
2032,train/PNEUMONIA/person1339_bacteria_3402.jpeg,PNEUMONIA,1,bacteria,1474,train,train
2033,train/PNEUMONIA/person133_virus_267.jpeg,PNEUMONIA,1,virus,1467,train,train
2034,train/PNEUMONIA/person1340_bacteria_3405.jpeg,PNEUMONIA,1,bacteria,1476,train,val
2035,train/PNEUMONIA/person1340_virus_2311.jpeg,PNEUMONIA,1,virus,1476,train,val
2036,train/PNEUMONIA/person1340_virus_2312.jpeg,PNEUMONIA,1,virus,1476,train,val
2037,train/PNEUMONIA/person1341_bacteria_3406.jpeg,PNEUMONIA,1,bacteria,1477,train,test
2038,train/PNEUMONIA/person1341_virus_2313.jpeg,PNEUMONIA,1,virus,1477,train,test
2039,train/PNEUMONIA/person1342_bacteria_3407.jpeg,PNEUMONIA,1,bacteria,1478,train,test
2040,train/PNEUMONIA/person1342_virus_2315.jpeg,PNEUMONIA,1,virus,1478,train,test
2041,train/PNEUMONIA/person1343_bacteria_3409.jpeg,PNEUMONIA,1,bacteria,1479,train,train
2042,train/PNEUMONIA/person1343_bacteria_3411.jpeg,PNEUMONIA,1,bacteria,1479,train,train
2043,train/PNEUMONIA/person1343_bacteria_3413.jpeg,PNEUMONIA,1,bacteria,1479,train,train
2045,train/PNEUMONIA/person1343_bacteria_3415.jpeg,PNEUMONIA,1,bacteria,1479,train,train
2046,train/PNEUMONIA/person1343_bacteria_3416.jpeg,PNEUMONIA,1,bacteria,1479,train,train
2047,train/PNEUMONIA/person1343_bacteria_3417.jpeg,PNEUMONIA,1,bacteria,1479,train,train
2048,train/PNEUMONIA/person1343_bacteria_3418.jpeg,PNEUMONIA,1,bacteria,1479,train,train
2049,train/PNEUMONIA/person1343_bacteria_3419.jpeg,PNEUMONIA,1,bacteria,1479,train,train
2050,train/PNEUMONIA/person1343_virus_2316.jpeg,PNEUMONIA,1,virus,1479,train,train
2051,train/PNEUMONIA/person1343_virus_2317.jpeg,PNEUMONIA,1,virus,1479,train,train
2052,train/PNEUMONIA/person1344_bacteria_3421.jpeg,PNEUMONIA,1,bacteria,1480,train,train
2053,train/PNEUMONIA/person1344_virus_2319.jpeg,PNEUMONIA,1,virus,1480,train,train
2054,train/PNEUMONIA/person1344_virus_2320.jpeg,PNEUMONIA,1,virus,1480,train,train
2055,train/PNEUMONIA/person1345_bacteria_3422.jpeg,PNEUMONIA,1,bacteria,1481,train,train
2056,train/PNEUMONIA/person1345_bacteria_3424.jpeg,PNEUMONIA,1,bacteria,1481,train,train
2057,train/PNEUMONIA/person1345_bacteria_3425.jpeg,PNEUMONIA,1,bacteria,1481,train,train
2058,train/PNEUMONIA/person1345_bacteria_3426.jpeg,PNEUMONIA,1,bacteria,1481,train,train
2059,train/PNEUMONIA/person1345_bacteria_3427.jpeg,PNEUMONIA,1,bacteria,1481,train,train
2060,train/PNEUMONIA/person1345_bacteria_3428.jpeg,PNEUMONIA,1,bacteria,1481,train,train
2061,train/PNEUMONIA/person1345_virus_2321.jpeg,PNEUMONIA,1,virus,1481,train,train
2062,train/PNEUMONIA/person1346_bacteria_3430.jpeg,PNEUMONIA,1,bacteria,1482,train,val
2063,train/PNEUMONIA/person1346_virus_2322.jpeg,PNEUMONIA,1,virus,1482,train,val
2064,train/PNEUMONIA/person1347_virus_2323.jpeg,PNEUMONIA,1,virus,1483,train,train
2065,train/PNEUMONIA/person1348_virus_2324.jpeg,PNEUMONIA,1,virus,1484,train,test
2066,train/PNEUMONIA/person1348_virus_2326.jpeg,PNEUMONIA,1,virus,1484,train,test
2067,train/PNEUMONIA/person1349_bacteria_3434.jpeg,PNEUMONIA,1,bacteria,1485,train,train
2068,train/PNEUMONIA/person1349_bacteria_3436.jpeg,PNEUMONIA,1,bacteria,1485,train,train
2070,train/PNEUMONIA/person1349_bacteria_3438.jpeg,PNEUMONIA,1,bacteria,1485,train,train
2071,train/PNEUMONIA/person1349_bacteria_3439.jpeg,PNEUMONIA,1,bacteria,1485,train,train
2072,train/PNEUMONIA/person134_virus_268.jpeg,PNEUMONIA,1,virus,1475,train,train
2073,train/PNEUMONIA/person1350_virus_2329.jpeg,PNEUMONIA,1,virus,1487,train,test
2074,train/PNEUMONIA/person1351_bacteria_3441.jpeg,PNEUMONIA,1,bacteria,1488,train,test
2075,train/PNEUMONIA/person1351_virus_2330.jpeg,PNEUMONIA,1,virus,1488,train,test
2076,train/PNEUMONIA/person1352_bacteria_3442.jpeg,PNEUMONIA,1,bacteria,1489,train,train
2077,train/PNEUMONIA/person1352_bacteria_3443.jpeg,PNEUMONIA,1,bacteria,1489,train,train
2078,train/PNEUMONIA/person1352_bacteria_3444.jpeg,PNEUMONIA,1,bacteria,1489,train,train
2079,train/PNEUMONIA/person1352_bacteria_3445.jpeg,PNEUMONIA,1,bacteria,1489,train,train
2080,train/PNEUMONIA/person1353_bacteria_3446.jpeg,PNEUMONIA,1,bacteria,1490,train,test
2081,train/PNEUMONIA/person1353_virus_2333.jpeg,PNEUMONIA,1,virus,1490,train,test
2082,train/PNEUMONIA/person1354_bacteria_3448.jpeg,PNEUMONIA,1,bacteria,1491,train,test
2083,train/PNEUMONIA/person1355_bacteria_3449.jpeg,PNEUMONIA,1,bacteria,1492,train,train
2084,train/PNEUMONIA/person1355_bacteria_3452.jpeg,PNEUMONIA,1,bacteria,1492,train,train
2085,train/PNEUMONIA/person1355_virus_2336.jpeg,PNEUMONIA,1,virus,1492,train,train
2086,train/PNEUMONIA/person1356_virus_2337.jpeg,PNEUMONIA,1,virus,1493,train,test
2087,train/PNEUMONIA/person1357_virus_2338.jpeg,PNEUMONIA,1,virus,1494,train,val
2088,train/PNEUMONIA/person1358_bacteria_3463.jpeg,PNEUMONIA,1,bacteria,1495,train,train
2089,train/PNEUMONIA/person1358_bacteria_3465.jpeg,PNEUMONIA,1,bacteria,1495,train,train
2090,train/PNEUMONIA/person1358_virus_2339.jpeg,PNEUMONIA,1,virus,1495,train,train
2091,train/PNEUMONIA/person1359_virus_2340.jpeg,PNEUMONIA,1,virus,1496,train,test
2092,train/PNEUMONIA/person135_virus_270.jpeg,PNEUMONIA,1,virus,1486,train,train
2093,train/PNEUMONIA/person135_virus_271.jpeg,PNEUMONIA,1,virus,1486,train,train
2094,train/PNEUMONIA/person1360_virus_2341.jpeg,PNEUMONIA,1,virus,1498,train,train
2095,train/PNEUMONIA/person1361_bacteria_3476.jpeg,PNEUMONIA,1,bacteria,1499,train,train
2096,train/PNEUMONIA/person1361_bacteria_3477.jpeg,PNEUMONIA,1,bacteria,1499,train,train
2097,train/PNEUMONIA/person1361_virus_2342.jpeg,PNEUMONIA,1,virus,1499,train,train
2098,train/PNEUMONIA/person1361_virus_2344.jpeg,PNEUMONIA,1,virus,1499,train,train
2099,train/PNEUMONIA/person1362_virus_2345.jpeg,PNEUMONIA,1,virus,1500,train,train
2100,train/PNEUMONIA/person1363_bacteria_3483.jpeg,PNEUMONIA,1,bacteria,1501,train,train
2101,train/PNEUMONIA/person1363_bacteria_3484.jpeg,PNEUMONIA,1,bacteria,1501,train,train
2102,train/PNEUMONIA/person1363_virus_2346.jpeg,PNEUMONIA,1,virus,1501,train,train
2103,train/PNEUMONIA/person1365_bacteria_3489.jpeg,PNEUMONIA,1,bacteria,1502,train,val
2104,train/PNEUMONIA/person1365_virus_2348.jpeg,PNEUMONIA,1,virus,1502,train,val
2105,train/PNEUMONIA/person1366_bacteria_3490.jpeg,PNEUMONIA,1,bacteria,1503,train,train
2106,train/PNEUMONIA/person1366_virus_2349.jpeg,PNEUMONIA,1,virus,1503,train,train
2107,train/PNEUMONIA/person1367_virus_2351.jpeg,PNEUMONIA,1,virus,1504,train,test
2108,train/PNEUMONIA/person1368_virus_2352.jpeg,PNEUMONIA,1,virus,1505,train,train
2109,train/PNEUMONIA/person1368_virus_2353.jpeg,PNEUMONIA,1,virus,1505,train,train
2110,train/PNEUMONIA/person1368_virus_2354.jpeg,PNEUMONIA,1,virus,1505,train,train
2111,train/PNEUMONIA/person1369_virus_2355.jpeg,PNEUMONIA,1,virus,1506,train,val
2112,train/PNEUMONIA/person1369_virus_2356.jpeg,PNEUMONIA,1,virus,1506,train,val
2113,train/PNEUMONIA/person1371_virus_2361.jpeg,PNEUMONIA,1,virus,1508,train,val
2114,train/PNEUMONIA/person1371_virus_2362.jpeg,PNEUMONIA,1,virus,1508,train,val
2115,train/PNEUMONIA/person1372_bacteria_3498.jpeg,PNEUMONIA,1,bacteria,1509,train,train
2116,train/PNEUMONIA/person1372_bacteria_3499.jpeg,PNEUMONIA,1,bacteria,1509,train,train
2117,train/PNEUMONIA/person1372_bacteria_3500.jpeg,PNEUMONIA,1,bacteria,1509,train,train
2118,train/PNEUMONIA/person1372_bacteria_3501.jpeg,PNEUMONIA,1,bacteria,1509,train,train
2121,train/PNEUMONIA/person1374_bacteria_3506.jpeg,PNEUMONIA,1,bacteria,1510,train,train
2122,train/PNEUMONIA/person1374_bacteria_3507.jpeg,PNEUMONIA,1,bacteria,1510,train,train
2123,train/PNEUMONIA/person1374_virus_2365.jpeg,PNEUMONIA,1,virus,1510,train,train
2124,train/PNEUMONIA/person1375_bacteria_3509.jpeg,PNEUMONIA,1,bacteria,1511,train,train
2125,train/PNEUMONIA/person1375_bacteria_3510.jpeg,PNEUMONIA,1,bacteria,1511,train,train
2126,train/PNEUMONIA/person1375_virus_2366.jpeg,PNEUMONIA,1,virus,1511,train,train
2127,train/PNEUMONIA/person1376_bacteria_3511.jpeg,PNEUMONIA,1,bacteria,1512,train,test
2128,train/PNEUMONIA/person1376_virus_2367.jpeg,PNEUMONIA,1,virus,1512,train,test
2129,train/PNEUMONIA/person1377_bacteria_3512.jpeg,PNEUMONIA,1,bacteria,1513,train,val
2130,train/PNEUMONIA/person1377_virus_2369.jpeg,PNEUMONIA,1,virus,1513,train,val
2131,train/PNEUMONIA/person1378_bacteria_3513.jpeg,PNEUMONIA,1,bacteria,1514,train,test
2132,train/PNEUMONIA/person1379_bacteria_3514.jpeg,PNEUMONIA,1,bacteria,1515,train,train
2133,train/PNEUMONIA/person137_virus_281.jpeg,PNEUMONIA,1,virus,1507,train,test
2134,train/PNEUMONIA/person1380_bacteria_3515.jpeg,PNEUMONIA,1,bacteria,1517,train,train
2135,train/PNEUMONIA/person1381_bacteria_3516.jpeg,PNEUMONIA,1,bacteria,1518,train,test
2136,train/PNEUMONIA/person1381_bacteria_3517.jpeg,PNEUMONIA,1,bacteria,1518,train,test
2137,train/PNEUMONIA/person1381_virus_2375.jpeg,PNEUMONIA,1,virus,1518,train,test
2138,train/PNEUMONIA/person1383_bacteria_3521.jpeg,PNEUMONIA,1,bacteria,1519,train,train
2139,train/PNEUMONIA/person1383_virus_2377.jpeg,PNEUMONIA,1,virus,1519,train,train
2140,train/PNEUMONIA/person1384_bacteria_3522.jpeg,PNEUMONIA,1,bacteria,1520,train,test
2141,train/PNEUMONIA/person1385_bacteria_3524.jpeg,PNEUMONIA,1,bacteria,1521,train,val
2142,train/PNEUMONIA/person1385_virus_2380.jpeg,PNEUMONIA,1,virus,1521,train,val
2143,train/PNEUMONIA/person1387_virus_2382.jpeg,PNEUMONIA,1,virus,1522,train,val
2144,train/PNEUMONIA/person1388_bacteria_3529.jpeg,PNEUMONIA,1,bacteria,1523,train,test
2145,train/PNEUMONIA/person1389_bacteria_3531.jpeg,PNEUMONIA,1,bacteria,1524,train,val
2146,train/PNEUMONIA/person1389_virus_2387.jpeg,PNEUMONIA,1,virus,1524,train,val
2147,train/PNEUMONIA/person138_virus_282.jpeg,PNEUMONIA,1,virus,1516,train,train
2148,train/PNEUMONIA/person1390_bacteria_3534.jpeg,PNEUMONIA,1,bacteria,1526,train,train
2149,train/PNEUMONIA/person1390_bacteria_3535.jpeg,PNEUMONIA,1,bacteria,1526,train,train
2150,train/PNEUMONIA/person1391_bacteria_3536.jpeg,PNEUMONIA,1,bacteria,1527,train,train
2151,train/PNEUMONIA/person1391_bacteria_3537.jpeg,PNEUMONIA,1,bacteria,1527,train,train
2152,train/PNEUMONIA/person1392_bacteria_3538.jpeg,PNEUMONIA,1,bacteria,1528,train,val
2153,train/PNEUMONIA/person1393_virus_2396.jpeg,PNEUMONIA,1,virus,1529,train,train
2154,train/PNEUMONIA/person1394_virus_2397.jpeg,PNEUMONIA,1,virus,1530,train,test
2155,train/PNEUMONIA/person1395_bacteria_3544.jpeg,PNEUMONIA,1,bacteria,1531,train,train
2156,train/PNEUMONIA/person1395_virus_2398.jpeg,PNEUMONIA,1,virus,1531,train,train
2157,train/PNEUMONIA/person1396_bacteria_3545.jpeg,PNEUMONIA,1,bacteria,1532,train,train
2158,train/PNEUMONIA/person1396_virus_2399.jpeg,PNEUMONIA,1,virus,1532,train,train
2159,train/PNEUMONIA/person1397_virus_2400.jpeg,PNEUMONIA,1,virus,1533,train,val
2160,train/PNEUMONIA/person1398_bacteria_3548.jpeg,PNEUMONIA,1,bacteria,1534,train,train
2161,train/PNEUMONIA/person1398_virus_2401.jpeg,PNEUMONIA,1,virus,1534,train,train
2162,train/PNEUMONIA/person1399_bacteria_3549.jpeg,PNEUMONIA,1,bacteria,1535,train,train
2163,train/PNEUMONIA/person1399_virus_2402.jpeg,PNEUMONIA,1,virus,1535,train,train
2164,train/PNEUMONIA/person139_virus_283.jpeg,PNEUMONIA,1,virus,1525,train,train
2165,train/PNEUMONIA/person13_bacteria_49.jpeg,PNEUMONIA,1,bacteria,1433,train,test
2166,train/PNEUMONIA/person13_bacteria_50.jpeg,PNEUMONIA,1,bacteria,1433,train,test
2167,train/PNEUMONIA/person1400_bacteria_3550.jpeg,PNEUMONIA,1,bacteria,1538,train,train
2168,train/PNEUMONIA/person1400_bacteria_3551.jpeg,PNEUMONIA,1,bacteria,1538,train,train
2169,train/PNEUMONIA/person1400_bacteria_3553.jpeg,PNEUMONIA,1,bacteria,1538,train,train
2170,train/PNEUMONIA/person1400_bacteria_3554.jpeg,PNEUMONIA,1,bacteria,1538,train,train
2171,train/PNEUMONIA/person1401_bacteria_3555.jpeg,PNEUMONIA,1,bacteria,1539,train,val
2172,train/PNEUMONIA/person1402_virus_2405.jpeg,PNEUMONIA,1,virus,1540,train,train
2173,train/PNEUMONIA/person1403_bacteria_3557.jpeg,PNEUMONIA,1,bacteria,1541,train,train
2174,train/PNEUMONIA/person1403_bacteria_3559.jpeg,PNEUMONIA,1,bacteria,1541,train,train
2175,train/PNEUMONIA/person1403_virus_2406.jpeg,PNEUMONIA,1,virus,1541,train,train
2176,train/PNEUMONIA/person1404_bacteria_3561.jpeg,PNEUMONIA,1,bacteria,1542,train,val
2177,train/PNEUMONIA/person1405_bacteria_3564.jpeg,PNEUMONIA,1,bacteria,1543,train,train
2178,train/PNEUMONIA/person1405_bacteria_3566.jpeg,PNEUMONIA,1,bacteria,1543,train,train
2179,train/PNEUMONIA/person1405_bacteria_3567.jpeg,PNEUMONIA,1,bacteria,1543,train,train
2180,train/PNEUMONIA/person1405_bacteria_3571.jpeg,PNEUMONIA,1,bacteria,1543,train,train
2181,train/PNEUMONIA/person1405_bacteria_3573.jpeg,PNEUMONIA,1,bacteria,1543,train,train
2182,train/PNEUMONIA/person1405_virus_2408.jpeg,PNEUMONIA,1,virus,1543,train,train
2183,train/PNEUMONIA/person1406_bacteria_3574.jpeg,PNEUMONIA,1,bacteria,1544,train,train
2184,train/PNEUMONIA/person1406_bacteria_3575.jpeg,PNEUMONIA,1,bacteria,1544,train,train
2185,train/PNEUMONIA/person1406_virus_2409.jpeg,PNEUMONIA,1,virus,1544,train,train
2186,train/PNEUMONIA/person1407_virus_2410.jpeg,PNEUMONIA,1,virus,1545,train,test
2187,train/PNEUMONIA/person1408_bacteria_3579.jpeg,PNEUMONIA,1,bacteria,1546,train,train
2188,train/PNEUMONIA/person1408_bacteria_3581.jpeg,PNEUMONIA,1,bacteria,1546,train,train
2189,train/PNEUMONIA/person1408_virus_2411.jpeg,PNEUMONIA,1,virus,1546,train,train
2190,train/PNEUMONIA/person1409_bacteria_3583.jpeg,PNEUMONIA,1,bacteria,1547,train,train
2191,train/PNEUMONIA/person1409_bacteria_3585.jpeg,PNEUMONIA,1,bacteria,1547,train,train
2192,train/PNEUMONIA/person1409_virus_2413.jpeg,PNEUMONIA,1,virus,1547,train,train
2193,train/PNEUMONIA/person140_virus_284.jpeg,PNEUMONIA,1,virus,1537,train,train
2194,train/PNEUMONIA/person140_virus_285.jpeg,PNEUMONIA,1,virus,1537,train,train
2195,train/PNEUMONIA/person1411_bacteria_3591.jpeg,PNEUMONIA,1,bacteria,1549,train,train
2196,train/PNEUMONIA/person1411_bacteria_3593.jpeg,PNEUMONIA,1,bacteria,1549,train,train
2197,train/PNEUMONIA/person1411_bacteria_3598.jpeg,PNEUMONIA,1,bacteria,1549,train,train
2198,train/PNEUMONIA/person1411_bacteria_3599.jpeg,PNEUMONIA,1,bacteria,1549,train,train
2199,train/PNEUMONIA/person1411_bacteria_3601.jpeg,PNEUMONIA,1,bacteria,1549,train,train
2200,train/PNEUMONIA/person1411_bacteria_3602.jpeg,PNEUMONIA,1,bacteria,1549,train,train
2201,train/PNEUMONIA/person1411_bacteria_3603.jpeg,PNEUMONIA,1,bacteria,1549,train,train
2202,train/PNEUMONIA/person1411_bacteria_3604.jpeg,PNEUMONIA,1,bacteria,1549,train,train
2203,train/PNEUMONIA/person1411_bacteria_3607.jpeg,PNEUMONIA,1,bacteria,1549,train,train
2204,train/PNEUMONIA/person1411_bacteria_3609.jpeg,PNEUMONIA,1,bacteria,1549,train,train
2205,train/PNEUMONIA/person1411_bacteria_3610.jpeg,PNEUMONIA,1,bacteria,1549,train,train
2206,train/PNEUMONIA/person1411_virus_2415.jpeg,PNEUMONIA,1,virus,1549,train,train
2207,train/PNEUMONIA/person1412_bacteria_3612.jpeg,PNEUMONIA,1,bacteria,1550,train,val
2208,train/PNEUMONIA/person1413_bacteria_3613.jpeg,PNEUMONIA,1,bacteria,1551,train,train
2209,train/PNEUMONIA/person1413_bacteria_3615.jpeg,PNEUMONIA,1,bacteria,1551,train,train
2210,train/PNEUMONIA/person1413_bacteria_3617.jpeg,PNEUMONIA,1,bacteria,1551,train,train
2211,train/PNEUMONIA/person1413_bacteria_3620.jpeg,PNEUMONIA,1,bacteria,1551,train,train
2212,train/PNEUMONIA/person1413_virus_2422.jpeg,PNEUMONIA,1,virus,1551,train,train
2213,train/PNEUMONIA/person1413_virus_2423.jpeg,PNEUMONIA,1,virus,1551,train,train
2214,train/PNEUMONIA/person1414_bacteria_3627.jpeg,PNEUMONIA,1,bacteria,1552,train,train
2215,train/PNEUMONIA/person1414_bacteria_3628.jpeg,PNEUMONIA,1,bacteria,1552,train,train
2216,train/PNEUMONIA/person1414_virus_2424.jpeg,PNEUMONIA,1,virus,1552,train,train
2217,train/PNEUMONIA/person1415_bacteria_3629.jpeg,PNEUMONIA,1,bacteria,1553,train,val
2218,train/PNEUMONIA/person1415_virus_2425.jpeg,PNEUMONIA,1,virus,1553,train,val
2219,train/PNEUMONIA/person1416_virus_2427.jpeg,PNEUMONIA,1,virus,1554,train,test
2220,train/PNEUMONIA/person1417_bacteria_3635.jpeg,PNEUMONIA,1,bacteria,1555,train,test
2221,train/PNEUMONIA/person1418_bacteria_3636.jpeg,PNEUMONIA,1,bacteria,1556,train,train
2222,train/PNEUMONIA/person1418_bacteria_3637.jpeg,PNEUMONIA,1,bacteria,1556,train,train
2223,train/PNEUMONIA/person1418_bacteria_3638.jpeg,PNEUMONIA,1,bacteria,1556,train,train
2224,train/PNEUMONIA/person1418_bacteria_3639.jpeg,PNEUMONIA,1,bacteria,1556,train,train
2225,train/PNEUMONIA/person1418_bacteria_3643.jpeg,PNEUMONIA,1,bacteria,1556,train,train
2226,train/PNEUMONIA/person1418_virus_2429.jpeg,PNEUMONIA,1,virus,1556,train,train
2227,train/PNEUMONIA/person1419_bacteria_3645.jpeg,PNEUMONIA,1,bacteria,1557,train,val
2228,train/PNEUMONIA/person141_virus_287.jpeg,PNEUMONIA,1,virus,1548,train,train
2229,train/PNEUMONIA/person1420_bacteria_3647.jpeg,PNEUMONIA,1,bacteria,1559,train,test
2230,train/PNEUMONIA/person1420_virus_2431.jpeg,PNEUMONIA,1,virus,1559,train,test
2231,train/PNEUMONIA/person1422_bacteria_3649.jpeg,PNEUMONIA,1,bacteria,1560,train,val
2232,train/PNEUMONIA/person1422_virus_2434.jpeg,PNEUMONIA,1,virus,1560,train,val
2233,train/PNEUMONIA/person1423_bacteria_3650.jpeg,PNEUMONIA,1,bacteria,1561,train,train
2234,train/PNEUMONIA/person1424_bacteria_3651.jpeg,PNEUMONIA,1,bacteria,1562,train,val
2235,train/PNEUMONIA/person1424_virus_2437.jpeg,PNEUMONIA,1,virus,1562,train,val
2236,train/PNEUMONIA/person1425_virus_2438.jpeg,PNEUMONIA,1,virus,1563,train,test
2237,train/PNEUMONIA/person1426_bacteria_3667.jpeg,PNEUMONIA,1,bacteria,1564,train,train
2238,train/PNEUMONIA/person1426_bacteria_3668.jpeg,PNEUMONIA,1,bacteria,1564,train,train
2239,train/PNEUMONIA/person1426_virus_2439.jpeg,PNEUMONIA,1,virus,1564,train,train
2240,train/PNEUMONIA/person1427_virus_2441.jpeg,PNEUMONIA,1,virus,1565,train,train
2241,train/PNEUMONIA/person1428_virus_2442.jpeg,PNEUMONIA,1,virus,1566,train,train
2242,train/PNEUMONIA/person1429_bacteria_3688.jpeg,PNEUMONIA,1,bacteria,1567,train,train
2243,train/PNEUMONIA/person1429_bacteria_3690.jpeg,PNEUMONIA,1,bacteria,1567,train,train
2244,train/PNEUMONIA/person1429_bacteria_3691.jpeg,PNEUMONIA,1,bacteria,1567,train,train
2245,train/PNEUMONIA/person1429_virus_2443.jpeg,PNEUMONIA,1,virus,1567,train,train
2246,train/PNEUMONIA/person142_virus_288.jpeg,PNEUMONIA,1,virus,1558,train,train
2247,train/PNEUMONIA/person1430_bacteria_3693.jpeg,PNEUMONIA,1,bacteria,1569,train,train
2248,train/PNEUMONIA/person1430_bacteria_3694.jpeg,PNEUMONIA,1,bacteria,1569,train,train
2249,train/PNEUMONIA/person1430_bacteria_3695.jpeg,PNEUMONIA,1,bacteria,1569,train,train
2251,train/PNEUMONIA/person1430_bacteria_3697.jpeg,PNEUMONIA,1,bacteria,1569,train,train
2252,train/PNEUMONIA/person1430_virus_2444.jpeg,PNEUMONIA,1,virus,1569,train,train
2253,train/PNEUMONIA/person1431_bacteria_3698.jpeg,PNEUMONIA,1,bacteria,1570,train,val
2254,train/PNEUMONIA/person1432_bacteria_3699.jpeg,PNEUMONIA,1,bacteria,1571,train,val
2255,train/PNEUMONIA/person1433_bacteria_3701.jpeg,PNEUMONIA,1,bacteria,1572,train,train
2256,train/PNEUMONIA/person1433_bacteria_3704.jpeg,PNEUMONIA,1,bacteria,1572,train,train
2257,train/PNEUMONIA/person1433_bacteria_3705.jpeg,PNEUMONIA,1,bacteria,1572,train,train
2258,train/PNEUMONIA/person1433_virus_2447.jpeg,PNEUMONIA,1,virus,1572,train,train
2259,train/PNEUMONIA/person1436_bacteria_3711.jpeg,PNEUMONIA,1,bacteria,1573,train,train
2260,train/PNEUMONIA/person1436_bacteria_3712.jpeg,PNEUMONIA,1,bacteria,1573,train,train
2261,train/PNEUMONIA/person1438_bacteria_3715.jpeg,PNEUMONIA,1,bacteria,1574,train,train
2262,train/PNEUMONIA/person1438_bacteria_3718.jpeg,PNEUMONIA,1,bacteria,1574,train,train
2263,train/PNEUMONIA/person1438_bacteria_3721.jpeg,PNEUMONIA,1,bacteria,1574,train,train
2264,train/PNEUMONIA/person1438_virus_2452.jpeg,PNEUMONIA,1,virus,1574,train,train
2265,train/PNEUMONIA/person1439_bacteria_3722.jpeg,PNEUMONIA,1,bacteria,1575,train,test
2266,train/PNEUMONIA/person1439_virus_2453.jpeg,PNEUMONIA,1,virus,1575,train,test
2267,train/PNEUMONIA/person143_virus_289.jpeg,PNEUMONIA,1,virus,1568,train,train
2268,train/PNEUMONIA/person1440_bacteria_3723.jpeg,PNEUMONIA,1,bacteria,1577,train,test
2269,train/PNEUMONIA/person1441_bacteria_3724.jpeg,PNEUMONIA,1,bacteria,1578,train,train
2270,train/PNEUMONIA/person1441_virus_2454.jpeg,PNEUMONIA,1,virus,1578,train,train
2271,train/PNEUMONIA/person1441_virus_2457.jpeg,PNEUMONIA,1,virus,1578,train,train
2272,train/PNEUMONIA/person1442_bacteria_3726.jpeg,PNEUMONIA,1,bacteria,1579,train,val
2273,train/PNEUMONIA/person1444_bacteria_3732.jpeg,PNEUMONIA,1,bacteria,1580,train,test
2274,train/PNEUMONIA/person1445_bacteria_3734.jpeg,PNEUMONIA,1,bacteria,1581,train,train
2275,train/PNEUMONIA/person1445_bacteria_3735.jpeg,PNEUMONIA,1,bacteria,1581,train,train
2276,train/PNEUMONIA/person1446_bacteria_3737.jpeg,PNEUMONIA,1,bacteria,1582,train,train
2277,train/PNEUMONIA/person1446_bacteria_3739.jpeg,PNEUMONIA,1,bacteria,1582,train,train
2278,train/PNEUMONIA/person1446_bacteria_3740.jpeg,PNEUMONIA,1,bacteria,1582,train,train
2279,train/PNEUMONIA/person1447_bacteria_3741.jpeg,PNEUMONIA,1,bacteria,1583,train,test
2280,train/PNEUMONIA/person1448_virus_2468.jpeg,PNEUMONIA,1,virus,1584,train,train
2281,train/PNEUMONIA/person1449_bacteria_3743.jpeg,PNEUMONIA,1,bacteria,1585,train,train
2282,train/PNEUMONIA/person1449_bacteria_3745.jpeg,PNEUMONIA,1,bacteria,1585,train,train
2283,train/PNEUMONIA/person1449_bacteria_3746.jpeg,PNEUMONIA,1,bacteria,1585,train,train
2284,train/PNEUMONIA/person1449_bacteria_3747.jpeg,PNEUMONIA,1,bacteria,1585,train,train
2285,train/PNEUMONIA/person1449_virus_2474.jpeg,PNEUMONIA,1,virus,1585,train,train
2286,train/PNEUMONIA/person1449_virus_2476.jpeg,PNEUMONIA,1,virus,1585,train,train
2287,train/PNEUMONIA/person1450_bacteria_3753.jpeg,PNEUMONIA,1,bacteria,1587,train,test
2288,train/PNEUMONIA/person1451_virus_2479.jpeg,PNEUMONIA,1,virus,1588,train,val
2289,train/PNEUMONIA/person1451_virus_2480.jpeg,PNEUMONIA,1,virus,1588,train,val
2290,train/PNEUMONIA/person1451_virus_2482.jpeg,PNEUMONIA,1,virus,1588,train,val
2291,train/PNEUMONIA/person1452_virus_2484.jpeg,PNEUMONIA,1,virus,1589,train,test
2292,train/PNEUMONIA/person1453_bacteria_3770.jpeg,PNEUMONIA,1,bacteria,1590,train,train
2293,train/PNEUMONIA/person1453_bacteria_3771.jpeg,PNEUMONIA,1,bacteria,1590,train,train
2294,train/PNEUMONIA/person1453_bacteria_3772.jpeg,PNEUMONIA,1,bacteria,1590,train,train
2295,train/PNEUMONIA/person1453_virus_2485.jpeg,PNEUMONIA,1,virus,1590,train,train
2296,train/PNEUMONIA/person1454_bacteria_3774.jpeg,PNEUMONIA,1,bacteria,1591,train,train
2297,train/PNEUMONIA/person1454_bacteria_3778.jpeg,PNEUMONIA,1,bacteria,1591,train,train
2298,train/PNEUMONIA/person1454_bacteria_3779.jpeg,PNEUMONIA,1,bacteria,1591,train,train
2299,train/PNEUMONIA/person1454_bacteria_3780.jpeg,PNEUMONIA,1,bacteria,1591,train,train
2300,train/PNEUMONIA/person1454_bacteria_3781.jpeg,PNEUMONIA,1,bacteria,1591,train,train
2301,train/PNEUMONIA/person1454_bacteria_3782.jpeg,PNEUMONIA,1,bacteria,1591,train,train
2302,train/PNEUMONIA/person1454_virus_2486.jpeg,PNEUMONIA,1,virus,1591,train,train
2303,train/PNEUMONIA/person1455_bacteria_3784.jpeg,PNEUMONIA,1,bacteria,1592,train,train
2304,train/PNEUMONIA/person1455_virus_2487.jpeg,PNEUMONIA,1,virus,1592,train,train
2305,train/PNEUMONIA/person1455_virus_2488.jpeg,PNEUMONIA,1,virus,1592,train,train
2306,train/PNEUMONIA/person1455_virus_2489.jpeg,PNEUMONIA,1,virus,1592,train,train
2307,train/PNEUMONIA/person1455_virus_2490.jpeg,PNEUMONIA,1,virus,1592,train,train
2308,train/PNEUMONIA/person1455_virus_2492.jpeg,PNEUMONIA,1,virus,1592,train,train
2309,train/PNEUMONIA/person1455_virus_2496.jpeg,PNEUMONIA,1,virus,1592,train,train
2310,train/PNEUMONIA/person1457_virus_2498.jpeg,PNEUMONIA,1,virus,1593,train,train
2311,train/PNEUMONIA/person1458_virus_2501.jpeg,PNEUMONIA,1,virus,1594,train,train
2312,train/PNEUMONIA/person1458_virus_2502.jpeg,PNEUMONIA,1,virus,1594,train,train
2313,train/PNEUMONIA/person1458_virus_2503.jpeg,PNEUMONIA,1,virus,1594,train,train
2314,train/PNEUMONIA/person1459_bacteria_3796.jpeg,PNEUMONIA,1,bacteria,1595,train,train
2315,train/PNEUMONIA/person1459_bacteria_3797.jpeg,PNEUMONIA,1,bacteria,1595,train,train
2316,train/PNEUMONIA/person1459_virus_2506.jpeg,PNEUMONIA,1,virus,1595,train,train
2317,train/PNEUMONIA/person145_virus_294.jpeg,PNEUMONIA,1,virus,1586,train,train
2318,train/PNEUMONIA/person145_virus_295.jpeg,PNEUMONIA,1,virus,1586,train,train
2319,train/PNEUMONIA/person1460_bacteria_3801.jpeg,PNEUMONIA,1,bacteria,1597,train,train
2320,train/PNEUMONIA/person1460_bacteria_3805.jpeg,PNEUMONIA,1,bacteria,1597,train,train
2321,train/PNEUMONIA/person1460_virus_2507.jpeg,PNEUMONIA,1,virus,1597,train,train
2322,train/PNEUMONIA/person1460_virus_2509.jpeg,PNEUMONIA,1,virus,1597,train,train
2323,train/PNEUMONIA/person1461_virus_2510.jpeg,PNEUMONIA,1,virus,1598,train,train
2324,train/PNEUMONIA/person1462_virus_2512.jpeg,PNEUMONIA,1,virus,1599,train,train
2325,train/PNEUMONIA/person1463_bacteria_3808.jpeg,PNEUMONIA,1,bacteria,1600,train,train
2326,train/PNEUMONIA/person1463_bacteria_3809.jpeg,PNEUMONIA,1,bacteria,1600,train,train
2327,train/PNEUMONIA/person1463_bacteria_3811.jpeg,PNEUMONIA,1,bacteria,1600,train,train
2328,train/PNEUMONIA/person1463_virus_2516.jpeg,PNEUMONIA,1,virus,1600,train,train
2329,train/PNEUMONIA/person1465_virus_2530.jpeg,PNEUMONIA,1,virus,1601,train,train
2330,train/PNEUMONIA/person1465_virus_2531.jpeg,PNEUMONIA,1,virus,1601,train,train
2331,train/PNEUMONIA/person1465_virus_2532.jpeg,PNEUMONIA,1,virus,1601,train,train
2332,train/PNEUMONIA/person1465_virus_2537.jpeg,PNEUMONIA,1,virus,1601,train,train
2333,train/PNEUMONIA/person1466_virus_2541.jpeg,PNEUMONIA,1,virus,1602,train,train
2334,train/PNEUMONIA/person1466_virus_2542.jpeg,PNEUMONIA,1,virus,1602,train,train
2335,train/PNEUMONIA/person1466_virus_2543.jpeg,PNEUMONIA,1,virus,1602,train,train
2336,train/PNEUMONIA/person1467_virus_2544.jpeg,PNEUMONIA,1,virus,1603,train,train
2337,train/PNEUMONIA/person1468_bacteria_3822.jpeg,PNEUMONIA,1,bacteria,1604,train,test
2338,train/PNEUMONIA/person1468_virus_2545.jpeg,PNEUMONIA,1,virus,1604,train,test
2339,train/PNEUMONIA/person1468_virus_2546.jpeg,PNEUMONIA,1,virus,1604,train,test
2340,train/PNEUMONIA/person1469_bacteria_3824.jpeg,PNEUMONIA,1,bacteria,1605,train,val
2341,train/PNEUMONIA/person1469_bacteria_3827.jpeg,PNEUMONIA,1,bacteria,1605,train,val
2342,train/PNEUMONIA/person1469_virus_2547.jpeg,PNEUMONIA,1,virus,1605,train,val
2343,train/PNEUMONIA/person146_virus_296.jpeg,PNEUMONIA,1,virus,1596,train,train
2344,train/PNEUMONIA/person1470_bacteria_3829.jpeg,PNEUMONIA,1,bacteria,1607,train,val
2345,train/PNEUMONIA/person1470_bacteria_3830.jpeg,PNEUMONIA,1,bacteria,1607,train,val
2346,train/PNEUMONIA/person1471_bacteria_3831.jpeg,PNEUMONIA,1,bacteria,1608,train,val
2347,train/PNEUMONIA/person1471_virus_2549.jpeg,PNEUMONIA,1,virus,1608,train,val
2348,train/PNEUMONIA/person1472_bacteria_3833.jpeg,PNEUMONIA,1,bacteria,1609,train,train
2349,train/PNEUMONIA/person1472_bacteria_3834.jpeg,PNEUMONIA,1,bacteria,1609,train,train
2350,train/PNEUMONIA/person1472_virus_2550.jpeg,PNEUMONIA,1,virus,1609,train,train
2351,train/PNEUMONIA/person1473_bacteria_3836.jpeg,PNEUMONIA,1,bacteria,1610,train,train
2352,train/PNEUMONIA/person1473_virus_2551.jpeg,PNEUMONIA,1,virus,1610,train,train
2353,train/PNEUMONIA/person1473_virus_2553.jpeg,PNEUMONIA,1,virus,1610,train,train
2354,train/PNEUMONIA/person1474_bacteria_3837.jpeg,PNEUMONIA,1,bacteria,1611,train,test
2355,train/PNEUMONIA/person1474_virus_2556.jpeg,PNEUMONIA,1,virus,1611,train,test
2356,train/PNEUMONIA/person1474_virus_2557.jpeg,PNEUMONIA,1,virus,1611,train,test
2357,train/PNEUMONIA/person1475_virus_2558.jpeg,PNEUMONIA,1,virus,1612,train,test
2358,train/PNEUMONIA/person1476_bacteria_3842.jpeg,PNEUMONIA,1,bacteria,1613,train,train
2359,train/PNEUMONIA/person1476_bacteria_3843.jpeg,PNEUMONIA,1,bacteria,1613,train,train
2360,train/PNEUMONIA/person1476_virus_2560.jpeg,PNEUMONIA,1,virus,1613,train,train
2361,train/PNEUMONIA/person1477_virus_2561.jpeg,PNEUMONIA,1,virus,1614,train,test
2362,train/PNEUMONIA/person1478_bacteria_3848.jpeg,PNEUMONIA,1,bacteria,1615,train,train
2363,train/PNEUMONIA/person147_virus_297.jpeg,PNEUMONIA,1,virus,1606,train,train
2364,train/PNEUMONIA/person1480_bacteria_3858.jpeg,PNEUMONIA,1,bacteria,1617,train,test
2365,train/PNEUMONIA/person1480_bacteria_3859.jpeg,PNEUMONIA,1,bacteria,1617,train,test
2366,train/PNEUMONIA/person1480_virus_2566.jpeg,PNEUMONIA,1,virus,1617,train,test
2367,train/PNEUMONIA/person1481_bacteria_3862.jpeg,PNEUMONIA,1,bacteria,1618,train,train
2369,train/PNEUMONIA/person1481_bacteria_3864.jpeg,PNEUMONIA,1,bacteria,1618,train,train
2371,train/PNEUMONIA/person1481_bacteria_3866.jpeg,PNEUMONIA,1,bacteria,1618,train,train
2373,train/PNEUMONIA/person1481_bacteria_3868.jpeg,PNEUMONIA,1,bacteria,1618,train,train
2374,train/PNEUMONIA/person1481_virus_2567.jpeg,PNEUMONIA,1,virus,1618,train,train
2375,train/PNEUMONIA/person1482_bacteria_3870.jpeg,PNEUMONIA,1,bacteria,1619,train,train
2376,train/PNEUMONIA/person1482_bacteria_3874.jpeg,PNEUMONIA,1,bacteria,1619,train,train
2377,train/PNEUMONIA/person1482_virus_2569.jpeg,PNEUMONIA,1,virus,1619,train,train
2378,train/PNEUMONIA/person1482_virus_2570.jpeg,PNEUMONIA,1,virus,1619,train,train
2379,train/PNEUMONIA/person1482_virus_2571.jpeg,PNEUMONIA,1,virus,1619,train,train
2380,train/PNEUMONIA/person1482_virus_2572.jpeg,PNEUMONIA,1,virus,1619,train,train
2381,train/PNEUMONIA/person1482_virus_2573.jpeg,PNEUMONIA,1,virus,1619,train,train
2382,train/PNEUMONIA/person1483_bacteria_3876.jpeg,PNEUMONIA,1,bacteria,1620,train,test
2383,train/PNEUMONIA/person1483_virus_2574.jpeg,PNEUMONIA,1,virus,1620,train,test
2384,train/PNEUMONIA/person1484_bacteria_3878.jpeg,PNEUMONIA,1,bacteria,1621,train,train
2385,train/PNEUMONIA/person1484_virus_2576.jpeg,PNEUMONIA,1,virus,1621,train,train
2386,train/PNEUMONIA/person1484_virus_2577.jpeg,PNEUMONIA,1,virus,1621,train,train
2387,train/PNEUMONIA/person1486_bacteria_3881.jpeg,PNEUMONIA,1,bacteria,1622,train,train
2388,train/PNEUMONIA/person1486_bacteria_3883.jpeg,PNEUMONIA,1,bacteria,1622,train,train
2389,train/PNEUMONIA/person1486_bacteria_3884.jpeg,PNEUMONIA,1,bacteria,1622,train,train
2390,train/PNEUMONIA/person1486_bacteria_3885.jpeg,PNEUMONIA,1,bacteria,1622,train,train
2391,train/PNEUMONIA/person1486_virus_2580.jpeg,PNEUMONIA,1,virus,1622,train,train
2392,train/PNEUMONIA/person1488_bacteria_3887.jpeg,PNEUMONIA,1,bacteria,1623,train,train
2393,train/PNEUMONIA/person1488_virus_2585.jpeg,PNEUMONIA,1,virus,1623,train,train
2394,train/PNEUMONIA/person1488_virus_2587.jpeg,PNEUMONIA,1,virus,1623,train,train
2395,train/PNEUMONIA/person1488_virus_2589.jpeg,PNEUMONIA,1,virus,1623,train,train
2396,train/PNEUMONIA/person1488_virus_2592.jpeg,PNEUMONIA,1,virus,1623,train,train
2397,train/PNEUMONIA/person1488_virus_2593.jpeg,PNEUMONIA,1,virus,1623,train,train
2398,train/PNEUMONIA/person1489_bacteria_3889.jpeg,PNEUMONIA,1,bacteria,1624,train,train
2399,train/PNEUMONIA/person1489_virus_2594.jpeg,PNEUMONIA,1,virus,1624,train,train
2400,train/PNEUMONIA/person148_virus_298.jpeg,PNEUMONIA,1,virus,1616,train,test
2401,train/PNEUMONIA/person1490_bacteria_3891.jpeg,PNEUMONIA,1,bacteria,1626,train,val
2402,train/PNEUMONIA/person1490_virus_2596.jpeg,PNEUMONIA,1,virus,1626,train,val
2403,train/PNEUMONIA/person1491_bacteria_3892.jpeg,PNEUMONIA,1,bacteria,1627,train,train
2404,train/PNEUMONIA/person1491_bacteria_3893.jpeg,PNEUMONIA,1,bacteria,1627,train,train
2405,train/PNEUMONIA/person1491_virus_2597.jpeg,PNEUMONIA,1,virus,1627,train,train
2406,train/PNEUMONIA/person1492_bacteria_3894.jpeg,PNEUMONIA,1,bacteria,1628,train,val
2407,train/PNEUMONIA/person1492_virus_2599.jpeg,PNEUMONIA,1,virus,1628,train,val
2408,train/PNEUMONIA/person1493_bacteria_3895.jpeg,PNEUMONIA,1,bacteria,1629,train,train
2409,train/PNEUMONIA/person1493_bacteria_3896.jpeg,PNEUMONIA,1,bacteria,1629,train,train
2410,train/PNEUMONIA/person1493_bacteria_3897.jpeg,PNEUMONIA,1,bacteria,1629,train,train
2411,train/PNEUMONIA/person1493_bacteria_3898.jpeg,PNEUMONIA,1,bacteria,1629,train,train
2412,train/PNEUMONIA/person1493_bacteria_3899.jpeg,PNEUMONIA,1,bacteria,1629,train,train
2413,train/PNEUMONIA/person1494_bacteria_3901.jpeg,PNEUMONIA,1,bacteria,1630,train,val
2414,train/PNEUMONIA/person1494_virus_2601.jpeg,PNEUMONIA,1,virus,1630,train,val
2415,train/PNEUMONIA/person1495_virus_2603.jpeg,PNEUMONIA,1,virus,1631,train,val
2416,train/PNEUMONIA/person1496_bacteria_3905.jpeg,PNEUMONIA,1,bacteria,1632,train,train
2417,train/PNEUMONIA/person1496_bacteria_3906.jpeg,PNEUMONIA,1,bacteria,1632,train,train
2418,train/PNEUMONIA/person1496_bacteria_3907.jpeg,PNEUMONIA,1,bacteria,1632,train,train
2419,train/PNEUMONIA/person1496_bacteria_3908.jpeg,PNEUMONIA,1,bacteria,1632,train,train
2420,train/PNEUMONIA/person1496_bacteria_3909.jpeg,PNEUMONIA,1,bacteria,1632,train,train
2422,train/PNEUMONIA/person1496_bacteria_3911.jpeg,PNEUMONIA,1,bacteria,1632,train,train
2423,train/PNEUMONIA/person1496_virus_2605.jpeg,PNEUMONIA,1,virus,1632,train,train
2424,train/PNEUMONIA/person1496_virus_2606.jpeg,PNEUMONIA,1,virus,1632,train,train
2425,train/PNEUMONIA/person1497_bacteria_3912.jpeg,PNEUMONIA,1,bacteria,1633,train,train
2426,train/PNEUMONIA/person1497_virus_2607.jpeg,PNEUMONIA,1,virus,1633,train,train
2427,train/PNEUMONIA/person1499_bacteria_3915.jpeg,PNEUMONIA,1,bacteria,1634,train,val
2428,train/PNEUMONIA/person1499_virus_2609.jpeg,PNEUMONIA,1,virus,1634,train,val
2429,train/PNEUMONIA/person149_virus_299.jpeg,PNEUMONIA,1,virus,1625,train,val
2430,train/PNEUMONIA/person14_bacteria_51.jpeg,PNEUMONIA,1,bacteria,1536,train,test
2431,train/PNEUMONIA/person1500_bacteria_3916.jpeg,PNEUMONIA,1,bacteria,1637,train,val
2432,train/PNEUMONIA/person1500_virus_2610.jpeg,PNEUMONIA,1,virus,1637,train,val
2433,train/PNEUMONIA/person1501_virus_2611.jpeg,PNEUMONIA,1,virus,1638,train,val
2434,train/PNEUMONIA/person1502_bacteria_3922.jpeg,PNEUMONIA,1,bacteria,1639,train,train
2435,train/PNEUMONIA/person1502_bacteria_3923.jpeg,PNEUMONIA,1,bacteria,1639,train,train
2436,train/PNEUMONIA/person1502_bacteria_3924.jpeg,PNEUMONIA,1,bacteria,1639,train,train
2437,train/PNEUMONIA/person1502_bacteria_3925.jpeg,PNEUMONIA,1,bacteria,1639,train,train
2438,train/PNEUMONIA/person1502_bacteria_3927.jpeg,PNEUMONIA,1,bacteria,1639,train,train
2439,train/PNEUMONIA/person1502_bacteria_3928.jpeg,PNEUMONIA,1,bacteria,1639,train,train
2440,train/PNEUMONIA/person1502_bacteria_3929.jpeg,PNEUMONIA,1,bacteria,1639,train,train
2441,train/PNEUMONIA/person1502_virus_2612.jpeg,PNEUMONIA,1,virus,1639,train,train
2442,train/PNEUMONIA/person1503_virus_2613.jpeg,PNEUMONIA,1,virus,1640,train,test
2443,train/PNEUMONIA/person1504_bacteria_3931.jpeg,PNEUMONIA,1,bacteria,1641,train,test
2444,train/PNEUMONIA/person1504_virus_2614.jpeg,PNEUMONIA,1,virus,1641,train,test
2445,train/PNEUMONIA/person1505_virus_2615.jpeg,PNEUMONIA,1,virus,1642,train,val
2446,train/PNEUMONIA/person1506_bacteria_3933.jpeg,PNEUMONIA,1,bacteria,1643,train,test
2447,train/PNEUMONIA/person1506_virus_2616.jpeg,PNEUMONIA,1,virus,1643,train,test
2448,train/PNEUMONIA/person1507_bacteria_3935.jpeg,PNEUMONIA,1,bacteria,1644,train,train
2449,train/PNEUMONIA/person1507_bacteria_3942.jpeg,PNEUMONIA,1,bacteria,1644,train,train
2450,train/PNEUMONIA/person1507_bacteria_3943.jpeg,PNEUMONIA,1,bacteria,1644,train,train
2451,train/PNEUMONIA/person1507_bacteria_3944.jpeg,PNEUMONIA,1,bacteria,1644,train,train
2452,train/PNEUMONIA/person1507_bacteria_3945.jpeg,PNEUMONIA,1,bacteria,1644,train,train
2453,train/PNEUMONIA/person1507_bacteria_3946.jpeg,PNEUMONIA,1,bacteria,1644,train,train
2454,train/PNEUMONIA/person1507_bacteria_3947.jpeg,PNEUMONIA,1,bacteria,1644,train,train
2455,train/PNEUMONIA/person1507_bacteria_3948.jpeg,PNEUMONIA,1,bacteria,1644,train,train
2456,train/PNEUMONIA/person1508_bacteria_3949.jpeg,PNEUMONIA,1,bacteria,1645,train,test
2457,train/PNEUMONIA/person1509_bacteria_3951.jpeg,PNEUMONIA,1,bacteria,1646,train,train
2458,train/PNEUMONIA/person1509_virus_2621.jpeg,PNEUMONIA,1,virus,1646,train,train
2459,train/PNEUMONIA/person1510_virus_2628.jpeg,PNEUMONIA,1,virus,1648,train,train
2460,train/PNEUMONIA/person1510_virus_2629.jpeg,PNEUMONIA,1,virus,1648,train,train
2461,train/PNEUMONIA/person1511_bacteria_3955.jpeg,PNEUMONIA,1,bacteria,1649,train,train
2462,train/PNEUMONIA/person1512_bacteria_3958.jpeg,PNEUMONIA,1,bacteria,1650,train,train
2463,train/PNEUMONIA/person1512_virus_2631.jpeg,PNEUMONIA,1,virus,1650,train,train
2464,train/PNEUMONIA/person1513_bacteria_3962.jpeg,PNEUMONIA,1,bacteria,1651,train,train
2465,train/PNEUMONIA/person1513_virus_2632.jpeg,PNEUMONIA,1,virus,1651,train,train
2466,train/PNEUMONIA/person1514_bacteria_3964.jpeg,PNEUMONIA,1,bacteria,1652,train,val
2467,train/PNEUMONIA/person1514_virus_2633.jpeg,PNEUMONIA,1,virus,1652,train,val
2468,train/PNEUMONIA/person1516_virus_2643.jpeg,PNEUMONIA,1,virus,1653,train,train
2469,train/PNEUMONIA/person1517_bacteria_3968.jpeg,PNEUMONIA,1,bacteria,1654,train,test
2470,train/PNEUMONIA/person1517_virus_2644.jpeg,PNEUMONIA,1,virus,1654,train,test
2471,train/PNEUMONIA/person1518_bacteria_3969.jpeg,PNEUMONIA,1,bacteria,1655,train,test
2472,train/PNEUMONIA/person1518_virus_2645.jpeg,PNEUMONIA,1,virus,1655,train,test
2473,train/PNEUMONIA/person1519_bacteria_3970.jpeg,PNEUMONIA,1,bacteria,1656,train,val
2474,train/PNEUMONIA/person1519_virus_2646.jpeg,PNEUMONIA,1,virus,1656,train,val
2475,train/PNEUMONIA/person151_virus_301.jpeg,PNEUMONIA,1,virus,1647,train,train
2476,train/PNEUMONIA/person151_virus_302.jpeg,PNEUMONIA,1,virus,1647,train,train
2477,train/PNEUMONIA/person1520_bacteria_3971.jpeg,PNEUMONIA,1,bacteria,1658,train,train
2478,train/PNEUMONIA/person1520_virus_2647.jpeg,PNEUMONIA,1,virus,1658,train,train
2479,train/PNEUMONIA/person1521_virus_2649.jpeg,PNEUMONIA,1,virus,1659,train,val
2480,train/PNEUMONIA/person1522_bacteria_3977.jpeg,PNEUMONIA,1,bacteria,1660,train,test
2481,train/PNEUMONIA/person1522_virus_2651.jpeg,PNEUMONIA,1,virus,1660,train,test
2482,train/PNEUMONIA/person1523_bacteria_3979.jpeg,PNEUMONIA,1,bacteria,1661,train,train
2483,train/PNEUMONIA/person1523_bacteria_3980.jpeg,PNEUMONIA,1,bacteria,1661,train,train
2484,train/PNEUMONIA/person1524_bacteria_3983.jpeg,PNEUMONIA,1,bacteria,1662,train,train
2485,train/PNEUMONIA/person1524_bacteria_3984.jpeg,PNEUMONIA,1,bacteria,1662,train,train
2486,train/PNEUMONIA/person1524_virus_2658.jpeg,PNEUMONIA,1,virus,1662,train,train
2487,train/PNEUMONIA/person1525_bacteria_3985.jpeg,PNEUMONIA,1,bacteria,1663,train,train
2488,train/PNEUMONIA/person1525_virus_2659.jpeg,PNEUMONIA,1,virus,1663,train,train
2489,train/PNEUMONIA/person1526_bacteria_3986.jpeg,PNEUMONIA,1,bacteria,1664,train,test
2490,train/PNEUMONIA/person1526_virus_2660.jpeg,PNEUMONIA,1,virus,1664,train,test
2491,train/PNEUMONIA/person1527_bacteria_3988.jpeg,PNEUMONIA,1,bacteria,1665,train,train
2492,train/PNEUMONIA/person1527_bacteria_3989.jpeg,PNEUMONIA,1,bacteria,1665,train,train
2493,train/PNEUMONIA/person1527_bacteria_3990.jpeg,PNEUMONIA,1,bacteria,1665,train,train
2494,train/PNEUMONIA/person1527_virus_2661.jpeg,PNEUMONIA,1,virus,1665,train,train
2495,train/PNEUMONIA/person1528_bacteria_3991.jpeg,PNEUMONIA,1,bacteria,1666,train,train
2496,train/PNEUMONIA/person1528_bacteria_3996.jpeg,PNEUMONIA,1,bacteria,1666,train,train
2497,train/PNEUMONIA/person1528_virus_2662.jpeg,PNEUMONIA,1,virus,1666,train,train
2498,train/PNEUMONIA/person1529_virus_2663.jpeg,PNEUMONIA,1,virus,1667,train,test
2499,train/PNEUMONIA/person152_virus_303.jpeg,PNEUMONIA,1,virus,1657,train,train
2500,train/PNEUMONIA/person1530_bacteria_4000.jpeg,PNEUMONIA,1,bacteria,1669,train,train
2501,train/PNEUMONIA/person1530_virus_2664.jpeg,PNEUMONIA,1,virus,1669,train,train
2502,train/PNEUMONIA/person1531_bacteria_4003.jpeg,PNEUMONIA,1,bacteria,1670,train,train
2503,train/PNEUMONIA/person1531_virus_2666.jpeg,PNEUMONIA,1,virus,1670,train,train
2504,train/PNEUMONIA/person1532_virus_2667.jpeg,PNEUMONIA,1,virus,1671,train,train
2505,train/PNEUMONIA/person1534_virus_2670.jpeg,PNEUMONIA,1,virus,1672,train,test
2506,train/PNEUMONIA/person1535_bacteria_4015.jpeg,PNEUMONIA,1,bacteria,1673,train,train
2507,train/PNEUMONIA/person1535_bacteria_4016.jpeg,PNEUMONIA,1,bacteria,1673,train,train
2508,train/PNEUMONIA/person1535_bacteria_4017.jpeg,PNEUMONIA,1,bacteria,1673,train,train
2509,train/PNEUMONIA/person1535_virus_2672.jpeg,PNEUMONIA,1,virus,1673,train,train
2510,train/PNEUMONIA/person1536_bacteria_4018.jpeg,PNEUMONIA,1,bacteria,1674,train,train
2511,train/PNEUMONIA/person1536_virus_2673.jpeg,PNEUMONIA,1,virus,1674,train,train
2512,train/PNEUMONIA/person1537_bacteria_4019.jpeg,PNEUMONIA,1,bacteria,1675,train,test
2513,train/PNEUMONIA/person1537_bacteria_4020.jpeg,PNEUMONIA,1,bacteria,1675,train,test
2514,train/PNEUMONIA/person1537_virus_2674.jpeg,PNEUMONIA,1,virus,1675,train,test
2515,train/PNEUMONIA/person1538_bacteria_4021.jpeg,PNEUMONIA,1,bacteria,1676,train,val
2516,train/PNEUMONIA/person1539_bacteria_4022.jpeg,PNEUMONIA,1,bacteria,1677,train,train
2517,train/PNEUMONIA/person1539_virus_2678.jpeg,PNEUMONIA,1,virus,1677,train,train
2518,train/PNEUMONIA/person1539_virus_2679.jpeg,PNEUMONIA,1,virus,1677,train,train
2519,train/PNEUMONIA/person153_virus_304.jpeg,PNEUMONIA,1,virus,1668,train,train
2520,train/PNEUMONIA/person1540_bacteria_4023.jpeg,PNEUMONIA,1,bacteria,1679,train,val
2521,train/PNEUMONIA/person1540_virus_2680.jpeg,PNEUMONIA,1,virus,1679,train,val
2522,train/PNEUMONIA/person1541_virus_2681.jpeg,PNEUMONIA,1,virus,1680,train,test
2523,train/PNEUMONIA/person1542_bacteria_4029.jpeg,PNEUMONIA,1,bacteria,1681,train,test
2524,train/PNEUMONIA/person1542_virus_2683.jpeg,PNEUMONIA,1,virus,1681,train,test
2525,train/PNEUMONIA/person1543_virus_2684.jpeg,PNEUMONIA,1,virus,1682,train,train
2526,train/PNEUMONIA/person1544_bacteria_4033.jpeg,PNEUMONIA,1,bacteria,1683,train,train
2527,train/PNEUMONIA/person1544_bacteria_4035.jpeg,PNEUMONIA,1,bacteria,1683,train,train
2528,train/PNEUMONIA/person1544_bacteria_4037.jpeg,PNEUMONIA,1,bacteria,1683,train,train
2529,train/PNEUMONIA/person1544_bacteria_4038.jpeg,PNEUMONIA,1,bacteria,1683,train,train
2530,train/PNEUMONIA/person1544_virus_2685.jpeg,PNEUMONIA,1,virus,1683,train,train
2531,train/PNEUMONIA/person1545_bacteria_4041.jpeg,PNEUMONIA,1,bacteria,1684,train,val
2532,train/PNEUMONIA/person1545_bacteria_4042.jpeg,PNEUMONIA,1,bacteria,1684,train,val
2533,train/PNEUMONIA/person1546_bacteria_4044.jpeg,PNEUMONIA,1,bacteria,1685,train,train
2534,train/PNEUMONIA/person1546_bacteria_4045.jpeg,PNEUMONIA,1,bacteria,1685,train,train
2535,train/PNEUMONIA/person1546_virus_2687.jpeg,PNEUMONIA,1,virus,1685,train,train
2536,train/PNEUMONIA/person1547_virus_2688.jpeg,PNEUMONIA,1,virus,1686,train,val
2537,train/PNEUMONIA/person1548_bacteria_4048.jpeg,PNEUMONIA,1,bacteria,1687,train,train
2538,train/PNEUMONIA/person1548_virus_2689.jpeg,PNEUMONIA,1,virus,1687,train,train
2539,train/PNEUMONIA/person1549_bacteria_4050.jpeg,PNEUMONIA,1,bacteria,1688,train,val
2540,train/PNEUMONIA/person1549_virus_2690.jpeg,PNEUMONIA,1,virus,1688,train,val
2541,train/PNEUMONIA/person154_virus_305.jpeg,PNEUMONIA,1,virus,1678,train,train
2542,train/PNEUMONIA/person154_virus_306.jpeg,PNEUMONIA,1,virus,1678,train,train
2543,train/PNEUMONIA/person1550_bacteria_4051.jpeg,PNEUMONIA,1,bacteria,1690,train,val
2544,train/PNEUMONIA/person1550_virus_2691.jpeg,PNEUMONIA,1,virus,1690,train,val
2545,train/PNEUMONIA/person1551_bacteria_4053.jpeg,PNEUMONIA,1,bacteria,1691,train,train
2546,train/PNEUMONIA/person1551_bacteria_4054.jpeg,PNEUMONIA,1,bacteria,1691,train,train
2547,train/PNEUMONIA/person1551_virus_2692.jpeg,PNEUMONIA,1,virus,1691,train,train
2548,train/PNEUMONIA/person1552_bacteria_4055.jpeg,PNEUMONIA,1,bacteria,1692,train,val
2549,train/PNEUMONIA/person1554_bacteria_4057.jpeg,PNEUMONIA,1,bacteria,1693,train,val
2550,train/PNEUMONIA/person1554_virus_2696.jpeg,PNEUMONIA,1,virus,1693,train,val
2551,train/PNEUMONIA/person1555_bacteria_4058.jpeg,PNEUMONIA,1,bacteria,1694,train,test
2552,train/PNEUMONIA/person1555_bacteria_4059.jpeg,PNEUMONIA,1,bacteria,1694,train,test
2553,train/PNEUMONIA/person1555_bacteria_4060.jpeg,PNEUMONIA,1,bacteria,1694,train,test
2554,train/PNEUMONIA/person1556_bacteria_4061.jpeg,PNEUMONIA,1,bacteria,1695,train,train
2555,train/PNEUMONIA/person1556_bacteria_4062.jpeg,PNEUMONIA,1,bacteria,1695,train,train
2556,train/PNEUMONIA/person1556_virus_2699.jpeg,PNEUMONIA,1,virus,1695,train,train
2557,train/PNEUMONIA/person1557_bacteria_4063.jpeg,PNEUMONIA,1,bacteria,1696,train,test
2558,train/PNEUMONIA/person1557_bacteria_4065.jpeg,PNEUMONIA,1,bacteria,1696,train,test
2559,train/PNEUMONIA/person1558_bacteria_4066.jpeg,PNEUMONIA,1,bacteria,1697,train,test
2560,train/PNEUMONIA/person1559_bacteria_4067.jpeg,PNEUMONIA,1,bacteria,1698,train,val
2561,train/PNEUMONIA/person155_virus_307.jpeg,PNEUMONIA,1,virus,1689,train,train
2562,train/PNEUMONIA/person1561_bacteria_4077.jpeg,PNEUMONIA,1,bacteria,1700,train,val
2563,train/PNEUMONIA/person1562_bacteria_4078.jpeg,PNEUMONIA,1,bacteria,1701,train,train
2564,train/PNEUMONIA/person1562_bacteria_4081.jpeg,PNEUMONIA,1,bacteria,1701,train,train
2565,train/PNEUMONIA/person1562_bacteria_4087.jpeg,PNEUMONIA,1,bacteria,1701,train,train
2566,train/PNEUMONIA/person1562_bacteria_4089.jpeg,PNEUMONIA,1,bacteria,1701,train,train
2567,train/PNEUMONIA/person1563_bacteria_4092.jpeg,PNEUMONIA,1,bacteria,1702,train,val
2568,train/PNEUMONIA/person1564_bacteria_4094.jpeg,PNEUMONIA,1,bacteria,1703,train,train
2569,train/PNEUMONIA/person1564_virus_2719.jpeg,PNEUMONIA,1,virus,1703,train,train
2570,train/PNEUMONIA/person1565_bacteria_4095.jpeg,PNEUMONIA,1,bacteria,1704,train,test
2571,train/PNEUMONIA/person1566_bacteria_4099.jpeg,PNEUMONIA,1,bacteria,1705,train,val
2572,train/PNEUMONIA/person1567_bacteria_4100.jpeg,PNEUMONIA,1,bacteria,1706,train,test
2573,train/PNEUMONIA/person1567_virus_2722.jpeg,PNEUMONIA,1,virus,1706,train,test
2574,train/PNEUMONIA/person1568_virus_2723.jpeg,PNEUMONIA,1,virus,1707,train,test
2575,train/PNEUMONIA/person156_virus_308.jpeg,PNEUMONIA,1,virus,1699,train,val
2576,train/PNEUMONIA/person1571_bacteria_4108.jpeg,PNEUMONIA,1,bacteria,1709,train,train
2577,train/PNEUMONIA/person1571_bacteria_4110.jpeg,PNEUMONIA,1,bacteria,1709,train,train
2578,train/PNEUMONIA/person1571_virus_2728.jpeg,PNEUMONIA,1,virus,1709,train,train
2579,train/PNEUMONIA/person1574_bacteria_4118.jpeg,PNEUMONIA,1,bacteria,1710,train,test
2580,train/PNEUMONIA/person1575_bacteria_4119.jpeg,PNEUMONIA,1,bacteria,1711,train,test
2581,train/PNEUMONIA/person1576_bacteria_4120.jpeg,PNEUMONIA,1,bacteria,1712,train,train
2582,train/PNEUMONIA/person1576_bacteria_4121.jpeg,PNEUMONIA,1,bacteria,1712,train,train
2583,train/PNEUMONIA/person1576_bacteria_4122.jpeg,PNEUMONIA,1,bacteria,1712,train,train
2584,train/PNEUMONIA/person1576_bacteria_4124.jpeg,PNEUMONIA,1,bacteria,1712,train,train
2585,train/PNEUMONIA/person1576_bacteria_4126.jpeg,PNEUMONIA,1,bacteria,1712,train,train
2586,train/PNEUMONIA/person1576_bacteria_4127.jpeg,PNEUMONIA,1,bacteria,1712,train,train
2587,train/PNEUMONIA/person1576_bacteria_4128.jpeg,PNEUMONIA,1,bacteria,1712,train,train
2588,train/PNEUMONIA/person1576_bacteria_4129.jpeg,PNEUMONIA,1,bacteria,1712,train,train
2589,train/PNEUMONIA/person1576_virus_2734.jpeg,PNEUMONIA,1,virus,1712,train,train
2590,train/PNEUMONIA/person1577_virus_2735.jpeg,PNEUMONIA,1,virus,1713,train,train
2591,train/PNEUMONIA/person1579_bacteria_4133.jpeg,PNEUMONIA,1,bacteria,1714,train,val
2592,train/PNEUMONIA/person157_virus_311.jpeg,PNEUMONIA,1,virus,1708,train,train
2593,train/PNEUMONIA/person1580_virus_2739.jpeg,PNEUMONIA,1,virus,1716,train,train
2594,train/PNEUMONIA/person1581_bacteria_4135.jpeg,PNEUMONIA,1,bacteria,1717,train,test
2595,train/PNEUMONIA/person1581_virus_2741.jpeg,PNEUMONIA,1,virus,1717,train,test
2596,train/PNEUMONIA/person1582_bacteria_4136.jpeg,PNEUMONIA,1,bacteria,1718,train,train
2597,train/PNEUMONIA/person1582_bacteria_4137.jpeg,PNEUMONIA,1,bacteria,1718,train,train
2598,train/PNEUMONIA/person1582_bacteria_4140.jpeg,PNEUMONIA,1,bacteria,1718,train,train
2599,train/PNEUMONIA/person1582_bacteria_4142.jpeg,PNEUMONIA,1,bacteria,1718,train,train
2600,train/PNEUMONIA/person1582_bacteria_4143.jpeg,PNEUMONIA,1,bacteria,1718,train,train
2601,train/PNEUMONIA/person1583_bacteria_4144.jpeg,PNEUMONIA,1,bacteria,1719,train,train
2602,train/PNEUMONIA/person1584_bacteria_4146.jpeg,PNEUMONIA,1,bacteria,1720,train,val
2603,train/PNEUMONIA/person1584_bacteria_4148.jpeg,PNEUMONIA,1,bacteria,1720,train,val
2604,train/PNEUMONIA/person1585_bacteria_4149.jpeg,PNEUMONIA,1,bacteria,1721,train,train
2605,train/PNEUMONIA/person1585_bacteria_4151.jpeg,PNEUMONIA,1,bacteria,1721,train,train
2606,train/PNEUMONIA/person1585_bacteria_4155.jpeg,PNEUMONIA,1,bacteria,1721,train,train
2607,train/PNEUMONIA/person1588_virus_2762.jpeg,PNEUMONIA,1,virus,1722,train,test
2608,train/PNEUMONIA/person1589_bacteria_4171.jpeg,PNEUMONIA,1,bacteria,1723,train,train
2609,train/PNEUMONIA/person1589_bacteria_4172.jpeg,PNEUMONIA,1,bacteria,1723,train,train
2610,train/PNEUMONIA/person1589_virus_2763.jpeg,PNEUMONIA,1,virus,1723,train,train
2611,train/PNEUMONIA/person158_virus_312.jpeg,PNEUMONIA,1,virus,1715,train,train
2612,train/PNEUMONIA/person1590_bacteria_4174.jpeg,PNEUMONIA,1,bacteria,1725,train,train
2613,train/PNEUMONIA/person1590_bacteria_4175.jpeg,PNEUMONIA,1,bacteria,1725,train,train
2614,train/PNEUMONIA/person1590_bacteria_4176.jpeg,PNEUMONIA,1,bacteria,1725,train,train
2615,train/PNEUMONIA/person1590_virus_2764.jpeg,PNEUMONIA,1,virus,1725,train,train
2616,train/PNEUMONIA/person1591_bacteria_4177.jpeg,PNEUMONIA,1,bacteria,1726,train,test
2617,train/PNEUMONIA/person1591_virus_2765.jpeg,PNEUMONIA,1,virus,1726,train,test
2618,train/PNEUMONIA/person1592_bacteria_4178.jpeg,PNEUMONIA,1,bacteria,1727,train,train
2619,train/PNEUMONIA/person1592_virus_2766.jpeg,PNEUMONIA,1,virus,1727,train,train
2620,train/PNEUMONIA/person1593_virus_2767.jpeg,PNEUMONIA,1,virus,1728,train,val
2621,train/PNEUMONIA/person1594_bacteria_4182.jpeg,PNEUMONIA,1,bacteria,1729,train,train
2622,train/PNEUMONIA/person1594_virus_2768.jpeg,PNEUMONIA,1,virus,1729,train,train
2623,train/PNEUMONIA/person1595_bacteria_4183.jpeg,PNEUMONIA,1,bacteria,1730,train,val
2624,train/PNEUMONIA/person1595_virus_2771.jpeg,PNEUMONIA,1,virus,1730,train,val
2625,train/PNEUMONIA/person1596_bacteria_4184.jpeg,PNEUMONIA,1,bacteria,1731,train,test
2626,train/PNEUMONIA/person1597_bacteria_4187.jpeg,PNEUMONIA,1,bacteria,1732,train,train
2627,train/PNEUMONIA/person1597_bacteria_4188.jpeg,PNEUMONIA,1,bacteria,1732,train,train
2628,train/PNEUMONIA/person1597_bacteria_4189.jpeg,PNEUMONIA,1,bacteria,1732,train,train
2629,train/PNEUMONIA/person1597_bacteria_4190.jpeg,PNEUMONIA,1,bacteria,1732,train,train
2630,train/PNEUMONIA/person1597_bacteria_4191.jpeg,PNEUMONIA,1,bacteria,1732,train,train
2631,train/PNEUMONIA/person1597_bacteria_4192.jpeg,PNEUMONIA,1,bacteria,1732,train,train
2632,train/PNEUMONIA/person1597_bacteria_4193.jpeg,PNEUMONIA,1,bacteria,1732,train,train
2633,train/PNEUMONIA/person1597_bacteria_4194.jpeg,PNEUMONIA,1,bacteria,1732,train,train
2634,train/PNEUMONIA/person1598_bacteria_4195.jpeg,PNEUMONIA,1,bacteria,1733,train,train
2635,train/PNEUMONIA/person1598_bacteria_4197.jpeg,PNEUMONIA,1,bacteria,1733,train,train
2636,train/PNEUMONIA/person1598_bacteria_4198.jpeg,PNEUMONIA,1,bacteria,1733,train,train
2637,train/PNEUMONIA/person1599_bacteria_4200.jpeg,PNEUMONIA,1,bacteria,1734,train,train
2638,train/PNEUMONIA/person1599_bacteria_4201.jpeg,PNEUMONIA,1,bacteria,1734,train,train
2639,train/PNEUMONIA/person1599_virus_2775.jpeg,PNEUMONIA,1,virus,1734,train,train
2640,train/PNEUMONIA/person1599_virus_2776.jpeg,PNEUMONIA,1,virus,1734,train,train
2641,train/PNEUMONIA/person15_bacteria_52.jpeg,PNEUMONIA,1,bacteria,1635,train,train
2642,train/PNEUMONIA/person1600_bacteria_4202.jpeg,PNEUMONIA,1,bacteria,1737,train,train
2643,train/PNEUMONIA/person1600_virus_2777.jpeg,PNEUMONIA,1,virus,1737,train,train
2644,train/PNEUMONIA/person1601_bacteria_4209.jpeg,PNEUMONIA,1,bacteria,1738,train,train
2645,train/PNEUMONIA/person1601_bacteria_4212.jpeg,PNEUMONIA,1,bacteria,1738,train,train
2646,train/PNEUMONIA/person1602_bacteria_4218.jpeg,PNEUMONIA,1,bacteria,1739,train,val
2647,train/PNEUMONIA/person1602_virus_2780.jpeg,PNEUMONIA,1,virus,1739,train,val
2648,train/PNEUMONIA/person1603_virus_2781.jpeg,PNEUMONIA,1,virus,1740,train,val
2649,train/PNEUMONIA/person1604_virus_2782.jpeg,PNEUMONIA,1,virus,1741,train,test
2650,train/PNEUMONIA/person1605_bacteria_4226.jpeg,PNEUMONIA,1,bacteria,1742,train,test
2651,train/PNEUMONIA/person1607_bacteria_4232.jpeg,PNEUMONIA,1,bacteria,1743,train,test
2652,train/PNEUMONIA/person1607_virus_2785.jpeg,PNEUMONIA,1,virus,1743,train,test
2653,train/PNEUMONIA/person1608_bacteria_4235.jpeg,PNEUMONIA,1,bacteria,1744,train,val
2654,train/PNEUMONIA/person1609_bacteria_4236.jpeg,PNEUMONIA,1,bacteria,1745,train,train
2655,train/PNEUMONIA/person1609_bacteria_4237.jpeg,PNEUMONIA,1,bacteria,1745,train,train
2656,train/PNEUMONIA/person1609_bacteria_4239.jpeg,PNEUMONIA,1,bacteria,1745,train,train
2657,train/PNEUMONIA/person1609_virus_2790.jpeg,PNEUMONIA,1,virus,1745,train,train
2658,train/PNEUMONIA/person1609_virus_2791.jpeg,PNEUMONIA,1,virus,1745,train,train
2659,train/PNEUMONIA/person160_virus_316.jpeg,PNEUMONIA,1,virus,1736,train,val
2660,train/PNEUMONIA/person1610_bacteria_4240.jpeg,PNEUMONIA,1,bacteria,1747,train,val
2661,train/PNEUMONIA/person1611_bacteria_4241.jpeg,PNEUMONIA,1,bacteria,1748,train,val
2662,train/PNEUMONIA/person1613_bacteria_4247.jpeg,PNEUMONIA,1,bacteria,1750,train,test
2663,train/PNEUMONIA/person1614_bacteria_4248.jpeg,PNEUMONIA,1,bacteria,1751,train,train
2664,train/PNEUMONIA/person1615_bacteria_4249.jpeg,PNEUMONIA,1,bacteria,1752,train,test
2665,train/PNEUMONIA/person1616_bacteria_4251.jpeg,PNEUMONIA,1,bacteria,1753,train,val
2666,train/PNEUMONIA/person1617_bacteria_4254.jpeg,PNEUMONIA,1,bacteria,1754,train,test
2667,train/PNEUMONIA/person1617_bacteria_4255.jpeg,PNEUMONIA,1,bacteria,1754,train,test
2668,train/PNEUMONIA/person1617_bacteria_4256.jpeg,PNEUMONIA,1,bacteria,1754,train,test
2669,train/PNEUMONIA/person1618_bacteria_4258.jpeg,PNEUMONIA,1,bacteria,1755,train,test
2670,train/PNEUMONIA/person1619_bacteria_4261.jpeg,PNEUMONIA,1,bacteria,1756,train,train
2671,train/PNEUMONIA/person1619_bacteria_4262.jpeg,PNEUMONIA,1,bacteria,1756,train,train
2672,train/PNEUMONIA/person1619_bacteria_4266.jpeg,PNEUMONIA,1,bacteria,1756,train,train
2673,train/PNEUMONIA/person1619_bacteria_4267.jpeg,PNEUMONIA,1,bacteria,1756,train,train
2675,train/PNEUMONIA/person1619_bacteria_4269.jpeg,PNEUMONIA,1,bacteria,1756,train,train
2676,train/PNEUMONIA/person1619_bacteria_4270.jpeg,PNEUMONIA,1,bacteria,1756,train,train
2677,train/PNEUMONIA/person1619_bacteria_4271.jpeg,PNEUMONIA,1,bacteria,1756,train,train
2678,train/PNEUMONIA/person161_virus_317.jpeg,PNEUMONIA,1,virus,1746,train,train
2679,train/PNEUMONIA/person1620_bacteria_4272.jpeg,PNEUMONIA,1,bacteria,1758,train,val
2680,train/PNEUMONIA/person1625_bacteria_4290.jpeg,PNEUMONIA,1,bacteria,1761,train,train
2681,train/PNEUMONIA/person1626_bacteria_4291.jpeg,PNEUMONIA,1,bacteria,1762,train,train
2682,train/PNEUMONIA/person1628_bacteria_4293.jpeg,PNEUMONIA,1,bacteria,1764,train,train
2683,train/PNEUMONIA/person1628_bacteria_4294.jpeg,PNEUMONIA,1,bacteria,1764,train,train
2684,train/PNEUMONIA/person1628_bacteria_4295.jpeg,PNEUMONIA,1,bacteria,1764,train,train
2685,train/PNEUMONIA/person1628_bacteria_4296.jpeg,PNEUMONIA,1,bacteria,1764,train,train
2686,train/PNEUMONIA/person1628_bacteria_4297.jpeg,PNEUMONIA,1,bacteria,1764,train,train
2688,train/PNEUMONIA/person1629_bacteria_4299.jpeg,PNEUMONIA,1,bacteria,1765,train,train
2689,train/PNEUMONIA/person162_virus_319.jpeg,PNEUMONIA,1,virus,1757,train,train
2690,train/PNEUMONIA/person162_virus_320.jpeg,PNEUMONIA,1,virus,1757,train,train
2691,train/PNEUMONIA/person162_virus_321.jpeg,PNEUMONIA,1,virus,1757,train,train
2693,train/PNEUMONIA/person1630_bacteria_4303.jpeg,PNEUMONIA,1,bacteria,1766,train,test
2694,train/PNEUMONIA/person1630_bacteria_4304.jpeg,PNEUMONIA,1,bacteria,1766,train,test
2695,train/PNEUMONIA/person1634_bacteria_4326.jpeg,PNEUMONIA,1,bacteria,1770,train,train
2696,train/PNEUMONIA/person1634_bacteria_4331.jpeg,PNEUMONIA,1,bacteria,1770,train,train
2697,train/PNEUMONIA/person1634_bacteria_4334.jpeg,PNEUMONIA,1,bacteria,1770,train,train
2698,train/PNEUMONIA/person1635_bacteria_4335.jpeg,PNEUMONIA,1,bacteria,1771,train,val
2699,train/PNEUMONIA/person1636_bacteria_4337.jpeg,PNEUMONIA,1,bacteria,1772,train,val
2700,train/PNEUMONIA/person1636_bacteria_4338.jpeg,PNEUMONIA,1,bacteria,1772,train,val
2701,train/PNEUMONIA/person1637_bacteria_4339.jpeg,PNEUMONIA,1,bacteria,1773,train,val
2702,train/PNEUMONIA/person1638_bacteria_4340.jpeg,PNEUMONIA,1,bacteria,1774,train,train
2703,train/PNEUMONIA/person1638_bacteria_4341.jpeg,PNEUMONIA,1,bacteria,1774,train,train
2704,train/PNEUMONIA/person1638_bacteria_4342.jpeg,PNEUMONIA,1,bacteria,1774,train,train
2705,train/PNEUMONIA/person1639_bacteria_4343.jpeg,PNEUMONIA,1,bacteria,1775,train,train
2706,train/PNEUMONIA/person1639_bacteria_4344.jpeg,PNEUMONIA,1,bacteria,1775,train,train
2707,train/PNEUMONIA/person1639_bacteria_4345.jpeg,PNEUMONIA,1,bacteria,1775,train,train
2708,train/PNEUMONIA/person1639_bacteria_4347.jpeg,PNEUMONIA,1,bacteria,1775,train,train
2709,train/PNEUMONIA/person1640_bacteria_4348.jpeg,PNEUMONIA,1,bacteria,1776,train,train
2710,train/PNEUMONIA/person1641_bacteria_4350.jpeg,PNEUMONIA,1,bacteria,1777,train,train
2711,train/PNEUMONIA/person1642_bacteria_4352.jpeg,PNEUMONIA,1,bacteria,1778,train,train
2712,train/PNEUMONIA/person1642_bacteria_4353.jpeg,PNEUMONIA,1,bacteria,1778,train,train
2713,train/PNEUMONIA/person1643_bacteria_4354.jpeg,PNEUMONIA,1,bacteria,1779,train,val
2714,train/PNEUMONIA/person1644_bacteria_4356.jpeg,PNEUMONIA,1,bacteria,1780,train,train
2715,train/PNEUMONIA/person1644_bacteria_4357.jpeg,PNEUMONIA,1,bacteria,1780,train,train
2716,train/PNEUMONIA/person1644_bacteria_4358.jpeg,PNEUMONIA,1,bacteria,1780,train,train
2717,train/PNEUMONIA/person1644_bacteria_4360.jpeg,PNEUMONIA,1,bacteria,1780,train,train
2718,train/PNEUMONIA/person1644_bacteria_4361.jpeg,PNEUMONIA,1,bacteria,1780,train,train
2719,train/PNEUMONIA/person1644_bacteria_4362.jpeg,PNEUMONIA,1,bacteria,1780,train,train
2720,train/PNEUMONIA/person1645_bacteria_4363.jpeg,PNEUMONIA,1,bacteria,1781,train,test
2721,train/PNEUMONIA/person1646_bacteria_4368.jpeg,PNEUMONIA,1,bacteria,1782,train,test
2722,train/PNEUMONIA/person1647_bacteria_4372.jpeg,PNEUMONIA,1,bacteria,1783,train,val
2723,train/PNEUMONIA/person1648_bacteria_4373.jpeg,PNEUMONIA,1,bacteria,1784,train,train
2724,train/PNEUMONIA/person1648_bacteria_4375.jpeg,PNEUMONIA,1,bacteria,1784,train,train
2725,train/PNEUMONIA/person1648_bacteria_4376.jpeg,PNEUMONIA,1,bacteria,1784,train,train
2726,train/PNEUMONIA/person1649_bacteria_4377.jpeg,PNEUMONIA,1,bacteria,1785,train,train
2727,train/PNEUMONIA/person1649_bacteria_4378.jpeg,PNEUMONIA,1,bacteria,1785,train,train
2728,train/PNEUMONIA/person1649_bacteria_4379.jpeg,PNEUMONIA,1,bacteria,1785,train,train
2729,train/PNEUMONIA/person1651_bacteria_4381.jpeg,PNEUMONIA,1,bacteria,1787,train,train
2730,train/PNEUMONIA/person1652_bacteria_4383.jpeg,PNEUMONIA,1,bacteria,1788,train,test
2731,train/PNEUMONIA/person1657_bacteria_4398.jpeg,PNEUMONIA,1,bacteria,1792,train,train
2732,train/PNEUMONIA/person1657_bacteria_4399.jpeg,PNEUMONIA,1,bacteria,1792,train,train
2733,train/PNEUMONIA/person1657_bacteria_4400.jpeg,PNEUMONIA,1,bacteria,1792,train,train
2734,train/PNEUMONIA/person1658_bacteria_4402.jpeg,PNEUMONIA,1,bacteria,1793,train,val
2735,train/PNEUMONIA/person1660_bacteria_4404.jpeg,PNEUMONIA,1,bacteria,1795,train,val
2736,train/PNEUMONIA/person1661_bacteria_4406.jpeg,PNEUMONIA,1,bacteria,1796,train,val
2737,train/PNEUMONIA/person1663_bacteria_4411.jpeg,PNEUMONIA,1,bacteria,1798,train,train
2738,train/PNEUMONIA/person1663_bacteria_4412.jpeg,PNEUMONIA,1,bacteria,1798,train,train
2739,train/PNEUMONIA/person1665_bacteria_4415.jpeg,PNEUMONIA,1,bacteria,1800,train,val
2740,train/PNEUMONIA/person1666_bacteria_4416.jpeg,PNEUMONIA,1,bacteria,1801,train,train
2741,train/PNEUMONIA/person1667_bacteria_4417.jpeg,PNEUMONIA,1,bacteria,1802,train,train
2742,train/PNEUMONIA/person1667_bacteria_4418.jpeg,PNEUMONIA,1,bacteria,1802,train,train
2743,train/PNEUMONIA/person1668_bacteria_4420.jpeg,PNEUMONIA,1,bacteria,1803,train,train
2744,train/PNEUMONIA/person1668_bacteria_4421.jpeg,PNEUMONIA,1,bacteria,1803,train,train
2745,train/PNEUMONIA/person1669_bacteria_4422.jpeg,PNEUMONIA,1,bacteria,1804,train,train
2746,train/PNEUMONIA/person1669_bacteria_4423.jpeg,PNEUMONIA,1,bacteria,1804,train,train
2747,train/PNEUMONIA/person1669_bacteria_4424.jpeg,PNEUMONIA,1,bacteria,1804,train,train
2748,train/PNEUMONIA/person1670_bacteria_4425.jpeg,PNEUMONIA,1,bacteria,1805,train,train
2749,train/PNEUMONIA/person1670_bacteria_4426.jpeg,PNEUMONIA,1,bacteria,1805,train,train
2750,train/PNEUMONIA/person1670_bacteria_4427.jpeg,PNEUMONIA,1,bacteria,1805,train,train
2751,train/PNEUMONIA/person1670_bacteria_4428.jpeg,PNEUMONIA,1,bacteria,1805,train,train
2752,train/PNEUMONIA/person1670_bacteria_4429.jpeg,PNEUMONIA,1,bacteria,1805,train,train
2753,train/PNEUMONIA/person1670_bacteria_4430.jpeg,PNEUMONIA,1,bacteria,1805,train,train
2754,train/PNEUMONIA/person1670_bacteria_4431.jpeg,PNEUMONIA,1,bacteria,1805,train,train
2755,train/PNEUMONIA/person1671_bacteria_4432.jpeg,PNEUMONIA,1,bacteria,1806,train,val
2756,train/PNEUMONIA/person1673_bacteria_4434.jpeg,PNEUMONIA,1,bacteria,1808,train,test
2757,train/PNEUMONIA/person1674_bacteria_4437.jpeg,PNEUMONIA,1,bacteria,1809,train,train
2758,train/PNEUMONIA/person1676_bacteria_4441.jpeg,PNEUMONIA,1,bacteria,1811,train,test
2759,train/PNEUMONIA/person1677_bacteria_4443.jpeg,PNEUMONIA,1,bacteria,1812,train,train
2760,train/PNEUMONIA/person1677_bacteria_4444.jpeg,PNEUMONIA,1,bacteria,1812,train,train
2761,train/PNEUMONIA/person1678_bacteria_4446.jpeg,PNEUMONIA,1,bacteria,1813,train,val
2762,train/PNEUMONIA/person1679_bacteria_4448.jpeg,PNEUMONIA,1,bacteria,1814,train,train
2763,train/PNEUMONIA/person1679_bacteria_4449.jpeg,PNEUMONIA,1,bacteria,1814,train,train
2764,train/PNEUMONIA/person1679_bacteria_4450.jpeg,PNEUMONIA,1,bacteria,1814,train,train
2765,train/PNEUMONIA/person1679_bacteria_4452.jpeg,PNEUMONIA,1,bacteria,1814,train,train
2766,train/PNEUMONIA/person1679_bacteria_4453.jpeg,PNEUMONIA,1,bacteria,1814,train,train
2767,train/PNEUMONIA/person1680_bacteria_4455.jpeg,PNEUMONIA,1,bacteria,1815,train,test
2768,train/PNEUMONIA/person1682_bacteria_4459.jpeg,PNEUMONIA,1,bacteria,1816,train,train
2769,train/PNEUMONIA/person1683_bacteria_4460.jpeg,PNEUMONIA,1,bacteria,1817,train,test
2770,train/PNEUMONIA/person1684_bacteria_4461.jpeg,PNEUMONIA,1,bacteria,1818,train,train
2771,train/PNEUMONIA/person1684_bacteria_4462.jpeg,PNEUMONIA,1,bacteria,1818,train,train
2772,train/PNEUMONIA/person1684_bacteria_4463.jpeg,PNEUMONIA,1,bacteria,1818,train,train
2773,train/PNEUMONIA/person1685_bacteria_4465.jpeg,PNEUMONIA,1,bacteria,1819,train,train
2774,train/PNEUMONIA/person1686_bacteria_4466.jpeg,PNEUMONIA,1,bacteria,1820,train,test
2775,train/PNEUMONIA/person1687_bacteria_4468.jpeg,PNEUMONIA,1,bacteria,1821,train,train
2776,train/PNEUMONIA/person1689_bacteria_4472.jpeg,PNEUMONIA,1,bacteria,1822,train,train
2777,train/PNEUMONIA/person1689_bacteria_4473.jpeg,PNEUMONIA,1,bacteria,1822,train,train
2778,train/PNEUMONIA/person1689_bacteria_4474.jpeg,PNEUMONIA,1,bacteria,1822,train,train
2779,train/PNEUMONIA/person1690_bacteria_4475.jpeg,PNEUMONIA,1,bacteria,1823,train,test
2780,train/PNEUMONIA/person1691_bacteria_4479.jpeg,PNEUMONIA,1,bacteria,1824,train,train
2781,train/PNEUMONIA/person1691_bacteria_4481.jpeg,PNEUMONIA,1,bacteria,1824,train,train
2782,train/PNEUMONIA/person1693_bacteria_4485.jpeg,PNEUMONIA,1,bacteria,1825,train,train
2783,train/PNEUMONIA/person1695_bacteria_4492.jpeg,PNEUMONIA,1,bacteria,1826,train,test
2784,train/PNEUMONIA/person1696_bacteria_4495.jpeg,PNEUMONIA,1,bacteria,1827,train,val
2785,train/PNEUMONIA/person1697_bacteria_4496.jpeg,PNEUMONIA,1,bacteria,1828,train,val
2786,train/PNEUMONIA/person1698_bacteria_4497.jpeg,PNEUMONIA,1,bacteria,1829,train,train
2787,train/PNEUMONIA/person1699_bacteria_4498.jpeg,PNEUMONIA,1,bacteria,1830,train,test
2788,train/PNEUMONIA/person16_bacteria_53.jpeg,PNEUMONIA,1,bacteria,1735,train,train
2789,train/PNEUMONIA/person16_bacteria_54.jpeg,PNEUMONIA,1,bacteria,1735,train,train
2790,train/PNEUMONIA/person16_bacteria_55.jpeg,PNEUMONIA,1,bacteria,1735,train,train
2791,train/PNEUMONIA/person1700_bacteria_4500.jpeg,PNEUMONIA,1,bacteria,1832,train,test
2792,train/PNEUMONIA/person1700_bacteria_4502.jpeg,PNEUMONIA,1,bacteria,1832,train,test
2793,train/PNEUMONIA/person1701_bacteria_4504.jpeg,PNEUMONIA,1,bacteria,1833,train,test
2794,train/PNEUMONIA/person1702_bacteria_4506.jpeg,PNEUMONIA,1,bacteria,1834,train,train
2795,train/PNEUMONIA/person1702_bacteria_4508.jpeg,PNEUMONIA,1,bacteria,1834,train,train
2796,train/PNEUMONIA/person1702_bacteria_4509.jpeg,PNEUMONIA,1,bacteria,1834,train,train
2797,train/PNEUMONIA/person1702_bacteria_4510.jpeg,PNEUMONIA,1,bacteria,1834,train,train
2798,train/PNEUMONIA/person1702_bacteria_4511.jpeg,PNEUMONIA,1,bacteria,1834,train,train
2799,train/PNEUMONIA/person1705_bacteria_4515.jpeg,PNEUMONIA,1,bacteria,1835,train,val
2800,train/PNEUMONIA/person1706_bacteria_4516.jpeg,PNEUMONIA,1,bacteria,1836,train,test
2801,train/PNEUMONIA/person1707_bacteria_4520.jpeg,PNEUMONIA,1,bacteria,1837,train,val
2802,train/PNEUMONIA/person1708_bacteria_4521.jpeg,PNEUMONIA,1,bacteria,1838,train,val
2803,train/PNEUMONIA/person1709_bacteria_4522.jpeg,PNEUMONIA,1,bacteria,1839,train,train
2804,train/PNEUMONIA/person1709_bacteria_4523.jpeg,PNEUMONIA,1,bacteria,1839,train,train
2805,train/PNEUMONIA/person1709_bacteria_4524.jpeg,PNEUMONIA,1,bacteria,1839,train,train
2806,train/PNEUMONIA/person1710_bacteria_4525.jpeg,PNEUMONIA,1,bacteria,1841,train,train
2807,train/PNEUMONIA/person1710_bacteria_4526.jpeg,PNEUMONIA,1,bacteria,1841,train,train
2808,train/PNEUMONIA/person1711_bacteria_4527.jpeg,PNEUMONIA,1,bacteria,1842,train,train
2809,train/PNEUMONIA/person1712_bacteria_4529.jpeg,PNEUMONIA,1,bacteria,1843,train,val
2810,train/PNEUMONIA/person1713_bacteria_4530.jpeg,PNEUMONIA,1,bacteria,1844,train,val
2811,train/PNEUMONIA/person1715_bacteria_4532.jpeg,PNEUMONIA,1,bacteria,1845,train,val
2812,train/PNEUMONIA/person1716_bacteria_4533.jpeg,PNEUMONIA,1,bacteria,1846,train,train
2813,train/PNEUMONIA/person1717_bacteria_4534.jpeg,PNEUMONIA,1,bacteria,1847,train,test
2814,train/PNEUMONIA/person1717_bacteria_4536.jpeg,PNEUMONIA,1,bacteria,1847,train,test
2815,train/PNEUMONIA/person1718_bacteria_4538.jpeg,PNEUMONIA,1,bacteria,1848,train,test
2816,train/PNEUMONIA/person1718_bacteria_4540.jpeg,PNEUMONIA,1,bacteria,1848,train,test
2817,train/PNEUMONIA/person1719_bacteria_4541.jpeg,PNEUMONIA,1,bacteria,1849,train,train
2818,train/PNEUMONIA/person1719_bacteria_4542.jpeg,PNEUMONIA,1,bacteria,1849,train,train
2819,train/PNEUMONIA/person1719_bacteria_4544.jpeg,PNEUMONIA,1,bacteria,1849,train,train
2820,train/PNEUMONIA/person1720_bacteria_4545.jpeg,PNEUMONIA,1,bacteria,1851,train,val
2821,train/PNEUMONIA/person1721_bacteria_4546.jpeg,PNEUMONIA,1,bacteria,1852,train,test
2822,train/PNEUMONIA/person1722_bacteria_4547.jpeg,PNEUMONIA,1,bacteria,1853,train,val
2823,train/PNEUMONIA/person1723_bacteria_4548.jpeg,PNEUMONIA,1,bacteria,1854,train,train
2824,train/PNEUMONIA/person1724_bacteria_4549.jpeg,PNEUMONIA,1,bacteria,1855,train,val
2825,train/PNEUMONIA/person1725_bacteria_4550.jpeg,PNEUMONIA,1,bacteria,1856,train,train
2826,train/PNEUMONIA/person1725_bacteria_4551.jpeg,PNEUMONIA,1,bacteria,1856,train,train
2827,train/PNEUMONIA/person1726_bacteria_4552.jpeg,PNEUMONIA,1,bacteria,1857,train,train
2828,train/PNEUMONIA/person1728_bacteria_4555.jpeg,PNEUMONIA,1,bacteria,1858,train,test
2829,train/PNEUMONIA/person1728_bacteria_4556.jpeg,PNEUMONIA,1,bacteria,1858,train,test
2830,train/PNEUMONIA/person1729_bacteria_4557.jpeg,PNEUMONIA,1,bacteria,1859,train,train
2831,train/PNEUMONIA/person1730_bacteria_4558.jpeg,PNEUMONIA,1,bacteria,1861,train,test
2832,train/PNEUMONIA/person1730_bacteria_4559.jpeg,PNEUMONIA,1,bacteria,1861,train,test
2833,train/PNEUMONIA/person1731_bacteria_4563.jpeg,PNEUMONIA,1,bacteria,1862,train,test
2834,train/PNEUMONIA/person1732_bacteria_4564.jpeg,PNEUMONIA,1,bacteria,1863,train,val
2835,train/PNEUMONIA/person1733_bacteria_4566.jpeg,PNEUMONIA,1,bacteria,1864,train,test
2836,train/PNEUMONIA/person1735_bacteria_4570.jpeg,PNEUMONIA,1,bacteria,1865,train,val
2837,train/PNEUMONIA/person1737_bacteria_4573.jpeg,PNEUMONIA,1,bacteria,1866,train,val
2838,train/PNEUMONIA/person1739_bacteria_4576.jpeg,PNEUMONIA,1,bacteria,1867,train,train
2839,train/PNEUMONIA/person1740_bacteria_4579.jpeg,PNEUMONIA,1,bacteria,1869,train,train
2840,train/PNEUMONIA/person1744_bacteria_4583.jpeg,PNEUMONIA,1,bacteria,1870,train,val
2841,train/PNEUMONIA/person1745_bacteria_4584.jpeg,PNEUMONIA,1,bacteria,1871,train,train
2842,train/PNEUMONIA/person1746_bacteria_4585.jpeg,PNEUMONIA,1,bacteria,1872,train,train
2843,train/PNEUMONIA/person1748_bacteria_4588.jpeg,PNEUMONIA,1,bacteria,1873,train,test
2844,train/PNEUMONIA/person1749_bacteria_4590.jpeg,PNEUMONIA,1,bacteria,1874,train,val
2845,train/PNEUMONIA/person1751_bacteria_4592.jpeg,PNEUMONIA,1,bacteria,1876,train,test
2846,train/PNEUMONIA/person1753_bacteria_4594.jpeg,PNEUMONIA,1,bacteria,1877,train,train
2847,train/PNEUMONIA/person1756_bacteria_4598.jpeg,PNEUMONIA,1,bacteria,1878,train,val
2848,train/PNEUMONIA/person1757_bacteria_4599.jpeg,PNEUMONIA,1,bacteria,1879,train,val
2849,train/PNEUMONIA/person1758_bacteria_4600.jpeg,PNEUMONIA,1,bacteria,1880,train,train
2850,train/PNEUMONIA/person1760_bacteria_4602.jpeg,PNEUMONIA,1,bacteria,1881,train,test
2851,train/PNEUMONIA/person1761_bacteria_4603.jpeg,PNEUMONIA,1,bacteria,1882,train,val
2852,train/PNEUMONIA/person1763_bacteria_4606.jpeg,PNEUMONIA,1,bacteria,1883,train,train
2853,train/PNEUMONIA/person1764_bacteria_4607.jpeg,PNEUMONIA,1,bacteria,1884,train,train
2854,train/PNEUMONIA/person1765_bacteria_4608.jpeg,PNEUMONIA,1,bacteria,1885,train,val
2855,train/PNEUMONIA/person1770_bacteria_4613.jpeg,PNEUMONIA,1,bacteria,1886,train,test
2856,train/PNEUMONIA/person1770_bacteria_4614.jpeg,PNEUMONIA,1,bacteria,1886,train,test
2857,train/PNEUMONIA/person1771_bacteria_4615.jpeg,PNEUMONIA,1,bacteria,1887,train,train
2858,train/PNEUMONIA/person1777_bacteria_4622.jpeg,PNEUMONIA,1,bacteria,1888,train,test
2859,train/PNEUMONIA/person1779_bacteria_4626.jpeg,PNEUMONIA,1,bacteria,1889,train,val
2860,train/PNEUMONIA/person1784_bacteria_4631.jpeg,PNEUMONIA,1,bacteria,1890,train,test
2861,train/PNEUMONIA/person1787_bacteria_4634.jpeg,PNEUMONIA,1,bacteria,1891,train,train
2862,train/PNEUMONIA/person1790_bacteria_4638.jpeg,PNEUMONIA,1,bacteria,1892,train,train
2863,train/PNEUMONIA/person1796_bacteria_4644.jpeg,PNEUMONIA,1,bacteria,1893,train,train
2864,train/PNEUMONIA/person1799_bacteria_4647.jpeg,PNEUMONIA,1,bacteria,1894,train,test
2865,train/PNEUMONIA/person17_bacteria_56.jpeg,PNEUMONIA,1,bacteria,1831,train,test
2866,train/PNEUMONIA/person1803_bacteria_4651.jpeg,PNEUMONIA,1,bacteria,1896,train,test
2867,train/PNEUMONIA/person1803_bacteria_4652.jpeg,PNEUMONIA,1,bacteria,1896,train,test
2868,train/PNEUMONIA/person1810_bacteria_4664.jpeg,PNEUMONIA,1,bacteria,1897,train,test
2869,train/PNEUMONIA/person1812_bacteria_4667.jpeg,PNEUMONIA,1,bacteria,1898,train,test
2870,train/PNEUMONIA/person1814_bacteria_4669.jpeg,PNEUMONIA,1,bacteria,1899,train,test
2871,train/PNEUMONIA/person1816_bacteria_4673.jpeg,PNEUMONIA,1,bacteria,1900,train,test
2872,train/PNEUMONIA/person1816_bacteria_4674.jpeg,PNEUMONIA,1,bacteria,1900,train,test
2873,train/PNEUMONIA/person1817_bacteria_4675.jpeg,PNEUMONIA,1,bacteria,1901,train,train
2874,train/PNEUMONIA/person1818_bacteria_4676.jpeg,PNEUMONIA,1,bacteria,1902,train,val
2875,train/PNEUMONIA/person1819_bacteria_4677.jpeg,PNEUMONIA,1,bacteria,1903,train,train
2876,train/PNEUMONIA/person1823_bacteria_4682.jpeg,PNEUMONIA,1,bacteria,1904,train,val
2877,train/PNEUMONIA/person1830_bacteria_4693.jpeg,PNEUMONIA,1,bacteria,1905,train,test
2878,train/PNEUMONIA/person1835_bacteria_4699.jpeg,PNEUMONIA,1,bacteria,1906,train,test
2879,train/PNEUMONIA/person1838_bacteria_4703.jpeg,PNEUMONIA,1,bacteria,1907,train,train
2880,train/PNEUMONIA/person1839_bacteria_4705.jpeg,PNEUMONIA,1,bacteria,1908,train,val
2881,train/PNEUMONIA/person1841_bacteria_4708.jpeg,PNEUMONIA,1,bacteria,1909,train,val
2882,train/PNEUMONIA/person1843_bacteria_4710.jpeg,PNEUMONIA,1,bacteria,1910,train,train
2883,train/PNEUMONIA/person1847_bacteria_4716.jpeg,PNEUMONIA,1,bacteria,1911,train,val
2884,train/PNEUMONIA/person1848_bacteria_4719.jpeg,PNEUMONIA,1,bacteria,1912,train,test
2885,train/PNEUMONIA/person1850_bacteria_4721.jpeg,PNEUMONIA,1,bacteria,1913,train,val
2886,train/PNEUMONIA/person1851_bacteria_4722.jpeg,PNEUMONIA,1,bacteria,1914,train,test
2887,train/PNEUMONIA/person1852_bacteria_4724.jpeg,PNEUMONIA,1,bacteria,1915,train,val
2888,train/PNEUMONIA/person1855_bacteria_4727.jpeg,PNEUMONIA,1,bacteria,1916,train,val
2889,train/PNEUMONIA/person1857_bacteria_4729.jpeg,PNEUMONIA,1,bacteria,1917,train,test
2890,train/PNEUMONIA/person1858_bacteria_4730.jpeg,PNEUMONIA,1,bacteria,1918,train,test
2891,train/PNEUMONIA/person1859_bacteria_4731.jpeg,PNEUMONIA,1,bacteria,1919,train,val
2892,train/PNEUMONIA/person1860_bacteria_4732.jpeg,PNEUMONIA,1,bacteria,1920,train,test
2893,train/PNEUMONIA/person1863_bacteria_4735.jpeg,PNEUMONIA,1,bacteria,1921,train,test
2894,train/PNEUMONIA/person1864_bacteria_4736.jpeg,PNEUMONIA,1,bacteria,1922,train,train
2895,train/PNEUMONIA/person1865_bacteria_4737.jpeg,PNEUMONIA,1,bacteria,1923,train,train
2896,train/PNEUMONIA/person1865_bacteria_4739.jpeg,PNEUMONIA,1,bacteria,1923,train,train
2897,train/PNEUMONIA/person1866_bacteria_4740.jpeg,PNEUMONIA,1,bacteria,1924,train,train
2898,train/PNEUMONIA/person1867_bacteria_4741.jpeg,PNEUMONIA,1,bacteria,1925,train,test
2899,train/PNEUMONIA/person1868_bacteria_4743.jpeg,PNEUMONIA,1,bacteria,1926,train,val
2900,train/PNEUMONIA/person1869_bacteria_4745.jpeg,PNEUMONIA,1,bacteria,1927,train,val
2901,train/PNEUMONIA/person1872_bacteria_4750.jpeg,PNEUMONIA,1,bacteria,1928,train,test
2902,train/PNEUMONIA/person1872_bacteria_4751.jpeg,PNEUMONIA,1,bacteria,1928,train,test
2903,train/PNEUMONIA/person1875_bacteria_4756.jpeg,PNEUMONIA,1,bacteria,1929,train,train
2904,train/PNEUMONIA/person1876_bacteria_4760.jpeg,PNEUMONIA,1,bacteria,1930,train,val
2905,train/PNEUMONIA/person1877_bacteria_4761.jpeg,PNEUMONIA,1,bacteria,1931,train,test
2906,train/PNEUMONIA/person1879_bacteria_4764.jpeg,PNEUMONIA,1,bacteria,1932,train,train
2907,train/PNEUMONIA/person1880_bacteria_4765.jpeg,PNEUMONIA,1,bacteria,1933,train,test
2908,train/PNEUMONIA/person1881_bacteria_4767.jpeg,PNEUMONIA,1,bacteria,1934,train,val
2909,train/PNEUMONIA/person1883_bacteria_4769.jpeg,PNEUMONIA,1,bacteria,1935,train,test
2910,train/PNEUMONIA/person1884_bacteria_4771.jpeg,PNEUMONIA,1,bacteria,1936,train,test
2911,train/PNEUMONIA/person1885_bacteria_4772.jpeg,PNEUMONIA,1,bacteria,1937,train,train
2912,train/PNEUMONIA/person1886_bacteria_4773.jpeg,PNEUMONIA,1,bacteria,1938,train,val
2913,train/PNEUMONIA/person1888_bacteria_4775.jpeg,PNEUMONIA,1,bacteria,1939,train,test
2914,train/PNEUMONIA/person1893_bacteria_4781.jpeg,PNEUMONIA,1,bacteria,1940,train,train
2915,train/PNEUMONIA/person1896_bacteria_4788.jpeg,PNEUMONIA,1,bacteria,1941,train,val
2916,train/PNEUMONIA/person1897_bacteria_4789.jpeg,PNEUMONIA,1,bacteria,1942,train,test
2917,train/PNEUMONIA/person18_bacteria_57.jpeg,PNEUMONIA,1,bacteria,1895,train,val
2918,train/PNEUMONIA/person1901_bacteria_4795.jpeg,PNEUMONIA,1,bacteria,1944,train,test
2919,train/PNEUMONIA/person1903_bacteria_4797.jpeg,PNEUMONIA,1,bacteria,1945,train,train
2920,train/PNEUMONIA/person1904_bacteria_4798.jpeg,PNEUMONIA,1,bacteria,1946,train,train
2921,train/PNEUMONIA/person1905_bacteria_4801.jpeg,PNEUMONIA,1,bacteria,1947,train,val
2922,train/PNEUMONIA/person1906_bacteria_4803.jpeg,PNEUMONIA,1,bacteria,1948,train,val
2923,train/PNEUMONIA/person1907_bacteria_4806.jpeg,PNEUMONIA,1,bacteria,1949,train,val
2924,train/PNEUMONIA/person1908_bacteria_4811.jpeg,PNEUMONIA,1,bacteria,1950,train,train
2925,train/PNEUMONIA/person1910_bacteria_4814.jpeg,PNEUMONIA,1,bacteria,1951,train,train
2926,train/PNEUMONIA/person1911_bacteria_4815.jpeg,PNEUMONIA,1,bacteria,1952,train,test
2927,train/PNEUMONIA/person1912_bacteria_4816.jpeg,PNEUMONIA,1,bacteria,1953,train,train
2928,train/PNEUMONIA/person1912_bacteria_4817.jpeg,PNEUMONIA,1,bacteria,1953,train,train
2929,train/PNEUMONIA/person1916_bacteria_4821.jpeg,PNEUMONIA,1,bacteria,1954,train,val
2930,train/PNEUMONIA/person1917_bacteria_4823.jpeg,PNEUMONIA,1,bacteria,1955,train,test
2931,train/PNEUMONIA/person1918_bacteria_4825.jpeg,PNEUMONIA,1,bacteria,1956,train,test
2932,train/PNEUMONIA/person1921_bacteria_4828.jpeg,PNEUMONIA,1,bacteria,1957,train,train
2933,train/PNEUMONIA/person1922_bacteria_4830.jpeg,PNEUMONIA,1,bacteria,1958,train,val
2934,train/PNEUMONIA/person1923_bacteria_4831.jpeg,PNEUMONIA,1,bacteria,1959,train,train
2935,train/PNEUMONIA/person1924_bacteria_4832.jpeg,PNEUMONIA,1,bacteria,1960,train,val
2936,train/PNEUMONIA/person1924_bacteria_4833.jpeg,PNEUMONIA,1,bacteria,1960,train,val
2937,train/PNEUMONIA/person1926_bacteria_4835.jpeg,PNEUMONIA,1,bacteria,1961,train,train
2938,train/PNEUMONIA/person1927_bacteria_4836.jpeg,PNEUMONIA,1,bacteria,1962,train,train
2939,train/PNEUMONIA/person1927_bacteria_4837.jpeg,PNEUMONIA,1,bacteria,1962,train,train
2940,train/PNEUMONIA/person1929_bacteria_4839.jpeg,PNEUMONIA,1,bacteria,1963,train,val
2941,train/PNEUMONIA/person1930_bacteria_4841.jpeg,PNEUMONIA,1,bacteria,1964,train,train
2942,train/PNEUMONIA/person1931_bacteria_4842.jpeg,PNEUMONIA,1,bacteria,1965,train,train
2943,train/PNEUMONIA/person1932_bacteria_4843.jpeg,PNEUMONIA,1,bacteria,1966,train,test
2944,train/PNEUMONIA/person1933_bacteria_4844.jpeg,PNEUMONIA,1,bacteria,1967,train,test
2945,train/PNEUMONIA/person1934_bacteria_4846.jpeg,PNEUMONIA,1,bacteria,1968,train,val
2946,train/PNEUMONIA/person1935_bacteria_4847.jpeg,PNEUMONIA,1,bacteria,1969,train,train
2947,train/PNEUMONIA/person1935_bacteria_4848.jpeg,PNEUMONIA,1,bacteria,1969,train,train
2948,train/PNEUMONIA/person1935_bacteria_4849.jpeg,PNEUMONIA,1,bacteria,1969,train,train
2949,train/PNEUMONIA/person1935_bacteria_4850.jpeg,PNEUMONIA,1,bacteria,1969,train,train
2950,train/PNEUMONIA/person1936_bacteria_4852.jpeg,PNEUMONIA,1,bacteria,1970,train,val
2951,train/PNEUMONIA/person1937_bacteria_4853.jpeg,PNEUMONIA,1,bacteria,1971,train,val
2952,train/PNEUMONIA/person1938_bacteria_4854.jpeg,PNEUMONIA,1,bacteria,1972,train,val
2953,train/PNEUMONIA/person1940_bacteria_4859.jpeg,PNEUMONIA,1,bacteria,1973,train,train
2954,train/PNEUMONIA/person1940_bacteria_4861.jpeg,PNEUMONIA,1,bacteria,1973,train,train
2955,train/PNEUMONIA/person1940_bacteria_4862.jpeg,PNEUMONIA,1,bacteria,1973,train,train
2956,train/PNEUMONIA/person1941_bacteria_4863.jpeg,PNEUMONIA,1,bacteria,1974,train,test
2957,train/PNEUMONIA/person1942_bacteria_4865.jpeg,PNEUMONIA,1,bacteria,1975,train,val
2958,train/PNEUMONIA/person1943_bacteria_4868.jpeg,PNEUMONIA,1,bacteria,1976,train,test
2959,train/PNEUMONIA/person1944_bacteria_4869.jpeg,PNEUMONIA,1,bacteria,1977,train,val
2960,train/PNEUMONIA/person1945_bacteria_4872.jpeg,PNEUMONIA,1,bacteria,1978,train,val
2961,train/PNEUMONIA/person19_bacteria_58.jpeg,PNEUMONIA,1,bacteria,1943,train,train
2962,train/PNEUMONIA/person19_bacteria_59.jpeg,PNEUMONIA,1,bacteria,1943,train,train
2963,train/PNEUMONIA/person19_bacteria_60.jpeg,PNEUMONIA,1,bacteria,1943,train,train
2964,train/PNEUMONIA/person19_bacteria_61.jpeg,PNEUMONIA,1,bacteria,1943,train,train
2965,train/PNEUMONIA/person19_bacteria_62.jpeg,PNEUMONIA,1,bacteria,1943,train,train
2966,train/PNEUMONIA/person19_bacteria_63.jpeg,PNEUMONIA,1,bacteria,1943,train,train
2967,train/PNEUMONIA/person1_bacteria_1.jpeg,PNEUMONIA,1,bacteria,1115,train,train
2968,train/PNEUMONIA/person1_bacteria_2.jpeg,PNEUMONIA,1,bacteria,1115,train,train
2969,train/PNEUMONIA/person20_bacteria_64.jpeg,PNEUMONIA,1,bacteria,1987,train,train
2970,train/PNEUMONIA/person20_bacteria_66.jpeg,PNEUMONIA,1,bacteria,1987,train,train
2971,train/PNEUMONIA/person20_bacteria_67.jpeg,PNEUMONIA,1,bacteria,1987,train,train
2972,train/PNEUMONIA/person20_bacteria_69.jpeg,PNEUMONIA,1,bacteria,1987,train,train
2973,train/PNEUMONIA/person20_bacteria_70.jpeg,PNEUMONIA,1,bacteria,1987,train,train
2974,train/PNEUMONIA/person21_bacteria_72.jpeg,PNEUMONIA,1,bacteria,1988,train,train
2975,train/PNEUMONIA/person21_bacteria_73.jpeg,PNEUMONIA,1,bacteria,1988,train,train
2976,train/PNEUMONIA/person22_bacteria_74.jpeg,PNEUMONIA,1,bacteria,1989,train,train
2977,train/PNEUMONIA/person22_bacteria_76.jpeg,PNEUMONIA,1,bacteria,1989,train,train
2978,train/PNEUMONIA/person22_bacteria_77.jpeg,PNEUMONIA,1,bacteria,1989,train,train
2979,train/PNEUMONIA/person23_bacteria_100.jpeg,PNEUMONIA,1,bacteria,1990,train,train
2980,train/PNEUMONIA/person23_bacteria_101.jpeg,PNEUMONIA,1,bacteria,1990,train,train
2981,train/PNEUMONIA/person23_bacteria_102.jpeg,PNEUMONIA,1,bacteria,1990,train,train
2982,train/PNEUMONIA/person23_bacteria_103.jpeg,PNEUMONIA,1,bacteria,1990,train,train
2983,train/PNEUMONIA/person23_bacteria_104.jpeg,PNEUMONIA,1,bacteria,1990,train,train
2984,train/PNEUMONIA/person23_bacteria_105.jpeg,PNEUMONIA,1,bacteria,1990,train,train
2985,train/PNEUMONIA/person23_bacteria_106.jpeg,PNEUMONIA,1,bacteria,1990,train,train
2986,train/PNEUMONIA/person23_bacteria_107.jpeg,PNEUMONIA,1,bacteria,1990,train,train
2987,train/PNEUMONIA/person23_bacteria_78.jpeg,PNEUMONIA,1,bacteria,1990,train,train
2988,train/PNEUMONIA/person23_bacteria_79.jpeg,PNEUMONIA,1,bacteria,1990,train,train
2989,train/PNEUMONIA/person23_bacteria_80.jpeg,PNEUMONIA,1,bacteria,1990,train,train
2990,train/PNEUMONIA/person23_bacteria_81.jpeg,PNEUMONIA,1,bacteria,1990,train,train
2991,train/PNEUMONIA/person23_bacteria_82.jpeg,PNEUMONIA,1,bacteria,1990,train,train
2992,train/PNEUMONIA/person23_bacteria_83.jpeg,PNEUMONIA,1,bacteria,1990,train,train
2993,train/PNEUMONIA/person23_bacteria_84.jpeg,PNEUMONIA,1,bacteria,1990,train,train
2994,train/PNEUMONIA/person23_bacteria_85.jpeg,PNEUMONIA,1,bacteria,1990,train,train
2995,train/PNEUMONIA/person23_bacteria_86.jpeg,PNEUMONIA,1,bacteria,1990,train,train
2996,train/PNEUMONIA/person23_bacteria_87.jpeg,PNEUMONIA,1,bacteria,1990,train,train
2997,train/PNEUMONIA/person23_bacteria_88.jpeg,PNEUMONIA,1,bacteria,1990,train,train
2998,train/PNEUMONIA/person23_bacteria_89.jpeg,PNEUMONIA,1,bacteria,1990,train,train
2999,train/PNEUMONIA/person23_bacteria_90.jpeg,PNEUMONIA,1,bacteria,1990,train,train
3000,train/PNEUMONIA/person23_bacteria_91.jpeg,PNEUMONIA,1,bacteria,1990,train,train
3001,train/PNEUMONIA/person23_bacteria_92.jpeg,PNEUMONIA,1,bacteria,1990,train,train
3002,train/PNEUMONIA/person23_bacteria_93.jpeg,PNEUMONIA,1,bacteria,1990,train,train
3003,train/PNEUMONIA/person23_bacteria_94.jpeg,PNEUMONIA,1,bacteria,1990,train,train
3004,train/PNEUMONIA/person23_bacteria_95.jpeg,PNEUMONIA,1,bacteria,1990,train,train
3005,train/PNEUMONIA/person23_bacteria_96.jpeg,PNEUMONIA,1,bacteria,1990,train,train
3006,train/PNEUMONIA/person23_bacteria_97.jpeg,PNEUMONIA,1,bacteria,1990,train,train
3007,train/PNEUMONIA/person23_bacteria_98.jpeg,PNEUMONIA,1,bacteria,1990,train,train
3008,train/PNEUMONIA/person23_bacteria_99.jpeg,PNEUMONIA,1,bacteria,1990,train,train
3009,train/PNEUMONIA/person24_bacteria_108.jpeg,PNEUMONIA,1,bacteria,1991,train,train
3010,train/PNEUMONIA/person24_bacteria_109.jpeg,PNEUMONIA,1,bacteria,1991,train,train
3011,train/PNEUMONIA/person24_bacteria_110.jpeg,PNEUMONIA,1,bacteria,1991,train,train
3012,train/PNEUMONIA/person24_bacteria_111.jpeg,PNEUMONIA,1,bacteria,1991,train,train
3013,train/PNEUMONIA/person24_bacteria_112.jpeg,PNEUMONIA,1,bacteria,1991,train,train
3014,train/PNEUMONIA/person253_bacteria_1152.jpeg,PNEUMONIA,1,bacteria,1993,train,train
3015,train/PNEUMONIA/person253_bacteria_1153.jpeg,PNEUMONIA,1,bacteria,1993,train,train
3016,train/PNEUMONIA/person253_bacteria_1154.jpeg,PNEUMONIA,1,bacteria,1993,train,train
3017,train/PNEUMONIA/person253_bacteria_1155.jpeg,PNEUMONIA,1,bacteria,1993,train,train
3018,train/PNEUMONIA/person253_bacteria_1156.jpeg,PNEUMONIA,1,bacteria,1993,train,train
3019,train/PNEUMONIA/person253_bacteria_1157.jpeg,PNEUMONIA,1,bacteria,1993,train,train
3020,train/PNEUMONIA/person255_bacteria_1160.jpeg,PNEUMONIA,1,bacteria,1994,train,train
3021,train/PNEUMONIA/person255_bacteria_1161.jpeg,PNEUMONIA,1,bacteria,1994,train,train
3022,train/PNEUMONIA/person255_bacteria_1162.jpeg,PNEUMONIA,1,bacteria,1994,train,train
3023,train/PNEUMONIA/person255_bacteria_1165.jpeg,PNEUMONIA,1,bacteria,1994,train,train
3024,train/PNEUMONIA/person255_bacteria_1175.jpeg,PNEUMONIA,1,bacteria,1994,train,train
3025,train/PNEUMONIA/person255_bacteria_1182.jpeg,PNEUMONIA,1,bacteria,1994,train,train
3026,train/PNEUMONIA/person255_bacteria_1188.jpeg,PNEUMONIA,1,bacteria,1994,train,train
3027,train/PNEUMONIA/person255_virus_531.jpeg,PNEUMONIA,1,virus,1994,train,train
3028,train/PNEUMONIA/person256_bacteria_1189.jpeg,PNEUMONIA,1,bacteria,1995,train,val
3029,train/PNEUMONIA/person256_virus_537.jpeg,PNEUMONIA,1,virus,1995,train,val
3030,train/PNEUMONIA/person257_bacteria_1191.jpeg,PNEUMONIA,1,bacteria,1996,train,train
3031,train/PNEUMONIA/person257_bacteria_1193.jpeg,PNEUMONIA,1,bacteria,1996,train,train
3032,train/PNEUMONIA/person257_bacteria_1194.jpeg,PNEUMONIA,1,bacteria,1996,train,train
3033,train/PNEUMONIA/person257_bacteria_1195.jpeg,PNEUMONIA,1,bacteria,1996,train,train
3034,train/PNEUMONIA/person257_bacteria_1196.jpeg,PNEUMONIA,1,bacteria,1996,train,train
3035,train/PNEUMONIA/person257_bacteria_1197.jpeg,PNEUMONIA,1,bacteria,1996,train,train
3036,train/PNEUMONIA/person257_bacteria_1199.jpeg,PNEUMONIA,1,bacteria,1996,train,train
3037,train/PNEUMONIA/person257_bacteria_1200.jpeg,PNEUMONIA,1,bacteria,1996,train,train
3038,train/PNEUMONIA/person257_virus_538.jpeg,PNEUMONIA,1,virus,1996,train,train
3039,train/PNEUMONIA/person258_bacteria_1205.jpeg,PNEUMONIA,1,bacteria,1997,train,train
3040,train/PNEUMONIA/person258_bacteria_1206.jpeg,PNEUMONIA,1,bacteria,1997,train,train
3041,train/PNEUMONIA/person258_bacteria_1207.jpeg,PNEUMONIA,1,bacteria,1997,train,train
3044,train/PNEUMONIA/person258_bacteria_1210.jpeg,PNEUMONIA,1,bacteria,1997,train,train
3045,train/PNEUMONIA/person258_bacteria_1212.jpeg,PNEUMONIA,1,bacteria,1997,train,train
3046,train/PNEUMONIA/person258_bacteria_1214.jpeg,PNEUMONIA,1,bacteria,1997,train,train
3047,train/PNEUMONIA/person258_bacteria_1215.jpeg,PNEUMONIA,1,bacteria,1997,train,train
3048,train/PNEUMONIA/person258_bacteria_1216.jpeg,PNEUMONIA,1,bacteria,1997,train,train
3049,train/PNEUMONIA/person258_virus_539.jpeg,PNEUMONIA,1,virus,1997,train,train
3050,train/PNEUMONIA/person259_bacteria_1217.jpeg,PNEUMONIA,1,bacteria,1998,train,train
3051,train/PNEUMONIA/person259_bacteria_1219.jpeg,PNEUMONIA,1,bacteria,1998,train,train
3052,train/PNEUMONIA/person259_bacteria_1220.jpeg,PNEUMONIA,1,bacteria,1998,train,train
3053,train/PNEUMONIA/person259_virus_540.jpeg,PNEUMONIA,1,virus,1998,train,train
3054,train/PNEUMONIA/person25_bacteria_113.jpeg,PNEUMONIA,1,bacteria,1992,train,train
3055,train/PNEUMONIA/person25_bacteria_114.jpeg,PNEUMONIA,1,bacteria,1992,train,train
3056,train/PNEUMONIA/person25_bacteria_115.jpeg,PNEUMONIA,1,bacteria,1992,train,train
3057,train/PNEUMONIA/person25_bacteria_116.jpeg,PNEUMONIA,1,bacteria,1992,train,train
3058,train/PNEUMONIA/person25_bacteria_117.jpeg,PNEUMONIA,1,bacteria,1992,train,train
3059,train/PNEUMONIA/person25_bacteria_118.jpeg,PNEUMONIA,1,bacteria,1992,train,train
3060,train/PNEUMONIA/person25_bacteria_119.jpeg,PNEUMONIA,1,bacteria,1992,train,train
3061,train/PNEUMONIA/person25_bacteria_120.jpeg,PNEUMONIA,1,bacteria,1992,train,train
3062,train/PNEUMONIA/person25_bacteria_121.jpeg,PNEUMONIA,1,bacteria,1992,train,train
3063,train/PNEUMONIA/person260_bacteria_1222.jpeg,PNEUMONIA,1,bacteria,2000,train,train
3064,train/PNEUMONIA/person260_bacteria_1223.jpeg,PNEUMONIA,1,bacteria,2000,train,train
3065,train/PNEUMONIA/person260_bacteria_1224.jpeg,PNEUMONIA,1,bacteria,2000,train,train
3066,train/PNEUMONIA/person260_virus_541.jpeg,PNEUMONIA,1,virus,2000,train,train
3067,train/PNEUMONIA/person261_bacteria_1225.jpeg,PNEUMONIA,1,bacteria,2001,train,test
3068,train/PNEUMONIA/person261_virus_543.jpeg,PNEUMONIA,1,virus,2001,train,test
3069,train/PNEUMONIA/person262_bacteria_1226.jpeg,PNEUMONIA,1,bacteria,2002,train,train
3070,train/PNEUMONIA/person262_virus_544.jpeg,PNEUMONIA,1,virus,2002,train,train
3071,train/PNEUMONIA/person262_virus_545.jpeg,PNEUMONIA,1,virus,2002,train,train
3072,train/PNEUMONIA/person263_bacteria_1227.jpeg,PNEUMONIA,1,bacteria,2003,train,test
3073,train/PNEUMONIA/person263_virus_546.jpeg,PNEUMONIA,1,virus,2003,train,test
3074,train/PNEUMONIA/person264_bacteria_1228.jpeg,PNEUMONIA,1,bacteria,2004,train,train
3075,train/PNEUMONIA/person264_bacteria_1229.jpeg,PNEUMONIA,1,bacteria,2004,train,train
3076,train/PNEUMONIA/person264_bacteria_1230.jpeg,PNEUMONIA,1,bacteria,2004,train,train
3078,train/PNEUMONIA/person264_bacteria_1232.jpeg,PNEUMONIA,1,bacteria,2004,train,train
3079,train/PNEUMONIA/person264_bacteria_1233.jpeg,PNEUMONIA,1,bacteria,2004,train,train
3080,train/PNEUMONIA/person264_bacteria_1234.jpeg,PNEUMONIA,1,bacteria,2004,train,train
3081,train/PNEUMONIA/person264_virus_547.jpeg,PNEUMONIA,1,virus,2004,train,train
3082,train/PNEUMONIA/person265_bacteria_1235.jpeg,PNEUMONIA,1,bacteria,2005,train,train
3083,train/PNEUMONIA/person265_bacteria_1236.jpeg,PNEUMONIA,1,bacteria,2005,train,train
3084,train/PNEUMONIA/person265_virus_548.jpeg,PNEUMONIA,1,virus,2005,train,train
3085,train/PNEUMONIA/person266_bacteria_1237.jpeg,PNEUMONIA,1,bacteria,2006,train,train
3087,train/PNEUMONIA/person266_bacteria_1239.jpeg,PNEUMONIA,1,bacteria,2006,train,train
3088,train/PNEUMONIA/person266_bacteria_1240.jpeg,PNEUMONIA,1,bacteria,2006,train,train
3089,train/PNEUMONIA/person266_bacteria_1241.jpeg,PNEUMONIA,1,bacteria,2006,train,train
3090,train/PNEUMONIA/person266_bacteria_1242.jpeg,PNEUMONIA,1,bacteria,2006,train,train
3091,train/PNEUMONIA/person266_bacteria_1244.jpeg,PNEUMONIA,1,bacteria,2006,train,train
3092,train/PNEUMONIA/person266_bacteria_1245.jpeg,PNEUMONIA,1,bacteria,2006,train,train
3093,train/PNEUMONIA/person266_bacteria_1247.jpeg,PNEUMONIA,1,bacteria,2006,train,train
3094,train/PNEUMONIA/person266_bacteria_1248.jpeg,PNEUMONIA,1,bacteria,2006,train,train
3095,train/PNEUMONIA/person266_bacteria_1249.jpeg,PNEUMONIA,1,bacteria,2006,train,train
3096,train/PNEUMONIA/person266_virus_549.jpeg,PNEUMONIA,1,virus,2006,train,train
3097,train/PNEUMONIA/person267_bacteria_1250.jpeg,PNEUMONIA,1,bacteria,2007,train,train
3098,train/PNEUMONIA/person267_bacteria_1251.jpeg,PNEUMONIA,1,bacteria,2007,train,train
3099,train/PNEUMONIA/person267_bacteria_1252.jpeg,PNEUMONIA,1,bacteria,2007,train,train
3100,train/PNEUMONIA/person267_bacteria_1253.jpeg,PNEUMONIA,1,bacteria,2007,train,train
3101,train/PNEUMONIA/person267_virus_552.jpeg,PNEUMONIA,1,virus,2007,train,train
3102,train/PNEUMONIA/person268_virus_553.jpeg,PNEUMONIA,1,virus,2008,train,test
3103,train/PNEUMONIA/person269_virus_554.jpeg,PNEUMONIA,1,virus,2009,train,val
3104,train/PNEUMONIA/person26_bacteria_122.jpeg,PNEUMONIA,1,bacteria,1999,train,train
3105,train/PNEUMONIA/person26_bacteria_123.jpeg,PNEUMONIA,1,bacteria,1999,train,train
3106,train/PNEUMONIA/person26_bacteria_124.jpeg,PNEUMONIA,1,bacteria,1999,train,train
3107,train/PNEUMONIA/person26_bacteria_126.jpeg,PNEUMONIA,1,bacteria,1999,train,train
3108,train/PNEUMONIA/person26_bacteria_127.jpeg,PNEUMONIA,1,bacteria,1999,train,train
3109,train/PNEUMONIA/person26_bacteria_128.jpeg,PNEUMONIA,1,bacteria,1999,train,train
3110,train/PNEUMONIA/person26_bacteria_129.jpeg,PNEUMONIA,1,bacteria,1999,train,train
3111,train/PNEUMONIA/person26_bacteria_130.jpeg,PNEUMONIA,1,bacteria,1999,train,train
3112,train/PNEUMONIA/person26_bacteria_131.jpeg,PNEUMONIA,1,bacteria,1999,train,train
3113,train/PNEUMONIA/person26_bacteria_132.jpeg,PNEUMONIA,1,bacteria,1999,train,train
3114,train/PNEUMONIA/person26_bacteria_133.jpeg,PNEUMONIA,1,bacteria,1999,train,train
3115,train/PNEUMONIA/person270_virus_555.jpeg,PNEUMONIA,1,virus,2011,train,val
3116,train/PNEUMONIA/person271_virus_556.jpeg,PNEUMONIA,1,virus,2012,train,test
3117,train/PNEUMONIA/person272_virus_559.jpeg,PNEUMONIA,1,virus,2013,train,train
3118,train/PNEUMONIA/person273_virus_561.jpeg,PNEUMONIA,1,virus,2014,train,val
3119,train/PNEUMONIA/person273_virus_562.jpeg,PNEUMONIA,1,virus,2014,train,val
3120,train/PNEUMONIA/person274_bacteria_1288.jpeg,PNEUMONIA,1,bacteria,2015,train,train
3121,train/PNEUMONIA/person274_bacteria_1289.jpeg,PNEUMONIA,1,bacteria,2015,train,train
3122,train/PNEUMONIA/person274_bacteria_1290.jpeg,PNEUMONIA,1,bacteria,2015,train,train
3123,train/PNEUMONIA/person274_virus_563.jpeg,PNEUMONIA,1,virus,2015,train,train
3124,train/PNEUMONIA/person275_bacteria_1291.jpeg,PNEUMONIA,1,bacteria,2016,train,train
3125,train/PNEUMONIA/person275_bacteria_1293.jpeg,PNEUMONIA,1,bacteria,2016,train,train
3126,train/PNEUMONIA/person275_bacteria_1294.jpeg,PNEUMONIA,1,bacteria,2016,train,train
3127,train/PNEUMONIA/person275_virus_565.jpeg,PNEUMONIA,1,virus,2016,train,train
3128,train/PNEUMONIA/person276_bacteria_1295.jpeg,PNEUMONIA,1,bacteria,2017,train,train
3129,train/PNEUMONIA/person276_bacteria_1296.jpeg,PNEUMONIA,1,bacteria,2017,train,train
3130,train/PNEUMONIA/person276_bacteria_1297.jpeg,PNEUMONIA,1,bacteria,2017,train,train
3131,train/PNEUMONIA/person276_bacteria_1298.jpeg,PNEUMONIA,1,bacteria,2017,train,train
3132,train/PNEUMONIA/person276_bacteria_1299.jpeg,PNEUMONIA,1,bacteria,2017,train,train
3133,train/PNEUMONIA/person276_virus_569.jpeg,PNEUMONIA,1,virus,2017,train,train
3134,train/PNEUMONIA/person277_bacteria_1300.jpeg,PNEUMONIA,1,bacteria,2018,train,train
3135,train/PNEUMONIA/person277_bacteria_1301.jpeg,PNEUMONIA,1,bacteria,2018,train,train
3136,train/PNEUMONIA/person277_bacteria_1302.jpeg,PNEUMONIA,1,bacteria,2018,train,train
3137,train/PNEUMONIA/person277_bacteria_1303.jpeg,PNEUMONIA,1,bacteria,2018,train,train
3138,train/PNEUMONIA/person277_bacteria_1304.jpeg,PNEUMONIA,1,bacteria,2018,train,train
3139,train/PNEUMONIA/person277_bacteria_1305.jpeg,PNEUMONIA,1,bacteria,2018,train,train
3140,train/PNEUMONIA/person277_bacteria_1306.jpeg,PNEUMONIA,1,bacteria,2018,train,train
3141,train/PNEUMONIA/person277_bacteria_1307.jpeg,PNEUMONIA,1,bacteria,2018,train,train
3142,train/PNEUMONIA/person277_virus_571.jpeg,PNEUMONIA,1,virus,2018,train,train
3143,train/PNEUMONIA/person278_bacteria_1309.jpeg,PNEUMONIA,1,bacteria,2019,train,train
3144,train/PNEUMONIA/person278_bacteria_1311.jpeg,PNEUMONIA,1,bacteria,2019,train,train
3145,train/PNEUMONIA/person278_bacteria_1313.jpeg,PNEUMONIA,1,bacteria,2019,train,train
3146,train/PNEUMONIA/person278_bacteria_1314.jpeg,PNEUMONIA,1,bacteria,2019,train,train
3147,train/PNEUMONIA/person278_virus_572.jpeg,PNEUMONIA,1,virus,2019,train,train
3148,train/PNEUMONIA/person278_virus_573.jpeg,PNEUMONIA,1,virus,2019,train,train
3149,train/PNEUMONIA/person278_virus_574.jpeg,PNEUMONIA,1,virus,2019,train,train
3150,train/PNEUMONIA/person278_virus_575.jpeg,PNEUMONIA,1,virus,2019,train,train
3151,train/PNEUMONIA/person279_bacteria_1315.jpeg,PNEUMONIA,1,bacteria,2020,train,train
3152,train/PNEUMONIA/person279_bacteria_1316.jpeg,PNEUMONIA,1,bacteria,2020,train,train
3153,train/PNEUMONIA/person279_virus_576.jpeg,PNEUMONIA,1,virus,2020,train,train
3154,train/PNEUMONIA/person27_bacteria_135.jpeg,PNEUMONIA,1,bacteria,2010,train,train
3155,train/PNEUMONIA/person27_bacteria_136.jpeg,PNEUMONIA,1,bacteria,2010,train,train
3156,train/PNEUMONIA/person27_bacteria_137.jpeg,PNEUMONIA,1,bacteria,2010,train,train
3157,train/PNEUMONIA/person27_bacteria_138.jpeg,PNEUMONIA,1,bacteria,2010,train,train
3158,train/PNEUMONIA/person280_bacteria_1318.jpeg,PNEUMONIA,1,bacteria,2022,train,train
3159,train/PNEUMONIA/person280_bacteria_1320.jpeg,PNEUMONIA,1,bacteria,2022,train,train
3160,train/PNEUMONIA/person280_bacteria_1321.jpeg,PNEUMONIA,1,bacteria,2022,train,train
3161,train/PNEUMONIA/person280_bacteria_1322.jpeg,PNEUMONIA,1,bacteria,2022,train,train
3162,train/PNEUMONIA/person280_virus_577.jpeg,PNEUMONIA,1,virus,2022,train,train
3163,train/PNEUMONIA/person281_bacteria_1323.jpeg,PNEUMONIA,1,bacteria,2023,train,train
3164,train/PNEUMONIA/person281_bacteria_1324.jpeg,PNEUMONIA,1,bacteria,2023,train,train
3165,train/PNEUMONIA/person281_bacteria_1325.jpeg,PNEUMONIA,1,bacteria,2023,train,train
3166,train/PNEUMONIA/person281_bacteria_1326.jpeg,PNEUMONIA,1,bacteria,2023,train,train
3167,train/PNEUMONIA/person281_bacteria_1327.jpeg,PNEUMONIA,1,bacteria,2023,train,train
3168,train/PNEUMONIA/person281_bacteria_1328.jpeg,PNEUMONIA,1,bacteria,2023,train,train
3169,train/PNEUMONIA/person281_bacteria_1329.jpeg,PNEUMONIA,1,bacteria,2023,train,train
3170,train/PNEUMONIA/person281_bacteria_1330.jpeg,PNEUMONIA,1,bacteria,2023,train,train
3171,train/PNEUMONIA/person281_bacteria_1331.jpeg,PNEUMONIA,1,bacteria,2023,train,train
3172,train/PNEUMONIA/person281_bacteria_1332.jpeg,PNEUMONIA,1,bacteria,2023,train,train
3173,train/PNEUMONIA/person281_bacteria_1333.jpeg,PNEUMONIA,1,bacteria,2023,train,train
3174,train/PNEUMONIA/person281_virus_578.jpeg,PNEUMONIA,1,virus,2023,train,train
3175,train/PNEUMONIA/person282_virus_579.jpeg,PNEUMONIA,1,virus,2024,train,test
3176,train/PNEUMONIA/person284_virus_582.jpeg,PNEUMONIA,1,virus,2025,train,test
3177,train/PNEUMONIA/person286_virus_585.jpeg,PNEUMONIA,1,virus,2026,train,test
3178,train/PNEUMONIA/person287_bacteria_1354.jpeg,PNEUMONIA,1,bacteria,2027,train,train
3179,train/PNEUMONIA/person287_bacteria_1355.jpeg,PNEUMONIA,1,bacteria,2027,train,train
3180,train/PNEUMONIA/person287_virus_586.jpeg,PNEUMONIA,1,virus,2027,train,train
3181,train/PNEUMONIA/person288_virus_587.jpeg,PNEUMONIA,1,virus,2028,train,train
3182,train/PNEUMONIA/person289_virus_593.jpeg,PNEUMONIA,1,virus,2029,train,train
3183,train/PNEUMONIA/person28_bacteria_139.jpeg,PNEUMONIA,1,bacteria,2021,train,train
3184,train/PNEUMONIA/person28_bacteria_141.jpeg,PNEUMONIA,1,bacteria,2021,train,train
3185,train/PNEUMONIA/person28_bacteria_142.jpeg,PNEUMONIA,1,bacteria,2021,train,train
3186,train/PNEUMONIA/person28_bacteria_143.jpeg,PNEUMONIA,1,bacteria,2021,train,train
3187,train/PNEUMONIA/person290_bacteria_1372.jpeg,PNEUMONIA,1,bacteria,2031,train,test
3188,train/PNEUMONIA/person290_virus_594.jpeg,PNEUMONIA,1,virus,2031,train,test
3189,train/PNEUMONIA/person291_bacteria_1374.jpeg,PNEUMONIA,1,bacteria,2032,train,train
3190,train/PNEUMONIA/person291_bacteria_1376.jpeg,PNEUMONIA,1,bacteria,2032,train,train
3191,train/PNEUMONIA/person291_bacteria_1377.jpeg,PNEUMONIA,1,bacteria,2032,train,train
3192,train/PNEUMONIA/person291_virus_596.jpeg,PNEUMONIA,1,virus,2032,train,train
3193,train/PNEUMONIA/person292_bacteria_1378.jpeg,PNEUMONIA,1,bacteria,2033,train,train
3194,train/PNEUMONIA/person292_virus_597.jpeg,PNEUMONIA,1,virus,2033,train,train
3195,train/PNEUMONIA/person292_virus_598.jpeg,PNEUMONIA,1,virus,2033,train,train
3196,train/PNEUMONIA/person292_virus_599.jpeg,PNEUMONIA,1,virus,2033,train,train
3197,train/PNEUMONIA/person292_virus_600.jpeg,PNEUMONIA,1,virus,2033,train,train
3198,train/PNEUMONIA/person292_virus_602.jpeg,PNEUMONIA,1,virus,2033,train,train
3199,train/PNEUMONIA/person293_bacteria_1379.jpeg,PNEUMONIA,1,bacteria,2034,train,train
3200,train/PNEUMONIA/person293_virus_604.jpeg,PNEUMONIA,1,virus,2034,train,train
3201,train/PNEUMONIA/person293_virus_605.jpeg,PNEUMONIA,1,virus,2034,train,train
3202,train/PNEUMONIA/person294_bacteria_1380.jpeg,PNEUMONIA,1,bacteria,2035,train,train
3203,train/PNEUMONIA/person294_bacteria_1381.jpeg,PNEUMONIA,1,bacteria,2035,train,train
3204,train/PNEUMONIA/person294_bacteria_1382.jpeg,PNEUMONIA,1,bacteria,2035,train,train
3205,train/PNEUMONIA/person294_bacteria_1383.jpeg,PNEUMONIA,1,bacteria,2035,train,train
3206,train/PNEUMONIA/person294_bacteria_1384.jpeg,PNEUMONIA,1,bacteria,2035,train,train
3207,train/PNEUMONIA/person294_bacteria_1385.jpeg,PNEUMONIA,1,bacteria,2035,train,train
3208,train/PNEUMONIA/person294_bacteria_1386.jpeg,PNEUMONIA,1,bacteria,2035,train,train
3209,train/PNEUMONIA/person294_bacteria_1388.jpeg,PNEUMONIA,1,bacteria,2035,train,train
3210,train/PNEUMONIA/person294_virus_606.jpeg,PNEUMONIA,1,virus,2035,train,train
3211,train/PNEUMONIA/person294_virus_610.jpeg,PNEUMONIA,1,virus,2035,train,train
3212,train/PNEUMONIA/person294_virus_611.jpeg,PNEUMONIA,1,virus,2035,train,train
3213,train/PNEUMONIA/person295_bacteria_1389.jpeg,PNEUMONIA,1,bacteria,2036,train,train
3214,train/PNEUMONIA/person295_bacteria_1390.jpeg,PNEUMONIA,1,bacteria,2036,train,train
3215,train/PNEUMONIA/person295_virus_612.jpeg,PNEUMONIA,1,virus,2036,train,train
3216,train/PNEUMONIA/person296_bacteria_1391.jpeg,PNEUMONIA,1,bacteria,2037,train,train
3217,train/PNEUMONIA/person296_bacteria_1392.jpeg,PNEUMONIA,1,bacteria,2037,train,train
3218,train/PNEUMONIA/person296_bacteria_1393.jpeg,PNEUMONIA,1,bacteria,2037,train,train
3219,train/PNEUMONIA/person296_bacteria_1394.jpeg,PNEUMONIA,1,bacteria,2037,train,train
3220,train/PNEUMONIA/person296_bacteria_1395.jpeg,PNEUMONIA,1,bacteria,2037,train,train
3221,train/PNEUMONIA/person296_bacteria_1396.jpeg,PNEUMONIA,1,bacteria,2037,train,train
3222,train/PNEUMONIA/person296_bacteria_1397.jpeg,PNEUMONIA,1,bacteria,2037,train,train
3223,train/PNEUMONIA/person296_virus_613.jpeg,PNEUMONIA,1,virus,2037,train,train
3224,train/PNEUMONIA/person297_bacteria_1400.jpeg,PNEUMONIA,1,bacteria,2038,train,train
3225,train/PNEUMONIA/person297_bacteria_1404.jpeg,PNEUMONIA,1,bacteria,2038,train,train
3226,train/PNEUMONIA/person297_virus_614.jpeg,PNEUMONIA,1,virus,2038,train,train
3227,train/PNEUMONIA/person298_bacteria_1408.jpeg,PNEUMONIA,1,bacteria,2039,train,train
3228,train/PNEUMONIA/person298_bacteria_1409.jpeg,PNEUMONIA,1,bacteria,2039,train,train
3229,train/PNEUMONIA/person298_bacteria_1410.jpeg,PNEUMONIA,1,bacteria,2039,train,train
3230,train/PNEUMONIA/person298_bacteria_1411.jpeg,PNEUMONIA,1,bacteria,2039,train,train
3231,train/PNEUMONIA/person298_bacteria_1412.jpeg,PNEUMONIA,1,bacteria,2039,train,train
3232,train/PNEUMONIA/person298_bacteria_1413.jpeg,PNEUMONIA,1,bacteria,2039,train,train
3233,train/PNEUMONIA/person298_virus_617.jpeg,PNEUMONIA,1,virus,2039,train,train
3234,train/PNEUMONIA/person298_virus_618.jpeg,PNEUMONIA,1,virus,2039,train,train
3235,train/PNEUMONIA/person299_bacteria_1414.jpeg,PNEUMONIA,1,bacteria,2040,train,train
3236,train/PNEUMONIA/person299_bacteria_1416.jpeg,PNEUMONIA,1,bacteria,2040,train,train
3237,train/PNEUMONIA/person299_bacteria_1417.jpeg,PNEUMONIA,1,bacteria,2040,train,train
3238,train/PNEUMONIA/person299_bacteria_1418.jpeg,PNEUMONIA,1,bacteria,2040,train,train
3239,train/PNEUMONIA/person299_bacteria_1419.jpeg,PNEUMONIA,1,bacteria,2040,train,train
3240,train/PNEUMONIA/person299_virus_620.jpeg,PNEUMONIA,1,virus,2040,train,train
3241,train/PNEUMONIA/person29_bacteria_144.jpeg,PNEUMONIA,1,bacteria,2030,train,test
3242,train/PNEUMONIA/person2_bacteria_3.jpeg,PNEUMONIA,1,bacteria,1986,train,val
3243,train/PNEUMONIA/person2_bacteria_4.jpeg,PNEUMONIA,1,bacteria,1986,train,val
3244,train/PNEUMONIA/person300_bacteria_1421.jpeg,PNEUMONIA,1,bacteria,2043,train,train
3245,train/PNEUMONIA/person300_bacteria_1422.jpeg,PNEUMONIA,1,bacteria,2043,train,train
3246,train/PNEUMONIA/person300_bacteria_1423.jpeg,PNEUMONIA,1,bacteria,2043,train,train
3247,train/PNEUMONIA/person300_virus_621.jpeg,PNEUMONIA,1,virus,2043,train,train
3248,train/PNEUMONIA/person301_bacteria_1424.jpeg,PNEUMONIA,1,bacteria,2044,train,train
3249,train/PNEUMONIA/person301_bacteria_1427.jpeg,PNEUMONIA,1,bacteria,2044,train,train
3250,train/PNEUMONIA/person301_bacteria_1428.jpeg,PNEUMONIA,1,bacteria,2044,train,train
3251,train/PNEUMONIA/person301_bacteria_1429.jpeg,PNEUMONIA,1,bacteria,2044,train,train
3252,train/PNEUMONIA/person301_virus_622.jpeg,PNEUMONIA,1,virus,2044,train,train
3253,train/PNEUMONIA/person302_bacteria_1430.jpeg,PNEUMONIA,1,bacteria,2045,train,val
3254,train/PNEUMONIA/person302_virus_623.jpeg,PNEUMONIA,1,virus,2045,train,val
3255,train/PNEUMONIA/person303_bacteria_1431.jpeg,PNEUMONIA,1,bacteria,2046,train,train
3256,train/PNEUMONIA/person303_virus_624.jpeg,PNEUMONIA,1,virus,2046,train,train
3257,train/PNEUMONIA/person304_virus_625.jpeg,PNEUMONIA,1,virus,2047,train,test
3258,train/PNEUMONIA/person305_bacteria_1435.jpeg,PNEUMONIA,1,bacteria,2048,train,train
3259,train/PNEUMONIA/person305_bacteria_1436.jpeg,PNEUMONIA,1,bacteria,2048,train,train
3260,train/PNEUMONIA/person305_bacteria_1437.jpeg,PNEUMONIA,1,bacteria,2048,train,train
3261,train/PNEUMONIA/person305_virus_627.jpeg,PNEUMONIA,1,virus,2048,train,train
3262,train/PNEUMONIA/person306_bacteria_1439.jpeg,PNEUMONIA,1,bacteria,2049,train,val
3263,train/PNEUMONIA/person306_bacteria_1440.jpeg,PNEUMONIA,1,bacteria,2049,train,val
3264,train/PNEUMONIA/person306_virus_628.jpeg,PNEUMONIA,1,virus,2049,train,val
3265,train/PNEUMONIA/person307_bacteria_1441.jpeg,PNEUMONIA,1,bacteria,2050,train,test
3266,train/PNEUMONIA/person307_bacteria_1442.jpeg,PNEUMONIA,1,bacteria,2050,train,test
3267,train/PNEUMONIA/person307_virus_629.jpeg,PNEUMONIA,1,virus,2050,train,test
3268,train/PNEUMONIA/person308_bacteria_1443.jpeg,PNEUMONIA,1,bacteria,2051,train,val
3269,train/PNEUMONIA/person308_bacteria_1445.jpeg,PNEUMONIA,1,bacteria,2051,train,val
3270,train/PNEUMONIA/person308_virus_630.jpeg,PNEUMONIA,1,virus,2051,train,val
3271,train/PNEUMONIA/person309_bacteria_1447.jpeg,PNEUMONIA,1,bacteria,2052,train,train
3272,train/PNEUMONIA/person309_bacteria_1449.jpeg,PNEUMONIA,1,bacteria,2052,train,train
3273,train/PNEUMONIA/person309_virus_631.jpeg,PNEUMONIA,1,virus,2052,train,train
3274,train/PNEUMONIA/person309_virus_632.jpeg,PNEUMONIA,1,virus,2052,train,train
3275,train/PNEUMONIA/person30_bacteria_145.jpeg,PNEUMONIA,1,bacteria,2042,train,train
3276,train/PNEUMONIA/person30_bacteria_146.jpeg,PNEUMONIA,1,bacteria,2042,train,train
3277,train/PNEUMONIA/person30_bacteria_147.jpeg,PNEUMONIA,1,bacteria,2042,train,train
3278,train/PNEUMONIA/person30_bacteria_148.jpeg,PNEUMONIA,1,bacteria,2042,train,train
3279,train/PNEUMONIA/person30_bacteria_149.jpeg,PNEUMONIA,1,bacteria,2042,train,train
3280,train/PNEUMONIA/person30_bacteria_150.jpeg,PNEUMONIA,1,bacteria,2042,train,train
3281,train/PNEUMONIA/person30_bacteria_151.jpeg,PNEUMONIA,1,bacteria,2042,train,train
3282,train/PNEUMONIA/person30_bacteria_152.jpeg,PNEUMONIA,1,bacteria,2042,train,train
3283,train/PNEUMONIA/person30_bacteria_153.jpeg,PNEUMONIA,1,bacteria,2042,train,train
3284,train/PNEUMONIA/person30_bacteria_154.jpeg,PNEUMONIA,1,bacteria,2042,train,train
3285,train/PNEUMONIA/person30_bacteria_155.jpeg,PNEUMONIA,1,bacteria,2042,train,train
3286,train/PNEUMONIA/person30_bacteria_156.jpeg,PNEUMONIA,1,bacteria,2042,train,train
3288,train/PNEUMONIA/person30_bacteria_158.jpeg,PNEUMONIA,1,bacteria,2042,train,train
3289,train/PNEUMONIA/person310_bacteria_1450.jpeg,PNEUMONIA,1,bacteria,2054,train,train
3290,train/PNEUMONIA/person310_bacteria_1451.jpeg,PNEUMONIA,1,bacteria,2054,train,train
3291,train/PNEUMONIA/person310_virus_633.jpeg,PNEUMONIA,1,virus,2054,train,train
3292,train/PNEUMONIA/person311_bacteria_1452.jpeg,PNEUMONIA,1,bacteria,2055,train,train
3293,train/PNEUMONIA/person311_bacteria_1453.jpeg,PNEUMONIA,1,bacteria,2055,train,train
3294,train/PNEUMONIA/person311_virus_634.jpeg,PNEUMONIA,1,virus,2055,train,train
3295,train/PNEUMONIA/person312_bacteria_1454.jpeg,PNEUMONIA,1,bacteria,2056,train,train
3296,train/PNEUMONIA/person312_bacteria_1455.jpeg,PNEUMONIA,1,bacteria,2056,train,train
3297,train/PNEUMONIA/person312_bacteria_1456.jpeg,PNEUMONIA,1,bacteria,2056,train,train
3298,train/PNEUMONIA/person312_virus_635.jpeg,PNEUMONIA,1,virus,2056,train,train
3299,train/PNEUMONIA/person313_bacteria_1457.jpeg,PNEUMONIA,1,bacteria,2057,train,train
3300,train/PNEUMONIA/person313_bacteria_1458.jpeg,PNEUMONIA,1,bacteria,2057,train,train
3301,train/PNEUMONIA/person313_bacteria_1459.jpeg,PNEUMONIA,1,bacteria,2057,train,train
3302,train/PNEUMONIA/person313_bacteria_1460.jpeg,PNEUMONIA,1,bacteria,2057,train,train
3303,train/PNEUMONIA/person313_virus_637.jpeg,PNEUMONIA,1,virus,2057,train,train
3304,train/PNEUMONIA/person314_bacteria_1461.jpeg,PNEUMONIA,1,bacteria,2058,train,train
3305,train/PNEUMONIA/person314_bacteria_1462.jpeg,PNEUMONIA,1,bacteria,2058,train,train
3306,train/PNEUMONIA/person314_virus_639.jpeg,PNEUMONIA,1,virus,2058,train,train
3307,train/PNEUMONIA/person315_bacteria_1464.jpeg,PNEUMONIA,1,bacteria,2059,train,train
3308,train/PNEUMONIA/person315_bacteria_1465.jpeg,PNEUMONIA,1,bacteria,2059,train,train
3309,train/PNEUMONIA/person315_bacteria_1466.jpeg,PNEUMONIA,1,bacteria,2059,train,train
3310,train/PNEUMONIA/person315_bacteria_1467.jpeg,PNEUMONIA,1,bacteria,2059,train,train
3311,train/PNEUMONIA/person315_bacteria_1468.jpeg,PNEUMONIA,1,bacteria,2059,train,train
3312,train/PNEUMONIA/person316_bacteria_1469.jpeg,PNEUMONIA,1,bacteria,2060,train,train
3313,train/PNEUMONIA/person316_bacteria_1470.jpeg,PNEUMONIA,1,bacteria,2060,train,train
3314,train/PNEUMONIA/person316_virus_641.jpeg,PNEUMONIA,1,virus,2060,train,train
3315,train/PNEUMONIA/person317_bacteria_1471.jpeg,PNEUMONIA,1,bacteria,2061,train,train
3316,train/PNEUMONIA/person317_bacteria_1473.jpeg,PNEUMONIA,1,bacteria,2061,train,train
3317,train/PNEUMONIA/person317_virus_643.jpeg,PNEUMONIA,1,virus,2061,train,train
3318,train/PNEUMONIA/person318_bacteria_1474.jpeg,PNEUMONIA,1,bacteria,2062,train,train
3319,train/PNEUMONIA/person318_virus_644.jpeg,PNEUMONIA,1,virus,2062,train,train
3320,train/PNEUMONIA/person319_bacteria_1475.jpeg,PNEUMONIA,1,bacteria,2063,train,train
3321,train/PNEUMONIA/person319_bacteria_1476.jpeg,PNEUMONIA,1,bacteria,2063,train,train
3322,train/PNEUMONIA/person319_bacteria_1477.jpeg,PNEUMONIA,1,bacteria,2063,train,train
3323,train/PNEUMONIA/person319_bacteria_1478.jpeg,PNEUMONIA,1,bacteria,2063,train,train
3324,train/PNEUMONIA/person319_bacteria_1479.jpeg,PNEUMONIA,1,bacteria,2063,train,train
3325,train/PNEUMONIA/person319_bacteria_1480.jpeg,PNEUMONIA,1,bacteria,2063,train,train
3326,train/PNEUMONIA/person319_virus_645.jpeg,PNEUMONIA,1,virus,2063,train,train
3327,train/PNEUMONIA/person319_virus_646.jpeg,PNEUMONIA,1,virus,2063,train,train
3328,train/PNEUMONIA/person31_bacteria_160.jpeg,PNEUMONIA,1,bacteria,2053,train,train
3329,train/PNEUMONIA/person31_bacteria_161.jpeg,PNEUMONIA,1,bacteria,2053,train,train
3330,train/PNEUMONIA/person31_bacteria_162.jpeg,PNEUMONIA,1,bacteria,2053,train,train
3331,train/PNEUMONIA/person31_bacteria_163.jpeg,PNEUMONIA,1,bacteria,2053,train,train
3332,train/PNEUMONIA/person31_bacteria_164.jpeg,PNEUMONIA,1,bacteria,2053,train,train
3333,train/PNEUMONIA/person320_virus_647.jpeg,PNEUMONIA,1,virus,2065,train,test
3334,train/PNEUMONIA/person321_bacteria_1483.jpeg,PNEUMONIA,1,bacteria,2066,train,train
3335,train/PNEUMONIA/person321_bacteria_1484.jpeg,PNEUMONIA,1,bacteria,2066,train,train
3336,train/PNEUMONIA/person321_bacteria_1485.jpeg,PNEUMONIA,1,bacteria,2066,train,train
3337,train/PNEUMONIA/person321_bacteria_1486.jpeg,PNEUMONIA,1,bacteria,2066,train,train
3338,train/PNEUMONIA/person321_bacteria_1487.jpeg,PNEUMONIA,1,bacteria,2066,train,train
3339,train/PNEUMONIA/person321_bacteria_1488.jpeg,PNEUMONIA,1,bacteria,2066,train,train
3340,train/PNEUMONIA/person321_bacteria_1489.jpeg,PNEUMONIA,1,bacteria,2066,train,train
3341,train/PNEUMONIA/person321_virus_648.jpeg,PNEUMONIA,1,virus,2066,train,train
3342,train/PNEUMONIA/person322_bacteria_1494.jpeg,PNEUMONIA,1,bacteria,2067,train,val
3343,train/PNEUMONIA/person322_virus_655.jpeg,PNEUMONIA,1,virus,2067,train,val
3344,train/PNEUMONIA/person323_virus_656.jpeg,PNEUMONIA,1,virus,2068,train,val
3345,train/PNEUMONIA/person324_virus_658.jpeg,PNEUMONIA,1,virus,2069,train,test
3346,train/PNEUMONIA/person325_bacteria_1497.jpeg,PNEUMONIA,1,bacteria,2070,train,train
3347,train/PNEUMONIA/person325_bacteria_1498.jpeg,PNEUMONIA,1,bacteria,2070,train,train
3348,train/PNEUMONIA/person325_bacteria_1500.jpeg,PNEUMONIA,1,bacteria,2070,train,train
3349,train/PNEUMONIA/person325_bacteria_1501.jpeg,PNEUMONIA,1,bacteria,2070,train,train
3350,train/PNEUMONIA/person325_bacteria_1502.jpeg,PNEUMONIA,1,bacteria,2070,train,train
3351,train/PNEUMONIA/person325_virus_659.jpeg,PNEUMONIA,1,virus,2070,train,train
3352,train/PNEUMONIA/person325_virus_660.jpeg,PNEUMONIA,1,virus,2070,train,train
3353,train/PNEUMONIA/person325_virus_661.jpeg,PNEUMONIA,1,virus,2070,train,train
3354,train/PNEUMONIA/person325_virus_664.jpeg,PNEUMONIA,1,virus,2070,train,train
3355,train/PNEUMONIA/person325_virus_665.jpeg,PNEUMONIA,1,virus,2070,train,train
3356,train/PNEUMONIA/person326_bacteria_1503.jpeg,PNEUMONIA,1,bacteria,2071,train,train
3357,train/PNEUMONIA/person326_bacteria_1504.jpeg,PNEUMONIA,1,bacteria,2071,train,train
3358,train/PNEUMONIA/person326_bacteria_1505.jpeg,PNEUMONIA,1,bacteria,2071,train,train
3359,train/PNEUMONIA/person326_bacteria_1506.jpeg,PNEUMONIA,1,bacteria,2071,train,train
3360,train/PNEUMONIA/person326_bacteria_1507.jpeg,PNEUMONIA,1,bacteria,2071,train,train
3361,train/PNEUMONIA/person326_virus_666.jpeg,PNEUMONIA,1,virus,2071,train,train
3362,train/PNEUMONIA/person326_virus_668.jpeg,PNEUMONIA,1,virus,2071,train,train
3363,train/PNEUMONIA/person326_virus_670.jpeg,PNEUMONIA,1,virus,2071,train,train
3364,train/PNEUMONIA/person326_virus_672.jpeg,PNEUMONIA,1,virus,2071,train,train
3365,train/PNEUMONIA/person326_virus_673.jpeg,PNEUMONIA,1,virus,2071,train,train
3366,train/PNEUMONIA/person326_virus_675.jpeg,PNEUMONIA,1,virus,2071,train,train
3367,train/PNEUMONIA/person326_virus_677.jpeg,PNEUMONIA,1,virus,2071,train,train
3368,train/PNEUMONIA/person327_bacteria_1508.jpeg,PNEUMONIA,1,bacteria,2072,train,train
3369,train/PNEUMONIA/person327_bacteria_1509.jpeg,PNEUMONIA,1,bacteria,2072,train,train
3370,train/PNEUMONIA/person327_virus_679.jpeg,PNEUMONIA,1,virus,2072,train,train
3371,train/PNEUMONIA/person328_bacteria_1510.jpeg,PNEUMONIA,1,bacteria,2073,train,train
3372,train/PNEUMONIA/person328_bacteria_1511.jpeg,PNEUMONIA,1,bacteria,2073,train,train
3373,train/PNEUMONIA/person328_bacteria_1512.jpeg,PNEUMONIA,1,bacteria,2073,train,train
3374,train/PNEUMONIA/person328_bacteria_1513.jpeg,PNEUMONIA,1,bacteria,2073,train,train
3375,train/PNEUMONIA/person328_bacteria_1514.jpeg,PNEUMONIA,1,bacteria,2073,train,train
3376,train/PNEUMONIA/person328_bacteria_1515.jpeg,PNEUMONIA,1,bacteria,2073,train,train
3377,train/PNEUMONIA/person328_virus_681.jpeg,PNEUMONIA,1,virus,2073,train,train
3378,train/PNEUMONIA/person329_virus_682.jpeg,PNEUMONIA,1,virus,2074,train,val
3379,train/PNEUMONIA/person32_bacteria_165.jpeg,PNEUMONIA,1,bacteria,2064,train,test
3380,train/PNEUMONIA/person32_bacteria_166.jpeg,PNEUMONIA,1,bacteria,2064,train,test
3381,train/PNEUMONIA/person330_virus_683.jpeg,PNEUMONIA,1,virus,2076,train,train
3382,train/PNEUMONIA/person331_bacteria_1526.jpeg,PNEUMONIA,1,bacteria,2077,train,train
3383,train/PNEUMONIA/person331_bacteria_1527.jpeg,PNEUMONIA,1,bacteria,2077,train,train
3384,train/PNEUMONIA/person331_bacteria_1528.jpeg,PNEUMONIA,1,bacteria,2077,train,train
3385,train/PNEUMONIA/person331_bacteria_1529.jpeg,PNEUMONIA,1,bacteria,2077,train,train
3386,train/PNEUMONIA/person331_bacteria_1530.jpeg,PNEUMONIA,1,bacteria,2077,train,train
3387,train/PNEUMONIA/person331_virus_684.jpeg,PNEUMONIA,1,virus,2077,train,train
3388,train/PNEUMONIA/person332_bacteria_1531.jpeg,PNEUMONIA,1,bacteria,2078,train,train
3389,train/PNEUMONIA/person332_bacteria_1533.jpeg,PNEUMONIA,1,bacteria,2078,train,train
3390,train/PNEUMONIA/person332_bacteria_1534.jpeg,PNEUMONIA,1,bacteria,2078,train,train
3391,train/PNEUMONIA/person332_bacteria_1535.jpeg,PNEUMONIA,1,bacteria,2078,train,train
3392,train/PNEUMONIA/person332_bacteria_1536.jpeg,PNEUMONIA,1,bacteria,2078,train,train
3393,train/PNEUMONIA/person332_bacteria_1537.jpeg,PNEUMONIA,1,bacteria,2078,train,train
3394,train/PNEUMONIA/person332_bacteria_1538.jpeg,PNEUMONIA,1,bacteria,2078,train,train
3395,train/PNEUMONIA/person332_virus_685.jpeg,PNEUMONIA,1,virus,2078,train,train
3396,train/PNEUMONIA/person333_bacteria_1539.jpeg,PNEUMONIA,1,bacteria,2079,train,val
3397,train/PNEUMONIA/person333_bacteria_1540.jpeg,PNEUMONIA,1,bacteria,2079,train,val
3398,train/PNEUMONIA/person333_virus_688.jpeg,PNEUMONIA,1,virus,2079,train,val
3399,train/PNEUMONIA/person334_bacteria_1541.jpeg,PNEUMONIA,1,bacteria,2080,train,train
3400,train/PNEUMONIA/person334_bacteria_1542.jpeg,PNEUMONIA,1,bacteria,2080,train,train
3401,train/PNEUMONIA/person334_bacteria_1544.jpeg,PNEUMONIA,1,bacteria,2080,train,train
3402,train/PNEUMONIA/person334_bacteria_1545.jpeg,PNEUMONIA,1,bacteria,2080,train,train
3403,train/PNEUMONIA/person334_virus_689.jpeg,PNEUMONIA,1,virus,2080,train,train
3404,train/PNEUMONIA/person335_virus_690.jpeg,PNEUMONIA,1,virus,2081,train,train
3405,train/PNEUMONIA/person336_bacteria_1548.jpeg,PNEUMONIA,1,bacteria,2082,train,train
3406,train/PNEUMONIA/person336_bacteria_1549.jpeg,PNEUMONIA,1,bacteria,2082,train,train
3407,train/PNEUMONIA/person336_bacteria_1550.jpeg,PNEUMONIA,1,bacteria,2082,train,train
3408,train/PNEUMONIA/person336_bacteria_1551.jpeg,PNEUMONIA,1,bacteria,2082,train,train
3409,train/PNEUMONIA/person336_bacteria_1552.jpeg,PNEUMONIA,1,bacteria,2082,train,train
3410,train/PNEUMONIA/person336_bacteria_1553.jpeg,PNEUMONIA,1,bacteria,2082,train,train
3411,train/PNEUMONIA/person337_bacteria_1554.jpeg,PNEUMONIA,1,bacteria,2083,train,train
3412,train/PNEUMONIA/person337_bacteria_1557.jpeg,PNEUMONIA,1,bacteria,2083,train,train
3413,train/PNEUMONIA/person337_bacteria_1558.jpeg,PNEUMONIA,1,bacteria,2083,train,train
3414,train/PNEUMONIA/person337_bacteria_1560.jpeg,PNEUMONIA,1,bacteria,2083,train,train
3415,train/PNEUMONIA/person337_bacteria_1561.jpeg,PNEUMONIA,1,bacteria,2083,train,train
3416,train/PNEUMONIA/person337_bacteria_1562.jpeg,PNEUMONIA,1,bacteria,2083,train,train
3417,train/PNEUMONIA/person337_bacteria_1563.jpeg,PNEUMONIA,1,bacteria,2083,train,train
3418,train/PNEUMONIA/person337_bacteria_1564.jpeg,PNEUMONIA,1,bacteria,2083,train,train
3419,train/PNEUMONIA/person337_bacteria_1565.jpeg,PNEUMONIA,1,bacteria,2083,train,train
3420,train/PNEUMONIA/person337_bacteria_1566.jpeg,PNEUMONIA,1,bacteria,2083,train,train
3421,train/PNEUMONIA/person338_bacteria_1567.jpeg,PNEUMONIA,1,bacteria,2084,train,train
3422,train/PNEUMONIA/person338_bacteria_1568.jpeg,PNEUMONIA,1,bacteria,2084,train,train
3423,train/PNEUMONIA/person338_virus_694.jpeg,PNEUMONIA,1,virus,2084,train,train
3424,train/PNEUMONIA/person339_bacteria_1572.jpeg,PNEUMONIA,1,bacteria,2085,train,train
3425,train/PNEUMONIA/person339_bacteria_1573.jpeg,PNEUMONIA,1,bacteria,2085,train,train
3426,train/PNEUMONIA/person339_bacteria_1574.jpeg,PNEUMONIA,1,bacteria,2085,train,train
3427,train/PNEUMONIA/person339_virus_695.jpeg,PNEUMONIA,1,virus,2085,train,train
3428,train/PNEUMONIA/person33_bacteria_169.jpeg,PNEUMONIA,1,bacteria,2075,train,train
3429,train/PNEUMONIA/person33_bacteria_172.jpeg,PNEUMONIA,1,bacteria,2075,train,train
3430,train/PNEUMONIA/person33_bacteria_173.jpeg,PNEUMONIA,1,bacteria,2075,train,train
3431,train/PNEUMONIA/person33_bacteria_174.jpeg,PNEUMONIA,1,bacteria,2075,train,train
3432,train/PNEUMONIA/person33_bacteria_175.jpeg,PNEUMONIA,1,bacteria,2075,train,train
3433,train/PNEUMONIA/person340_bacteria_1575.jpeg,PNEUMONIA,1,bacteria,2087,train,val
3434,train/PNEUMONIA/person340_virus_698.jpeg,PNEUMONIA,1,virus,2087,train,val
3435,train/PNEUMONIA/person341_bacteria_1577.jpeg,PNEUMONIA,1,bacteria,2088,train,val
3436,train/PNEUMONIA/person341_virus_699.jpeg,PNEUMONIA,1,virus,2088,train,val
3437,train/PNEUMONIA/person342_virus_701.jpeg,PNEUMONIA,1,virus,2089,train,test
3438,train/PNEUMONIA/person342_virus_702.jpeg,PNEUMONIA,1,virus,2089,train,test
3439,train/PNEUMONIA/person343_bacteria_1583.jpeg,PNEUMONIA,1,bacteria,2090,train,val
3440,train/PNEUMONIA/person343_bacteria_1584.jpeg,PNEUMONIA,1,bacteria,2090,train,val
3441,train/PNEUMONIA/person343_virus_704.jpeg,PNEUMONIA,1,virus,2090,train,val
3442,train/PNEUMONIA/person344_bacteria_1585.jpeg,PNEUMONIA,1,bacteria,2091,train,val
3443,train/PNEUMONIA/person344_virus_705.jpeg,PNEUMONIA,1,virus,2091,train,val
3444,train/PNEUMONIA/person346_bacteria_1590.jpeg,PNEUMONIA,1,bacteria,2092,train,train
3445,train/PNEUMONIA/person346_virus_708.jpeg,PNEUMONIA,1,virus,2092,train,train
3446,train/PNEUMONIA/person346_virus_709.jpeg,PNEUMONIA,1,virus,2092,train,train
3447,train/PNEUMONIA/person347_bacteria_1594.jpeg,PNEUMONIA,1,bacteria,2093,train,train
3448,train/PNEUMONIA/person347_bacteria_1595.jpeg,PNEUMONIA,1,bacteria,2093,train,train
3449,train/PNEUMONIA/person347_bacteria_1597.jpeg,PNEUMONIA,1,bacteria,2093,train,train
3450,train/PNEUMONIA/person347_bacteria_1599.jpeg,PNEUMONIA,1,bacteria,2093,train,train
3451,train/PNEUMONIA/person348_bacteria_1601.jpeg,PNEUMONIA,1,bacteria,2094,train,train
3452,train/PNEUMONIA/person348_bacteria_1602.jpeg,PNEUMONIA,1,bacteria,2094,train,train
3453,train/PNEUMONIA/person348_bacteria_1603.jpeg,PNEUMONIA,1,bacteria,2094,train,train
3454,train/PNEUMONIA/person348_bacteria_1604.jpeg,PNEUMONIA,1,bacteria,2094,train,train
3455,train/PNEUMONIA/person348_virus_711.jpeg,PNEUMONIA,1,virus,2094,train,train
3456,train/PNEUMONIA/person348_virus_714.jpeg,PNEUMONIA,1,virus,2094,train,train
3457,train/PNEUMONIA/person348_virus_715.jpeg,PNEUMONIA,1,virus,2094,train,train
3458,train/PNEUMONIA/person348_virus_716.jpeg,PNEUMONIA,1,virus,2094,train,train
3459,train/PNEUMONIA/person348_virus_717.jpeg,PNEUMONIA,1,virus,2094,train,train
3460,train/PNEUMONIA/person348_virus_719.jpeg,PNEUMONIA,1,virus,2094,train,train
3461,train/PNEUMONIA/person348_virus_720.jpeg,PNEUMONIA,1,virus,2094,train,train
3462,train/PNEUMONIA/person348_virus_721.jpeg,PNEUMONIA,1,virus,2094,train,train
3463,train/PNEUMONIA/person348_virus_723.jpeg,PNEUMONIA,1,virus,2094,train,train
3464,train/PNEUMONIA/person349_bacteria_1605.jpeg,PNEUMONIA,1,bacteria,2095,train,train
3465,train/PNEUMONIA/person349_bacteria_1606.jpeg,PNEUMONIA,1,bacteria,2095,train,train
3466,train/PNEUMONIA/person349_bacteria_1607.jpeg,PNEUMONIA,1,bacteria,2095,train,train
3467,train/PNEUMONIA/person349_virus_724.jpeg,PNEUMONIA,1,virus,2095,train,train
3468,train/PNEUMONIA/person34_bacteria_176.jpeg,PNEUMONIA,1,bacteria,2086,train,val
3469,train/PNEUMONIA/person350_virus_725.jpeg,PNEUMONIA,1,virus,2097,train,test
3470,train/PNEUMONIA/person351_bacteria_1617.jpeg,PNEUMONIA,1,bacteria,2098,train,train
3471,train/PNEUMONIA/person351_bacteria_1619.jpeg,PNEUMONIA,1,bacteria,2098,train,train
3472,train/PNEUMONIA/person351_bacteria_1620.jpeg,PNEUMONIA,1,bacteria,2098,train,train
3473,train/PNEUMONIA/person351_bacteria_1621.jpeg,PNEUMONIA,1,bacteria,2098,train,train
3474,train/PNEUMONIA/person351_bacteria_1622.jpeg,PNEUMONIA,1,bacteria,2098,train,train
3475,train/PNEUMONIA/person351_bacteria_1623.jpeg,PNEUMONIA,1,bacteria,2098,train,train
3476,train/PNEUMONIA/person351_bacteria_1624.jpeg,PNEUMONIA,1,bacteria,2098,train,train
3477,train/PNEUMONIA/person351_virus_726.jpeg,PNEUMONIA,1,virus,2098,train,train
3478,train/PNEUMONIA/person352_bacteria_1625.jpeg,PNEUMONIA,1,bacteria,2099,train,test
3479,train/PNEUMONIA/person353_bacteria_1626.jpeg,PNEUMONIA,1,bacteria,2100,train,train
3480,train/PNEUMONIA/person353_bacteria_1628.jpeg,PNEUMONIA,1,bacteria,2100,train,train
3481,train/PNEUMONIA/person353_virus_728.jpeg,PNEUMONIA,1,virus,2100,train,train
3482,train/PNEUMONIA/person354_bacteria_1632.jpeg,PNEUMONIA,1,bacteria,2101,train,train
3483,train/PNEUMONIA/person354_bacteria_1633.jpeg,PNEUMONIA,1,bacteria,2101,train,train
3484,train/PNEUMONIA/person354_bacteria_1634.jpeg,PNEUMONIA,1,bacteria,2101,train,train
3485,train/PNEUMONIA/person354_bacteria_1635.jpeg,PNEUMONIA,1,bacteria,2101,train,train
3486,train/PNEUMONIA/person354_virus_729.jpeg,PNEUMONIA,1,virus,2101,train,train
3487,train/PNEUMONIA/person355_bacteria_1637.jpeg,PNEUMONIA,1,bacteria,2102,train,train
3488,train/PNEUMONIA/person355_virus_730.jpeg,PNEUMONIA,1,virus,2102,train,train
3489,train/PNEUMONIA/person355_virus_731.jpeg,PNEUMONIA,1,virus,2102,train,train
3490,train/PNEUMONIA/person356_bacteria_1638.jpeg,PNEUMONIA,1,bacteria,2103,train,test
3491,train/PNEUMONIA/person356_virus_733.jpeg,PNEUMONIA,1,virus,2103,train,test
3492,train/PNEUMONIA/person357_bacteria_1639.jpeg,PNEUMONIA,1,bacteria,2104,train,train
3493,train/PNEUMONIA/person357_bacteria_1640.jpeg,PNEUMONIA,1,bacteria,2104,train,train
3494,train/PNEUMONIA/person357_virus_734.jpeg,PNEUMONIA,1,virus,2104,train,train
3496,train/PNEUMONIA/person357_virus_736.jpeg,PNEUMONIA,1,virus,2104,train,train
3497,train/PNEUMONIA/person358_virus_737.jpeg,PNEUMONIA,1,virus,2105,train,val
3498,train/PNEUMONIA/person359_bacteria_1642.jpeg,PNEUMONIA,1,bacteria,2106,train,train
3499,train/PNEUMONIA/person359_bacteria_1643.jpeg,PNEUMONIA,1,bacteria,2106,train,train
3500,train/PNEUMONIA/person359_bacteria_1644.jpeg,PNEUMONIA,1,bacteria,2106,train,train
3501,train/PNEUMONIA/person359_bacteria_1645.jpeg,PNEUMONIA,1,bacteria,2106,train,train
3502,train/PNEUMONIA/person359_bacteria_1646.jpeg,PNEUMONIA,1,bacteria,2106,train,train
3503,train/PNEUMONIA/person359_virus_738.jpeg,PNEUMONIA,1,virus,2106,train,train
3504,train/PNEUMONIA/person35_bacteria_178.jpeg,PNEUMONIA,1,bacteria,2096,train,train
3505,train/PNEUMONIA/person35_bacteria_180.jpeg,PNEUMONIA,1,bacteria,2096,train,train
3506,train/PNEUMONIA/person35_bacteria_181.jpeg,PNEUMONIA,1,bacteria,2096,train,train
3507,train/PNEUMONIA/person360_bacteria_1647.jpeg,PNEUMONIA,1,bacteria,2108,train,train
3508,train/PNEUMONIA/person360_virus_739.jpeg,PNEUMONIA,1,virus,2108,train,train
3509,train/PNEUMONIA/person361_bacteria_1651.jpeg,PNEUMONIA,1,bacteria,2109,train,test
3510,train/PNEUMONIA/person361_virus_740.jpeg,PNEUMONIA,1,virus,2109,train,test
3511,train/PNEUMONIA/person362_bacteria_1652.jpeg,PNEUMONIA,1,bacteria,2110,train,train
3512,train/PNEUMONIA/person362_virus_741.jpeg,PNEUMONIA,1,virus,2110,train,train
3513,train/PNEUMONIA/person363_bacteria_1653.jpeg,PNEUMONIA,1,bacteria,2111,train,train
3514,train/PNEUMONIA/person363_bacteria_1654.jpeg,PNEUMONIA,1,bacteria,2111,train,train
3515,train/PNEUMONIA/person363_bacteria_1655.jpeg,PNEUMONIA,1,bacteria,2111,train,train
3516,train/PNEUMONIA/person363_virus_742.jpeg,PNEUMONIA,1,virus,2111,train,train
3517,train/PNEUMONIA/person364_bacteria_1656.jpeg,PNEUMONIA,1,bacteria,2112,train,train
3518,train/PNEUMONIA/person364_bacteria_1657.jpeg,PNEUMONIA,1,bacteria,2112,train,train
3519,train/PNEUMONIA/person364_bacteria_1658.jpeg,PNEUMONIA,1,bacteria,2112,train,train
3520,train/PNEUMONIA/person364_bacteria_1659.jpeg,PNEUMONIA,1,bacteria,2112,train,train
3521,train/PNEUMONIA/person364_bacteria_1660.jpeg,PNEUMONIA,1,bacteria,2112,train,train
3522,train/PNEUMONIA/person364_virus_743.jpeg,PNEUMONIA,1,virus,2112,train,train
3523,train/PNEUMONIA/person365_virus_745.jpeg,PNEUMONIA,1,virus,2113,train,train
3524,train/PNEUMONIA/person366_bacteria_1664.jpeg,PNEUMONIA,1,bacteria,2114,train,train
3525,train/PNEUMONIA/person366_virus_746.jpeg,PNEUMONIA,1,virus,2114,train,train
3526,train/PNEUMONIA/person367_bacteria_1665.jpeg,PNEUMONIA,1,bacteria,2115,train,train
3527,train/PNEUMONIA/person367_virus_747.jpeg,PNEUMONIA,1,virus,2115,train,train
3528,train/PNEUMONIA/person368_bacteria_1666.jpeg,PNEUMONIA,1,bacteria,2116,train,train
3529,train/PNEUMONIA/person368_bacteria_1667.jpeg,PNEUMONIA,1,bacteria,2116,train,train
3530,train/PNEUMONIA/person368_bacteria_1668.jpeg,PNEUMONIA,1,bacteria,2116,train,train
3531,train/PNEUMONIA/person368_bacteria_1672.jpeg,PNEUMONIA,1,bacteria,2116,train,train
3532,train/PNEUMONIA/person368_bacteria_1678.jpeg,PNEUMONIA,1,bacteria,2116,train,train
3533,train/PNEUMONIA/person368_virus_748.jpeg,PNEUMONIA,1,virus,2116,train,train
3534,train/PNEUMONIA/person369_bacteria_1680.jpeg,PNEUMONIA,1,bacteria,2117,train,test
3535,train/PNEUMONIA/person369_virus_750.jpeg,PNEUMONIA,1,virus,2117,train,test
3536,train/PNEUMONIA/person36_bacteria_182.jpeg,PNEUMONIA,1,bacteria,2107,train,train
3537,train/PNEUMONIA/person36_bacteria_183.jpeg,PNEUMONIA,1,bacteria,2107,train,train
3538,train/PNEUMONIA/person36_bacteria_184.jpeg,PNEUMONIA,1,bacteria,2107,train,train
3539,train/PNEUMONIA/person36_bacteria_185.jpeg,PNEUMONIA,1,bacteria,2107,train,train
3540,train/PNEUMONIA/person370_bacteria_1687.jpeg,PNEUMONIA,1,bacteria,2119,train,train
3541,train/PNEUMONIA/person370_bacteria_1688.jpeg,PNEUMONIA,1,bacteria,2119,train,train
3542,train/PNEUMONIA/person370_bacteria_1689.jpeg,PNEUMONIA,1,bacteria,2119,train,train
3543,train/PNEUMONIA/person370_bacteria_1690.jpeg,PNEUMONIA,1,bacteria,2119,train,train
3544,train/PNEUMONIA/person370_bacteria_1691.jpeg,PNEUMONIA,1,bacteria,2119,train,train
3545,train/PNEUMONIA/person370_bacteria_1692.jpeg,PNEUMONIA,1,bacteria,2119,train,train
3546,train/PNEUMONIA/person370_virus_752.jpeg,PNEUMONIA,1,virus,2119,train,train
3547,train/PNEUMONIA/person370_virus_753.jpeg,PNEUMONIA,1,virus,2119,train,train
3548,train/PNEUMONIA/person371_bacteria_1694.jpeg,PNEUMONIA,1,bacteria,2120,train,train
3549,train/PNEUMONIA/person371_bacteria_1695.jpeg,PNEUMONIA,1,bacteria,2120,train,train
3550,train/PNEUMONIA/person371_bacteria_1696.jpeg,PNEUMONIA,1,bacteria,2120,train,train
3551,train/PNEUMONIA/person371_bacteria_1698.jpeg,PNEUMONIA,1,bacteria,2120,train,train
3552,train/PNEUMONIA/person371_bacteria_1699.jpeg,PNEUMONIA,1,bacteria,2120,train,train
3553,train/PNEUMONIA/person371_bacteria_1700.jpeg,PNEUMONIA,1,bacteria,2120,train,train
3554,train/PNEUMONIA/person371_bacteria_1701.jpeg,PNEUMONIA,1,bacteria,2120,train,train
3555,train/PNEUMONIA/person371_bacteria_1702.jpeg,PNEUMONIA,1,bacteria,2120,train,train
3556,train/PNEUMONIA/person371_bacteria_1703.jpeg,PNEUMONIA,1,bacteria,2120,train,train
3557,train/PNEUMONIA/person371_virus_754.jpeg,PNEUMONIA,1,virus,2120,train,train
3558,train/PNEUMONIA/person372_bacteria_1704.jpeg,PNEUMONIA,1,bacteria,2121,train,train
3559,train/PNEUMONIA/person372_bacteria_1705.jpeg,PNEUMONIA,1,bacteria,2121,train,train
3560,train/PNEUMONIA/person372_bacteria_1706.jpeg,PNEUMONIA,1,bacteria,2121,train,train
3561,train/PNEUMONIA/person372_virus_755.jpeg,PNEUMONIA,1,virus,2121,train,train
3562,train/PNEUMONIA/person373_bacteria_1707.jpeg,PNEUMONIA,1,bacteria,2122,train,train
3563,train/PNEUMONIA/person373_bacteria_1708.jpeg,PNEUMONIA,1,bacteria,2122,train,train
3564,train/PNEUMONIA/person373_bacteria_1709.jpeg,PNEUMONIA,1,bacteria,2122,train,train
3565,train/PNEUMONIA/person373_virus_756.jpeg,PNEUMONIA,1,virus,2122,train,train
3566,train/PNEUMONIA/person374_bacteria_1710.jpeg,PNEUMONIA,1,bacteria,2123,train,train
3567,train/PNEUMONIA/person374_bacteria_1711.jpeg,PNEUMONIA,1,bacteria,2123,train,train
3568,train/PNEUMONIA/person374_bacteria_1712.jpeg,PNEUMONIA,1,bacteria,2123,train,train
3569,train/PNEUMONIA/person374_virus_757.jpeg,PNEUMONIA,1,virus,2123,train,train
3570,train/PNEUMONIA/person375_bacteria_1713.jpeg,PNEUMONIA,1,bacteria,2124,train,val
3571,train/PNEUMONIA/person375_virus_758.jpeg,PNEUMONIA,1,virus,2124,train,val
3572,train/PNEUMONIA/person376_bacteria_1715.jpeg,PNEUMONIA,1,bacteria,2125,train,train
3573,train/PNEUMONIA/person376_bacteria_1716.jpeg,PNEUMONIA,1,bacteria,2125,train,train
3574,train/PNEUMONIA/person376_virus_759.jpeg,PNEUMONIA,1,virus,2125,train,train
3575,train/PNEUMONIA/person377_bacteria_1717.jpeg,PNEUMONIA,1,bacteria,2126,train,train
3576,train/PNEUMONIA/person377_bacteria_1718.jpeg,PNEUMONIA,1,bacteria,2126,train,train
3577,train/PNEUMONIA/person377_virus_760.jpeg,PNEUMONIA,1,virus,2126,train,train
3578,train/PNEUMONIA/person378_virus_761.jpeg,PNEUMONIA,1,virus,2127,train,test
3579,train/PNEUMONIA/person379_bacteria_1721.jpeg,PNEUMONIA,1,bacteria,2128,train,train
3580,train/PNEUMONIA/person379_bacteria_1722.jpeg,PNEUMONIA,1,bacteria,2128,train,train
3581,train/PNEUMONIA/person379_virus_762.jpeg,PNEUMONIA,1,virus,2128,train,train
3582,train/PNEUMONIA/person37_bacteria_186.jpeg,PNEUMONIA,1,bacteria,2118,train,train
3583,train/PNEUMONIA/person37_bacteria_187.jpeg,PNEUMONIA,1,bacteria,2118,train,train
3584,train/PNEUMONIA/person37_bacteria_188.jpeg,PNEUMONIA,1,bacteria,2118,train,train
3585,train/PNEUMONIA/person37_bacteria_189.jpeg,PNEUMONIA,1,bacteria,2118,train,train
3586,train/PNEUMONIA/person380_virus_763.jpeg,PNEUMONIA,1,virus,2130,train,val
3587,train/PNEUMONIA/person381_bacteria_1730.jpeg,PNEUMONIA,1,bacteria,2131,train,train
3588,train/PNEUMONIA/person381_bacteria_1731.jpeg,PNEUMONIA,1,bacteria,2131,train,train
3589,train/PNEUMONIA/person382_bacteria_1737.jpeg,PNEUMONIA,1,bacteria,2132,train,train
3590,train/PNEUMONIA/person382_bacteria_1738.jpeg,PNEUMONIA,1,bacteria,2132,train,train
3591,train/PNEUMONIA/person382_bacteria_1739.jpeg,PNEUMONIA,1,bacteria,2132,train,train
3592,train/PNEUMONIA/person382_bacteria_1740.jpeg,PNEUMONIA,1,bacteria,2132,train,train
3593,train/PNEUMONIA/person382_bacteria_1741.jpeg,PNEUMONIA,1,bacteria,2132,train,train
3594,train/PNEUMONIA/person382_bacteria_1742.jpeg,PNEUMONIA,1,bacteria,2132,train,train
3595,train/PNEUMONIA/person382_bacteria_1745.jpeg,PNEUMONIA,1,bacteria,2132,train,train
3596,train/PNEUMONIA/person382_bacteria_1746.jpeg,PNEUMONIA,1,bacteria,2132,train,train
3597,train/PNEUMONIA/person383_bacteria_1747.jpeg,PNEUMONIA,1,bacteria,2133,train,train
3598,train/PNEUMONIA/person383_bacteria_1748.jpeg,PNEUMONIA,1,bacteria,2133,train,train
3599,train/PNEUMONIA/person383_bacteria_1749.jpeg,PNEUMONIA,1,bacteria,2133,train,train
3600,train/PNEUMONIA/person383_bacteria_1750.jpeg,PNEUMONIA,1,bacteria,2133,train,train
3601,train/PNEUMONIA/person383_bacteria_1751.jpeg,PNEUMONIA,1,bacteria,2133,train,train
3602,train/PNEUMONIA/person383_bacteria_1752.jpeg,PNEUMONIA,1,bacteria,2133,train,train
3603,train/PNEUMONIA/person383_bacteria_1753.jpeg,PNEUMONIA,1,bacteria,2133,train,train
3604,train/PNEUMONIA/person383_bacteria_1754.jpeg,PNEUMONIA,1,bacteria,2133,train,train
3605,train/PNEUMONIA/person383_virus_767.jpeg,PNEUMONIA,1,virus,2133,train,train
3606,train/PNEUMONIA/person384_bacteria_1755.jpeg,PNEUMONIA,1,bacteria,2134,train,val
3607,train/PNEUMONIA/person384_virus_769.jpeg,PNEUMONIA,1,virus,2134,train,val
3608,train/PNEUMONIA/person385_bacteria_1765.jpeg,PNEUMONIA,1,bacteria,2135,train,train
3609,train/PNEUMONIA/person385_bacteria_1766.jpeg,PNEUMONIA,1,bacteria,2135,train,train
3610,train/PNEUMONIA/person385_virus_770.jpeg,PNEUMONIA,1,virus,2135,train,train
3611,train/PNEUMONIA/person386_virus_771.jpeg,PNEUMONIA,1,virus,2136,train,test
3612,train/PNEUMONIA/person387_bacteria_1769.jpeg,PNEUMONIA,1,bacteria,2137,train,train
3613,train/PNEUMONIA/person387_bacteria_1770.jpeg,PNEUMONIA,1,bacteria,2137,train,train
3614,train/PNEUMONIA/person387_bacteria_1772.jpeg,PNEUMONIA,1,bacteria,2137,train,train
3615,train/PNEUMONIA/person387_virus_772.jpeg,PNEUMONIA,1,virus,2137,train,train
3616,train/PNEUMONIA/person388_virus_775.jpeg,PNEUMONIA,1,virus,2138,train,train
3617,train/PNEUMONIA/person388_virus_777.jpeg,PNEUMONIA,1,virus,2138,train,train
3618,train/PNEUMONIA/person389_bacteria_1778.jpeg,PNEUMONIA,1,bacteria,2139,train,train
3619,train/PNEUMONIA/person389_bacteria_1780.jpeg,PNEUMONIA,1,bacteria,2139,train,train
3620,train/PNEUMONIA/person389_virus_778.jpeg,PNEUMONIA,1,virus,2139,train,train
3621,train/PNEUMONIA/person38_bacteria_190.jpeg,PNEUMONIA,1,bacteria,2129,train,train
3622,train/PNEUMONIA/person38_bacteria_191.jpeg,PNEUMONIA,1,bacteria,2129,train,train
3623,train/PNEUMONIA/person38_bacteria_192.jpeg,PNEUMONIA,1,bacteria,2129,train,train
3624,train/PNEUMONIA/person38_bacteria_193.jpeg,PNEUMONIA,1,bacteria,2129,train,train
3625,train/PNEUMONIA/person38_bacteria_194.jpeg,PNEUMONIA,1,bacteria,2129,train,train
3626,train/PNEUMONIA/person38_bacteria_195.jpeg,PNEUMONIA,1,bacteria,2129,train,train
3627,train/PNEUMONIA/person38_bacteria_196.jpeg,PNEUMONIA,1,bacteria,2129,train,train
3628,train/PNEUMONIA/person390_bacteria_1781.jpeg,PNEUMONIA,1,bacteria,2141,train,test
3629,train/PNEUMONIA/person391_bacteria_1782.jpeg,PNEUMONIA,1,bacteria,2142,train,val
3630,train/PNEUMONIA/person391_virus_781.jpeg,PNEUMONIA,1,virus,2142,train,val
3631,train/PNEUMONIA/person392_bacteria_1783.jpeg,PNEUMONIA,1,bacteria,2143,train,train
3632,train/PNEUMONIA/person392_bacteria_1784.jpeg,PNEUMONIA,1,bacteria,2143,train,train
3633,train/PNEUMONIA/person392_bacteria_1785.jpeg,PNEUMONIA,1,bacteria,2143,train,train
3634,train/PNEUMONIA/person392_bacteria_1786.jpeg,PNEUMONIA,1,bacteria,2143,train,train
3635,train/PNEUMONIA/person392_bacteria_1787.jpeg,PNEUMONIA,1,bacteria,2143,train,train
3636,train/PNEUMONIA/person392_virus_782.jpeg,PNEUMONIA,1,virus,2143,train,train
3637,train/PNEUMONIA/person393_bacteria_1789.jpeg,PNEUMONIA,1,bacteria,2144,train,test
3638,train/PNEUMONIA/person393_virus_784.jpeg,PNEUMONIA,1,virus,2144,train,test
3639,train/PNEUMONIA/person394_bacteria_1791.jpeg,PNEUMONIA,1,bacteria,2145,train,train
3640,train/PNEUMONIA/person394_bacteria_1792.jpeg,PNEUMONIA,1,bacteria,2145,train,train
3641,train/PNEUMONIA/person394_virus_786.jpeg,PNEUMONIA,1,virus,2145,train,train
3642,train/PNEUMONIA/person395_bacteria_1794.jpeg,PNEUMONIA,1,bacteria,2146,train,train
3643,train/PNEUMONIA/person395_bacteria_1795.jpeg,PNEUMONIA,1,bacteria,2146,train,train
3644,train/PNEUMONIA/person395_virus_788.jpeg,PNEUMONIA,1,virus,2146,train,train
3645,train/PNEUMONIA/person396_bacteria_1796.jpeg,PNEUMONIA,1,bacteria,2147,train,train
3646,train/PNEUMONIA/person396_virus_789.jpeg,PNEUMONIA,1,virus,2147,train,train
3647,train/PNEUMONIA/person397_bacteria_1797.jpeg,PNEUMONIA,1,bacteria,2148,train,test
3648,train/PNEUMONIA/person397_virus_790.jpeg,PNEUMONIA,1,virus,2148,train,test
3649,train/PNEUMONIA/person398_bacteria_1799.jpeg,PNEUMONIA,1,bacteria,2149,train,test
3650,train/PNEUMONIA/person398_bacteria_1801.jpeg,PNEUMONIA,1,bacteria,2149,train,test
3651,train/PNEUMONIA/person399_bacteria_1804.jpeg,PNEUMONIA,1,bacteria,2150,train,train
3652,train/PNEUMONIA/person399_bacteria_1805.jpeg,PNEUMONIA,1,bacteria,2150,train,train
3653,train/PNEUMONIA/person399_bacteria_1806.jpeg,PNEUMONIA,1,bacteria,2150,train,train
3654,train/PNEUMONIA/person399_virus_793.jpeg,PNEUMONIA,1,virus,2150,train,train
3655,train/PNEUMONIA/person39_bacteria_198.jpeg,PNEUMONIA,1,bacteria,2140,train,test
3656,train/PNEUMONIA/person39_bacteria_200.jpeg,PNEUMONIA,1,bacteria,2140,train,test
3657,train/PNEUMONIA/person3_bacteria_10.jpeg,PNEUMONIA,1,bacteria,2041,train,train
3658,train/PNEUMONIA/person3_bacteria_11.jpeg,PNEUMONIA,1,bacteria,2041,train,train
3659,train/PNEUMONIA/person3_bacteria_12.jpeg,PNEUMONIA,1,bacteria,2041,train,train
3660,train/PNEUMONIA/person3_bacteria_13.jpeg,PNEUMONIA,1,bacteria,2041,train,train
3661,train/PNEUMONIA/person400_bacteria_1807.jpeg,PNEUMONIA,1,bacteria,2153,train,train
3662,train/PNEUMONIA/person400_virus_794.jpeg,PNEUMONIA,1,virus,2153,train,train
3663,train/PNEUMONIA/person401_bacteria_1808.jpeg,PNEUMONIA,1,bacteria,2154,train,train
3664,train/PNEUMONIA/person401_virus_795.jpeg,PNEUMONIA,1,virus,2154,train,train
3665,train/PNEUMONIA/person401_virus_797.jpeg,PNEUMONIA,1,virus,2154,train,train
3667,train/PNEUMONIA/person402_bacteria_1809.jpeg,PNEUMONIA,1,bacteria,2155,train,train
3668,train/PNEUMONIA/person402_bacteria_1810.jpeg,PNEUMONIA,1,bacteria,2155,train,train
3669,train/PNEUMONIA/person402_bacteria_1811.jpeg,PNEUMONIA,1,bacteria,2155,train,train
3670,train/PNEUMONIA/person402_bacteria_1812.jpeg,PNEUMONIA,1,bacteria,2155,train,train
3671,train/PNEUMONIA/person402_bacteria_1813.jpeg,PNEUMONIA,1,bacteria,2155,train,train
3672,train/PNEUMONIA/person402_virus_799.jpeg,PNEUMONIA,1,virus,2155,train,train
3673,train/PNEUMONIA/person402_virus_801.jpeg,PNEUMONIA,1,virus,2155,train,train
3674,train/PNEUMONIA/person403_bacteria_1814.jpeg,PNEUMONIA,1,bacteria,2156,train,test
3675,train/PNEUMONIA/person403_virus_803.jpeg,PNEUMONIA,1,virus,2156,train,test
3676,train/PNEUMONIA/person405_bacteria_1817.jpeg,PNEUMONIA,1,bacteria,2157,train,train
3677,train/PNEUMONIA/person405_virus_805.jpeg,PNEUMONIA,1,virus,2157,train,train
3678,train/PNEUMONIA/person406_bacteria_1818.jpeg,PNEUMONIA,1,bacteria,2158,train,train
3679,train/PNEUMONIA/person406_bacteria_1819.jpeg,PNEUMONIA,1,bacteria,2158,train,train
3680,train/PNEUMONIA/person406_bacteria_1820.jpeg,PNEUMONIA,1,bacteria,2158,train,train
3681,train/PNEUMONIA/person407_bacteria_1822.jpeg,PNEUMONIA,1,bacteria,2159,train,train
3682,train/PNEUMONIA/person407_virus_811.jpeg,PNEUMONIA,1,virus,2159,train,train
3683,train/PNEUMONIA/person407_virus_812.jpeg,PNEUMONIA,1,virus,2159,train,train
3684,train/PNEUMONIA/person407_virus_814.jpeg,PNEUMONIA,1,virus,2159,train,train
3685,train/PNEUMONIA/person408_bacteria_1823.jpeg,PNEUMONIA,1,bacteria,2160,train,val
3686,train/PNEUMONIA/person408_virus_815.jpeg,PNEUMONIA,1,virus,2160,train,val
3687,train/PNEUMONIA/person409_bacteria_1824.jpeg,PNEUMONIA,1,bacteria,2161,train,train
3688,train/PNEUMONIA/person409_virus_816.jpeg,PNEUMONIA,1,virus,2161,train,train
3689,train/PNEUMONIA/person409_virus_818.jpeg,PNEUMONIA,1,virus,2161,train,train
3690,train/PNEUMONIA/person409_virus_820.jpeg,PNEUMONIA,1,virus,2161,train,train
3691,train/PNEUMONIA/person40_bacteria_202.jpeg,PNEUMONIA,1,bacteria,2152,train,train
3692,train/PNEUMONIA/person40_bacteria_203.jpeg,PNEUMONIA,1,bacteria,2152,train,train
3693,train/PNEUMONIA/person40_bacteria_204.jpeg,PNEUMONIA,1,bacteria,2152,train,train
3694,train/PNEUMONIA/person40_bacteria_205.jpeg,PNEUMONIA,1,bacteria,2152,train,train
3695,train/PNEUMONIA/person410_bacteria_1825.jpeg,PNEUMONIA,1,bacteria,2163,train,train
3696,train/PNEUMONIA/person410_virus_821.jpeg,PNEUMONIA,1,virus,2163,train,train
3697,train/PNEUMONIA/person411_bacteria_1826.jpeg,PNEUMONIA,1,bacteria,2164,train,val
3698,train/PNEUMONIA/person412_bacteria_1827.jpeg,PNEUMONIA,1,bacteria,2165,train,test
3699,train/PNEUMONIA/person413_bacteria_1828.jpeg,PNEUMONIA,1,bacteria,2166,train,train
3700,train/PNEUMONIA/person413_bacteria_1829.jpeg,PNEUMONIA,1,bacteria,2166,train,train
3701,train/PNEUMONIA/person413_bacteria_1830.jpeg,PNEUMONIA,1,bacteria,2166,train,train
3702,train/PNEUMONIA/person413_bacteria_1831.jpeg,PNEUMONIA,1,bacteria,2166,train,train
3703,train/PNEUMONIA/person413_bacteria_1832.jpeg,PNEUMONIA,1,bacteria,2166,train,train
3704,train/PNEUMONIA/person413_bacteria_1833.jpeg,PNEUMONIA,1,bacteria,2166,train,train
3705,train/PNEUMONIA/person413_bacteria_1834.jpeg,PNEUMONIA,1,bacteria,2166,train,train
3706,train/PNEUMONIA/person413_virus_844.jpeg,PNEUMONIA,1,virus,2166,train,train
3707,train/PNEUMONIA/person414_bacteria_1835.jpeg,PNEUMONIA,1,bacteria,2167,train,val
3708,train/PNEUMONIA/person414_virus_845.jpeg,PNEUMONIA,1,virus,2167,train,val
3709,train/PNEUMONIA/person415_bacteria_1837.jpeg,PNEUMONIA,1,bacteria,2168,train,train
3710,train/PNEUMONIA/person415_bacteria_1838.jpeg,PNEUMONIA,1,bacteria,2168,train,train
3711,train/PNEUMONIA/person415_bacteria_1839.jpeg,PNEUMONIA,1,bacteria,2168,train,train
3712,train/PNEUMONIA/person415_virus_847.jpeg,PNEUMONIA,1,virus,2168,train,train
3713,train/PNEUMONIA/person416_bacteria_1840.jpeg,PNEUMONIA,1,bacteria,2169,train,val
3714,train/PNEUMONIA/person416_virus_849.jpeg,PNEUMONIA,1,virus,2169,train,val
3715,train/PNEUMONIA/person417_bacteria_1841.jpeg,PNEUMONIA,1,bacteria,2170,train,train
3716,train/PNEUMONIA/person417_bacteria_1842.jpeg,PNEUMONIA,1,bacteria,2170,train,train
3717,train/PNEUMONIA/person417_virus_850.jpeg,PNEUMONIA,1,virus,2170,train,train
3718,train/PNEUMONIA/person418_bacteria_1843.jpeg,PNEUMONIA,1,bacteria,2171,train,val
3719,train/PNEUMONIA/person418_virus_852.jpeg,PNEUMONIA,1,virus,2171,train,val
3720,train/PNEUMONIA/person419_bacteria_1844.jpeg,PNEUMONIA,1,bacteria,2172,train,train
3721,train/PNEUMONIA/person419_bacteria_1845.jpeg,PNEUMONIA,1,bacteria,2172,train,train
3722,train/PNEUMONIA/person419_virus_855.jpeg,PNEUMONIA,1,virus,2172,train,train
3723,train/PNEUMONIA/person419_virus_857.jpeg,PNEUMONIA,1,virus,2172,train,train
3724,train/PNEUMONIA/person419_virus_859.jpeg,PNEUMONIA,1,virus,2172,train,train
3725,train/PNEUMONIA/person419_virus_861.jpeg,PNEUMONIA,1,virus,2172,train,train
3726,train/PNEUMONIA/person41_bacteria_206.jpeg,PNEUMONIA,1,bacteria,2162,train,train
3727,train/PNEUMONIA/person41_bacteria_207.jpeg,PNEUMONIA,1,bacteria,2162,train,train
3728,train/PNEUMONIA/person41_bacteria_208.jpeg,PNEUMONIA,1,bacteria,2162,train,train
3729,train/PNEUMONIA/person41_bacteria_209.jpeg,PNEUMONIA,1,bacteria,2162,train,train
3730,train/PNEUMONIA/person41_bacteria_210.jpeg,PNEUMONIA,1,bacteria,2162,train,train
3731,train/PNEUMONIA/person41_bacteria_211.jpeg,PNEUMONIA,1,bacteria,2162,train,train
3732,train/PNEUMONIA/person420_bacteria_1847.jpeg,PNEUMONIA,1,bacteria,2174,train,train
3733,train/PNEUMONIA/person420_bacteria_1848.jpeg,PNEUMONIA,1,bacteria,2174,train,train
3734,train/PNEUMONIA/person420_bacteria_1849.jpeg,PNEUMONIA,1,bacteria,2174,train,train
3735,train/PNEUMONIA/person420_bacteria_1850.jpeg,PNEUMONIA,1,bacteria,2174,train,train
3736,train/PNEUMONIA/person420_bacteria_1851.jpeg,PNEUMONIA,1,bacteria,2174,train,train
3737,train/PNEUMONIA/person421_bacteria_1852.jpeg,PNEUMONIA,1,bacteria,2175,train,train
3738,train/PNEUMONIA/person421_virus_866.jpeg,PNEUMONIA,1,virus,2175,train,train
3739,train/PNEUMONIA/person422_bacteria_1853.jpeg,PNEUMONIA,1,bacteria,2176,train,train
3740,train/PNEUMONIA/person422_virus_867.jpeg,PNEUMONIA,1,virus,2176,train,train
3741,train/PNEUMONIA/person422_virus_868.jpeg,PNEUMONIA,1,virus,2176,train,train
3742,train/PNEUMONIA/person423_bacteria_1854.jpeg,PNEUMONIA,1,bacteria,2177,train,train
3743,train/PNEUMONIA/person423_bacteria_1855.jpeg,PNEUMONIA,1,bacteria,2177,train,train
3744,train/PNEUMONIA/person423_bacteria_1856.jpeg,PNEUMONIA,1,bacteria,2177,train,train
3745,train/PNEUMONIA/person423_bacteria_1857.jpeg,PNEUMONIA,1,bacteria,2177,train,train
3746,train/PNEUMONIA/person423_bacteria_1858.jpeg,PNEUMONIA,1,bacteria,2177,train,train
3747,train/PNEUMONIA/person423_virus_869.jpeg,PNEUMONIA,1,virus,2177,train,train
3748,train/PNEUMONIA/person424_bacteria_1859.jpeg,PNEUMONIA,1,bacteria,2178,train,test
3749,train/PNEUMONIA/person425_bacteria_1860.jpeg,PNEUMONIA,1,bacteria,2179,train,train
3750,train/PNEUMONIA/person425_virus_871.jpeg,PNEUMONIA,1,virus,2179,train,train
3751,train/PNEUMONIA/person426_bacteria_1861.jpeg,PNEUMONIA,1,bacteria,2180,train,train
3752,train/PNEUMONIA/person426_bacteria_1862.jpeg,PNEUMONIA,1,bacteria,2180,train,train
3753,train/PNEUMONIA/person426_bacteria_1863.jpeg,PNEUMONIA,1,bacteria,2180,train,train
3754,train/PNEUMONIA/person426_virus_873.jpeg,PNEUMONIA,1,virus,2180,train,train
3755,train/PNEUMONIA/person427_bacteria_1864.jpeg,PNEUMONIA,1,bacteria,2181,train,train
3756,train/PNEUMONIA/person427_bacteria_1865.jpeg,PNEUMONIA,1,bacteria,2181,train,train
3757,train/PNEUMONIA/person427_bacteria_1866.jpeg,PNEUMONIA,1,bacteria,2181,train,train
3758,train/PNEUMONIA/person427_bacteria_1867.jpeg,PNEUMONIA,1,bacteria,2181,train,train
3759,train/PNEUMONIA/person427_bacteria_1868.jpeg,PNEUMONIA,1,bacteria,2181,train,train
3760,train/PNEUMONIA/person427_virus_875.jpeg,PNEUMONIA,1,virus,2181,train,train
3761,train/PNEUMONIA/person428_bacteria_1869.jpeg,PNEUMONIA,1,bacteria,2182,train,train
3762,train/PNEUMONIA/person428_virus_876.jpeg,PNEUMONIA,1,virus,2182,train,train
3763,train/PNEUMONIA/person429_bacteria_1870.jpeg,PNEUMONIA,1,bacteria,2183,train,train
3764,train/PNEUMONIA/person429_virus_877.jpeg,PNEUMONIA,1,virus,2183,train,train
3765,train/PNEUMONIA/person430_bacteria_1871.jpeg,PNEUMONIA,1,bacteria,2185,train,val
3766,train/PNEUMONIA/person430_virus_879.jpeg,PNEUMONIA,1,virus,2185,train,val
3767,train/PNEUMONIA/person431_bacteria_1872.jpeg,PNEUMONIA,1,bacteria,2186,train,test
3768,train/PNEUMONIA/person431_virus_880.jpeg,PNEUMONIA,1,virus,2186,train,test
3769,train/PNEUMONIA/person432_virus_881.jpeg,PNEUMONIA,1,virus,2187,train,test
3770,train/PNEUMONIA/person433_bacteria_1874.jpeg,PNEUMONIA,1,bacteria,2188,train,train
3771,train/PNEUMONIA/person433_bacteria_1875.jpeg,PNEUMONIA,1,bacteria,2188,train,train
3772,train/PNEUMONIA/person433_bacteria_1876.jpeg,PNEUMONIA,1,bacteria,2188,train,train
3773,train/PNEUMONIA/person433_virus_882.jpeg,PNEUMONIA,1,virus,2188,train,train
3774,train/PNEUMONIA/person434_bacteria_1877.jpeg,PNEUMONIA,1,bacteria,2189,train,train
3775,train/PNEUMONIA/person434_virus_883.jpeg,PNEUMONIA,1,virus,2189,train,train
3776,train/PNEUMONIA/person434_virus_884.jpeg,PNEUMONIA,1,virus,2189,train,train
3777,train/PNEUMONIA/person435_bacteria_1879.jpeg,PNEUMONIA,1,bacteria,2190,train,test
3778,train/PNEUMONIA/person435_virus_885.jpeg,PNEUMONIA,1,virus,2190,train,test
3779,train/PNEUMONIA/person436_bacteria_1883.jpeg,PNEUMONIA,1,bacteria,2191,train,test
3780,train/PNEUMONIA/person436_virus_886.jpeg,PNEUMONIA,1,virus,2191,train,test
3781,train/PNEUMONIA/person437_bacteria_1884.jpeg,PNEUMONIA,1,bacteria,2192,train,train
3782,train/PNEUMONIA/person437_bacteria_1885.jpeg,PNEUMONIA,1,bacteria,2192,train,train
3783,train/PNEUMONIA/person437_bacteria_1886.jpeg,PNEUMONIA,1,bacteria,2192,train,train
3784,train/PNEUMONIA/person437_bacteria_1887.jpeg,PNEUMONIA,1,bacteria,2192,train,train
3785,train/PNEUMONIA/person437_bacteria_1888.jpeg,PNEUMONIA,1,bacteria,2192,train,train
3786,train/PNEUMONIA/person437_virus_888.jpeg,PNEUMONIA,1,virus,2192,train,train
3787,train/PNEUMONIA/person438_bacteria_1889.jpeg,PNEUMONIA,1,bacteria,2193,train,train
3788,train/PNEUMONIA/person438_bacteria_1890.jpeg,PNEUMONIA,1,bacteria,2193,train,train
3789,train/PNEUMONIA/person438_bacteria_1891.jpeg,PNEUMONIA,1,bacteria,2193,train,train
3790,train/PNEUMONIA/person438_bacteria_1892.jpeg,PNEUMONIA,1,bacteria,2193,train,train
3791,train/PNEUMONIA/person438_bacteria_1893.jpeg,PNEUMONIA,1,bacteria,2193,train,train
3792,train/PNEUMONIA/person438_virus_889.jpeg,PNEUMONIA,1,virus,2193,train,train
3793,train/PNEUMONIA/person439_bacteria_1895.jpeg,PNEUMONIA,1,bacteria,2194,train,val
3794,train/PNEUMONIA/person439_virus_890.jpeg,PNEUMONIA,1,virus,2194,train,val
3795,train/PNEUMONIA/person439_virus_891.jpeg,PNEUMONIA,1,virus,2194,train,val
3796,train/PNEUMONIA/person43_bacteria_213.jpeg,PNEUMONIA,1,bacteria,2184,train,train
3797,train/PNEUMONIA/person43_bacteria_216.jpeg,PNEUMONIA,1,bacteria,2184,train,train
3798,train/PNEUMONIA/person440_bacteria_1897.jpeg,PNEUMONIA,1,bacteria,2196,train,train
3799,train/PNEUMONIA/person440_bacteria_1898.jpeg,PNEUMONIA,1,bacteria,2196,train,train
3800,train/PNEUMONIA/person440_virus_893.jpeg,PNEUMONIA,1,virus,2196,train,train
3801,train/PNEUMONIA/person441_bacteria_1900.jpeg,PNEUMONIA,1,bacteria,2197,train,train
3802,train/PNEUMONIA/person441_bacteria_1902.jpeg,PNEUMONIA,1,bacteria,2197,train,train
3803,train/PNEUMONIA/person441_bacteria_1903.jpeg,PNEUMONIA,1,bacteria,2197,train,train
3804,train/PNEUMONIA/person441_bacteria_1904.jpeg,PNEUMONIA,1,bacteria,2197,train,train
3805,train/PNEUMONIA/person441_bacteria_1905.jpeg,PNEUMONIA,1,bacteria,2197,train,train
3806,train/PNEUMONIA/person441_bacteria_1907.jpeg,PNEUMONIA,1,bacteria,2197,train,train
3807,train/PNEUMONIA/person441_bacteria_1910.jpeg,PNEUMONIA,1,bacteria,2197,train,train
3808,train/PNEUMONIA/person441_bacteria_1911.jpeg,PNEUMONIA,1,bacteria,2197,train,train
3809,train/PNEUMONIA/person441_bacteria_1912.jpeg,PNEUMONIA,1,bacteria,2197,train,train
3810,train/PNEUMONIA/person441_bacteria_1914.jpeg,PNEUMONIA,1,bacteria,2197,train,train
3811,train/PNEUMONIA/person441_bacteria_1915.jpeg,PNEUMONIA,1,bacteria,2197,train,train
3812,train/PNEUMONIA/person441_bacteria_1916.jpeg,PNEUMONIA,1,bacteria,2197,train,train
3813,train/PNEUMONIA/person441_bacteria_1917.jpeg,PNEUMONIA,1,bacteria,2197,train,train
3814,train/PNEUMONIA/person441_bacteria_1918.jpeg,PNEUMONIA,1,bacteria,2197,train,train
3815,train/PNEUMONIA/person441_virus_894.jpeg,PNEUMONIA,1,virus,2197,train,train
3816,train/PNEUMONIA/person441_virus_895.jpeg,PNEUMONIA,1,virus,2197,train,train
3817,train/PNEUMONIA/person441_virus_896.jpeg,PNEUMONIA,1,virus,2197,train,train
3818,train/PNEUMONIA/person441_virus_897.jpeg,PNEUMONIA,1,virus,2197,train,train
3819,train/PNEUMONIA/person442_virus_898.jpeg,PNEUMONIA,1,virus,2198,train,train
3820,train/PNEUMONIA/person442_virus_899.jpeg,PNEUMONIA,1,virus,2198,train,train
3821,train/PNEUMONIA/person442_virus_900.jpeg,PNEUMONIA,1,virus,2198,train,train
3822,train/PNEUMONIA/person442_virus_901.jpeg,PNEUMONIA,1,virus,2198,train,train
3823,train/PNEUMONIA/person442_virus_902.jpeg,PNEUMONIA,1,virus,2198,train,train
3824,train/PNEUMONIA/person442_virus_903.jpeg,PNEUMONIA,1,virus,2198,train,train
3825,train/PNEUMONIA/person442_virus_904.jpeg,PNEUMONIA,1,virus,2198,train,train
3826,train/PNEUMONIA/person442_virus_905.jpeg,PNEUMONIA,1,virus,2198,train,train
3827,train/PNEUMONIA/person442_virus_906.jpeg,PNEUMONIA,1,virus,2198,train,train
3828,train/PNEUMONIA/person443_bacteria_1923.jpeg,PNEUMONIA,1,bacteria,2199,train,train
3829,train/PNEUMONIA/person443_bacteria_1924.jpeg,PNEUMONIA,1,bacteria,2199,train,train
3830,train/PNEUMONIA/person443_bacteria_1926.jpeg,PNEUMONIA,1,bacteria,2199,train,train
3831,train/PNEUMONIA/person443_virus_908.jpeg,PNEUMONIA,1,virus,2199,train,train
3832,train/PNEUMONIA/person444_bacteria_1927.jpeg,PNEUMONIA,1,bacteria,2200,train,val
3833,train/PNEUMONIA/person444_virus_911.jpeg,PNEUMONIA,1,virus,2200,train,val
3834,train/PNEUMONIA/person445_bacteria_1928.jpeg,PNEUMONIA,1,bacteria,2201,train,train
3835,train/PNEUMONIA/person445_bacteria_1929.jpeg,PNEUMONIA,1,bacteria,2201,train,train
3836,train/PNEUMONIA/person445_bacteria_1930.jpeg,PNEUMONIA,1,bacteria,2201,train,train
3837,train/PNEUMONIA/person445_virus_912.jpeg,PNEUMONIA,1,virus,2201,train,train
3838,train/PNEUMONIA/person445_virus_913.jpeg,PNEUMONIA,1,virus,2201,train,train
3839,train/PNEUMONIA/person445_virus_914.jpeg,PNEUMONIA,1,virus,2201,train,train
3840,train/PNEUMONIA/person445_virus_915.jpeg,PNEUMONIA,1,virus,2201,train,train
3841,train/PNEUMONIA/person445_virus_916.jpeg,PNEUMONIA,1,virus,2201,train,train
3842,train/PNEUMONIA/person445_virus_917.jpeg,PNEUMONIA,1,virus,2201,train,train
3843,train/PNEUMONIA/person445_virus_918.jpeg,PNEUMONIA,1,virus,2201,train,train
3844,train/PNEUMONIA/person445_virus_919.jpeg,PNEUMONIA,1,virus,2201,train,train
3845,train/PNEUMONIA/person446_bacteria_1931.jpeg,PNEUMONIA,1,bacteria,2202,train,train
3846,train/PNEUMONIA/person446_virus_920.jpeg,PNEUMONIA,1,virus,2202,train,train
3847,train/PNEUMONIA/person447_bacteria_1932.jpeg,PNEUMONIA,1,bacteria,2203,train,train
3848,train/PNEUMONIA/person447_virus_921.jpeg,PNEUMONIA,1,virus,2203,train,train
3849,train/PNEUMONIA/person447_virus_921_1.jpeg,PNEUMONIA,1,virus,2203,train,train
3850,train/PNEUMONIA/person448_bacteria_1933.jpeg,PNEUMONIA,1,bacteria,2204,train,train
3851,train/PNEUMONIA/person448_bacteria_1934.jpeg,PNEUMONIA,1,bacteria,2204,train,train
3852,train/PNEUMONIA/person448_bacteria_1935.jpeg,PNEUMONIA,1,bacteria,2204,train,train
3853,train/PNEUMONIA/person448_bacteria_1936.jpeg,PNEUMONIA,1,bacteria,2204,train,train
3854,train/PNEUMONIA/person448_bacteria_1937.jpeg,PNEUMONIA,1,bacteria,2204,train,train
3855,train/PNEUMONIA/person448_virus_922.jpeg,PNEUMONIA,1,virus,2204,train,train
3856,train/PNEUMONIA/person449_bacteria_1938.jpeg,PNEUMONIA,1,bacteria,2205,train,train
3857,train/PNEUMONIA/person449_bacteria_1939.jpeg,PNEUMONIA,1,bacteria,2205,train,train
3858,train/PNEUMONIA/person449_bacteria_1940.jpeg,PNEUMONIA,1,bacteria,2205,train,train
3859,train/PNEUMONIA/person44_bacteria_218.jpeg,PNEUMONIA,1,bacteria,2195,train,train
3860,train/PNEUMONIA/person44_bacteria_219.jpeg,PNEUMONIA,1,bacteria,2195,train,train
3861,train/PNEUMONIA/person450_bacteria_1941.jpeg,PNEUMONIA,1,bacteria,2207,train,val
3862,train/PNEUMONIA/person450_virus_931.jpeg,PNEUMONIA,1,virus,2207,train,val
3863,train/PNEUMONIA/person451_bacteria_1942.jpeg,PNEUMONIA,1,bacteria,2208,train,test
3864,train/PNEUMONIA/person451_virus_932.jpeg,PNEUMONIA,1,virus,2208,train,test
3865,train/PNEUMONIA/person452_bacteria_1943.jpeg,PNEUMONIA,1,bacteria,2209,train,val
3866,train/PNEUMONIA/person453_virus_935.jpeg,PNEUMONIA,1,virus,2210,train,train
3867,train/PNEUMONIA/person453_virus_936.jpeg,PNEUMONIA,1,virus,2210,train,train
3868,train/PNEUMONIA/person454_bacteria_1945.jpeg,PNEUMONIA,1,bacteria,2211,train,val
3869,train/PNEUMONIA/person454_virus_938.jpeg,PNEUMONIA,1,virus,2211,train,val
3870,train/PNEUMONIA/person455_bacteria_1947.jpeg,PNEUMONIA,1,bacteria,2212,train,test
3871,train/PNEUMONIA/person456_bacteria_1948.jpeg,PNEUMONIA,1,bacteria,2213,train,val
3872,train/PNEUMONIA/person456_virus_943.jpeg,PNEUMONIA,1,virus,2213,train,val
3873,train/PNEUMONIA/person457_bacteria_1949.jpeg,PNEUMONIA,1,bacteria,2214,train,test
3874,train/PNEUMONIA/person457_virus_944.jpeg,PNEUMONIA,1,virus,2214,train,test
3875,train/PNEUMONIA/person458_bacteria_1950.jpeg,PNEUMONIA,1,bacteria,2215,train,train
3876,train/PNEUMONIA/person458_bacteria_1951.jpeg,PNEUMONIA,1,bacteria,2215,train,train
3877,train/PNEUMONIA/person458_bacteria_1952.jpeg,PNEUMONIA,1,bacteria,2215,train,train
3878,train/PNEUMONIA/person458_bacteria_1953.jpeg,PNEUMONIA,1,bacteria,2215,train,train
3879,train/PNEUMONIA/person458_bacteria_1954.jpeg,PNEUMONIA,1,bacteria,2215,train,train
3880,train/PNEUMONIA/person458_bacteria_1955.jpeg,PNEUMONIA,1,bacteria,2215,train,train
3881,train/PNEUMONIA/person458_virus_945.jpeg,PNEUMONIA,1,virus,2215,train,train
3882,train/PNEUMONIA/person459_bacteria_1956.jpeg,PNEUMONIA,1,bacteria,2216,train,train
3883,train/PNEUMONIA/person459_bacteria_1957.jpeg,PNEUMONIA,1,bacteria,2216,train,train
3884,train/PNEUMONIA/person459_virus_947.jpeg,PNEUMONIA,1,virus,2216,train,train
3885,train/PNEUMONIA/person45_bacteria_220.jpeg,PNEUMONIA,1,bacteria,2206,train,train
3886,train/PNEUMONIA/person45_bacteria_221.jpeg,PNEUMONIA,1,bacteria,2206,train,train
3887,train/PNEUMONIA/person45_bacteria_222.jpeg,PNEUMONIA,1,bacteria,2206,train,train
3888,train/PNEUMONIA/person460_bacteria_1958.jpeg,PNEUMONIA,1,bacteria,2218,train,train
3889,train/PNEUMONIA/person460_virus_948.jpeg,PNEUMONIA,1,virus,2218,train,train
3890,train/PNEUMONIA/person461_bacteria_1960.jpeg,PNEUMONIA,1,bacteria,2219,train,train
3891,train/PNEUMONIA/person461_virus_949.jpeg,PNEUMONIA,1,virus,2219,train,train
3892,train/PNEUMONIA/person461_virus_950.jpeg,PNEUMONIA,1,virus,2219,train,train
3893,train/PNEUMONIA/person462_bacteria_1961.jpeg,PNEUMONIA,1,bacteria,2220,train,train
3894,train/PNEUMONIA/person462_bacteria_1963.jpeg,PNEUMONIA,1,bacteria,2220,train,train
3895,train/PNEUMONIA/person462_bacteria_1967.jpeg,PNEUMONIA,1,bacteria,2220,train,train
3896,train/PNEUMONIA/person462_bacteria_1968.jpeg,PNEUMONIA,1,bacteria,2220,train,train
3897,train/PNEUMONIA/person462_virus_951.jpeg,PNEUMONIA,1,virus,2220,train,train
3898,train/PNEUMONIA/person463_bacteria_1971.jpeg,PNEUMONIA,1,bacteria,2221,train,train
3899,train/PNEUMONIA/person463_virus_952.jpeg,PNEUMONIA,1,virus,2221,train,train
3900,train/PNEUMONIA/person463_virus_953.jpeg,PNEUMONIA,1,virus,2221,train,train
3901,train/PNEUMONIA/person464_bacteria_1974.jpeg,PNEUMONIA,1,bacteria,2222,train,train
3902,train/PNEUMONIA/person464_bacteria_1975.jpeg,PNEUMONIA,1,bacteria,2222,train,train
3903,train/PNEUMONIA/person464_virus_954.jpeg,PNEUMONIA,1,virus,2222,train,train
3904,train/PNEUMONIA/person464_virus_956.jpeg,PNEUMONIA,1,virus,2222,train,train
3905,train/PNEUMONIA/person465_bacteria_1976.jpeg,PNEUMONIA,1,bacteria,2223,train,train
3906,train/PNEUMONIA/person465_bacteria_1977.jpeg,PNEUMONIA,1,bacteria,2223,train,train
3907,train/PNEUMONIA/person465_bacteria_1979.jpeg,PNEUMONIA,1,bacteria,2223,train,train
3908,train/PNEUMONIA/person465_bacteria_1980.jpeg,PNEUMONIA,1,bacteria,2223,train,train
3909,train/PNEUMONIA/person465_bacteria_1981.jpeg,PNEUMONIA,1,bacteria,2223,train,train
3910,train/PNEUMONIA/person465_bacteria_1982.jpeg,PNEUMONIA,1,bacteria,2223,train,train
3911,train/PNEUMONIA/person465_virus_957.jpeg,PNEUMONIA,1,virus,2223,train,train
3912,train/PNEUMONIA/person466_bacteria_1983.jpeg,PNEUMONIA,1,bacteria,2224,train,train
3913,train/PNEUMONIA/person466_bacteria_1984.jpeg,PNEUMONIA,1,bacteria,2224,train,train
3914,train/PNEUMONIA/person466_bacteria_1986.jpeg,PNEUMONIA,1,bacteria,2224,train,train
3915,train/PNEUMONIA/person466_bacteria_1987.jpeg,PNEUMONIA,1,bacteria,2224,train,train
3916,train/PNEUMONIA/person466_virus_960.jpeg,PNEUMONIA,1,virus,2224,train,train
3917,train/PNEUMONIA/person467_bacteria_1988.jpeg,PNEUMONIA,1,bacteria,2225,train,train
3918,train/PNEUMONIA/person467_bacteria_1989.jpeg,PNEUMONIA,1,bacteria,2225,train,train
3919,train/PNEUMONIA/person467_virus_961.jpeg,PNEUMONIA,1,virus,2225,train,train
3920,train/PNEUMONIA/person468_bacteria_1990.jpeg,PNEUMONIA,1,bacteria,2226,train,train
3921,train/PNEUMONIA/person468_bacteria_1991.jpeg,PNEUMONIA,1,bacteria,2226,train,train
3922,train/PNEUMONIA/person468_virus_963.jpeg,PNEUMONIA,1,virus,2226,train,train
3923,train/PNEUMONIA/person469_bacteria_1992.jpeg,PNEUMONIA,1,bacteria,2227,train,train
3924,train/PNEUMONIA/person469_bacteria_1993.jpeg,PNEUMONIA,1,bacteria,2227,train,train
3925,train/PNEUMONIA/person469_bacteria_1994.jpeg,PNEUMONIA,1,bacteria,2227,train,train
3926,train/PNEUMONIA/person469_bacteria_1995.jpeg,PNEUMONIA,1,bacteria,2227,train,train
3927,train/PNEUMONIA/person469_virus_965.jpeg,PNEUMONIA,1,virus,2227,train,train
3928,train/PNEUMONIA/person46_bacteria_224.jpeg,PNEUMONIA,1,bacteria,2217,train,train
3929,train/PNEUMONIA/person46_bacteria_225.jpeg,PNEUMONIA,1,bacteria,2217,train,train
3930,train/PNEUMONIA/person470_bacteria_1996.jpeg,PNEUMONIA,1,bacteria,2229,train,train
3931,train/PNEUMONIA/person470_bacteria_1998.jpeg,PNEUMONIA,1,bacteria,2229,train,train
3932,train/PNEUMONIA/person470_bacteria_1999.jpeg,PNEUMONIA,1,bacteria,2229,train,train
3933,train/PNEUMONIA/person470_bacteria_2000.jpeg,PNEUMONIA,1,bacteria,2229,train,train
3934,train/PNEUMONIA/person470_bacteria_2001.jpeg,PNEUMONIA,1,bacteria,2229,train,train
3935,train/PNEUMONIA/person470_bacteria_2002.jpeg,PNEUMONIA,1,bacteria,2229,train,train
3936,train/PNEUMONIA/person470_bacteria_2003.jpeg,PNEUMONIA,1,bacteria,2229,train,train
3937,train/PNEUMONIA/person470_virus_966.jpeg,PNEUMONIA,1,virus,2229,train,train
3938,train/PNEUMONIA/person471_bacteria_2004.jpeg,PNEUMONIA,1,bacteria,2230,train,train
3939,train/PNEUMONIA/person471_bacteria_2005.jpeg,PNEUMONIA,1,bacteria,2230,train,train
3940,train/PNEUMONIA/person471_bacteria_2006.jpeg,PNEUMONIA,1,bacteria,2230,train,train
3941,train/PNEUMONIA/person471_virus_967.jpeg,PNEUMONIA,1,virus,2230,train,train
3942,train/PNEUMONIA/person471_virus_968.jpeg,PNEUMONIA,1,virus,2230,train,train
3943,train/PNEUMONIA/person472_bacteria_2007.jpeg,PNEUMONIA,1,bacteria,2231,train,train
3944,train/PNEUMONIA/person472_bacteria_2008.jpeg,PNEUMONIA,1,bacteria,2231,train,train
3945,train/PNEUMONIA/person472_bacteria_2010.jpeg,PNEUMONIA,1,bacteria,2231,train,train
3946,train/PNEUMONIA/person472_bacteria_2014.jpeg,PNEUMONIA,1,bacteria,2231,train,train
3947,train/PNEUMONIA/person472_bacteria_2015.jpeg,PNEUMONIA,1,bacteria,2231,train,train
3948,train/PNEUMONIA/person472_virus_969.jpeg,PNEUMONIA,1,virus,2231,train,train
3949,train/PNEUMONIA/person473_bacteria_2018.jpeg,PNEUMONIA,1,bacteria,2232,train,val
3950,train/PNEUMONIA/person474_virus_971.jpeg,PNEUMONIA,1,virus,2233,train,test
3951,train/PNEUMONIA/person475_bacteria_2020.jpeg,PNEUMONIA,1,bacteria,2234,train,train
3952,train/PNEUMONIA/person475_bacteria_2021.jpeg,PNEUMONIA,1,bacteria,2234,train,train
3953,train/PNEUMONIA/person475_bacteria_2022.jpeg,PNEUMONIA,1,bacteria,2234,train,train
3954,train/PNEUMONIA/person475_bacteria_2023.jpeg,PNEUMONIA,1,bacteria,2234,train,train
3955,train/PNEUMONIA/person475_bacteria_2024.jpeg,PNEUMONIA,1,bacteria,2234,train,train
3956,train/PNEUMONIA/person475_bacteria_2025.jpeg,PNEUMONIA,1,bacteria,2234,train,train
3957,train/PNEUMONIA/person475_virus_972.jpeg,PNEUMONIA,1,virus,2234,train,train
3958,train/PNEUMONIA/person476_bacteria_2026.jpeg,PNEUMONIA,1,bacteria,2235,train,test
3959,train/PNEUMONIA/person476_virus_973.jpeg,PNEUMONIA,1,virus,2235,train,test
3960,train/PNEUMONIA/person477_bacteria_2028.jpeg,PNEUMONIA,1,bacteria,2236,train,train
3961,train/PNEUMONIA/person477_bacteria_2029.jpeg,PNEUMONIA,1,bacteria,2236,train,train
3962,train/PNEUMONIA/person477_bacteria_2030.jpeg,PNEUMONIA,1,bacteria,2236,train,train
3963,train/PNEUMONIA/person477_bacteria_2031.jpeg,PNEUMONIA,1,bacteria,2236,train,train
3964,train/PNEUMONIA/person478_bacteria_2032.jpeg,PNEUMONIA,1,bacteria,2237,train,train
3965,train/PNEUMONIA/person478_bacteria_2035.jpeg,PNEUMONIA,1,bacteria,2237,train,train
3966,train/PNEUMONIA/person478_virus_975.jpeg,PNEUMONIA,1,virus,2237,train,train
3967,train/PNEUMONIA/person479_virus_978.jpeg,PNEUMONIA,1,virus,2238,train,test
3968,train/PNEUMONIA/person47_bacteria_229.jpeg,PNEUMONIA,1,bacteria,2228,train,val
3969,train/PNEUMONIA/person480_bacteria_2038.jpeg,PNEUMONIA,1,bacteria,2240,train,train
3970,train/PNEUMONIA/person480_bacteria_2039.jpeg,PNEUMONIA,1,bacteria,2240,train,train
3971,train/PNEUMONIA/person480_bacteria_2040.jpeg,PNEUMONIA,1,bacteria,2240,train,train
3972,train/PNEUMONIA/person480_virus_981.jpeg,PNEUMONIA,1,virus,2240,train,train
3973,train/PNEUMONIA/person480_virus_982.jpeg,PNEUMONIA,1,virus,2240,train,train
3974,train/PNEUMONIA/person481_bacteria_2041.jpeg,PNEUMONIA,1,bacteria,2241,train,val
3975,train/PNEUMONIA/person481_bacteria_2042.jpeg,PNEUMONIA,1,bacteria,2241,train,val
3976,train/PNEUMONIA/person481_virus_983.jpeg,PNEUMONIA,1,virus,2241,train,val
3977,train/PNEUMONIA/person482_bacteria_2043.jpeg,PNEUMONIA,1,bacteria,2242,train,train
3978,train/PNEUMONIA/person482_bacteria_2044.jpeg,PNEUMONIA,1,bacteria,2242,train,train
3979,train/PNEUMONIA/person482_bacteria_2045.jpeg,PNEUMONIA,1,bacteria,2242,train,train
3980,train/PNEUMONIA/person482_virus_984.jpeg,PNEUMONIA,1,virus,2242,train,train
3981,train/PNEUMONIA/person483_bacteria_2046.jpeg,PNEUMONIA,1,bacteria,2243,train,val
3982,train/PNEUMONIA/person483_virus_985.jpeg,PNEUMONIA,1,virus,2243,train,val
3983,train/PNEUMONIA/person484_virus_986.jpeg,PNEUMONIA,1,virus,2244,train,val
3984,train/PNEUMONIA/person485_bacteria_2049.jpeg,PNEUMONIA,1,bacteria,2245,train,val
3985,train/PNEUMONIA/person485_virus_988.jpeg,PNEUMONIA,1,virus,2245,train,val
3986,train/PNEUMONIA/person486_bacteria_2051.jpeg,PNEUMONIA,1,bacteria,2246,train,train
3987,train/PNEUMONIA/person486_bacteria_2052.jpeg,PNEUMONIA,1,bacteria,2246,train,train
3988,train/PNEUMONIA/person486_bacteria_2053.jpeg,PNEUMONIA,1,bacteria,2246,train,train
3989,train/PNEUMONIA/person486_bacteria_2054.jpeg,PNEUMONIA,1,bacteria,2246,train,train
3990,train/PNEUMONIA/person486_virus_990.jpeg,PNEUMONIA,1,virus,2246,train,train
3991,train/PNEUMONIA/person487_bacteria_2055.jpeg,PNEUMONIA,1,bacteria,2247,train,train
3992,train/PNEUMONIA/person487_bacteria_2056.jpeg,PNEUMONIA,1,bacteria,2247,train,train
3993,train/PNEUMONIA/person487_bacteria_2057.jpeg,PNEUMONIA,1,bacteria,2247,train,train
3994,train/PNEUMONIA/person487_bacteria_2058.jpeg,PNEUMONIA,1,bacteria,2247,train,train
3995,train/PNEUMONIA/person487_bacteria_2059.jpeg,PNEUMONIA,1,bacteria,2247,train,train
3996,train/PNEUMONIA/person487_bacteria_2060.jpeg,PNEUMONIA,1,bacteria,2247,train,train
3997,train/PNEUMONIA/person487_virus_991.jpeg,PNEUMONIA,1,virus,2247,train,train
3998,train/PNEUMONIA/person488_bacteria_2061.jpeg,PNEUMONIA,1,bacteria,2248,train,train
3999,train/PNEUMONIA/person488_bacteria_2062.jpeg,PNEUMONIA,1,bacteria,2248,train,train
4000,train/PNEUMONIA/person488_virus_992.jpeg,PNEUMONIA,1,virus,2248,train,train
4001,train/PNEUMONIA/person489_bacteria_2063.jpeg,PNEUMONIA,1,bacteria,2249,train,train
4002,train/PNEUMONIA/person489_bacteria_2064.jpeg,PNEUMONIA,1,bacteria,2249,train,train
4003,train/PNEUMONIA/person489_bacteria_2065.jpeg,PNEUMONIA,1,bacteria,2249,train,train
4004,train/PNEUMONIA/person489_bacteria_2066.jpeg,PNEUMONIA,1,bacteria,2249,train,train
4005,train/PNEUMONIA/person489_bacteria_2067.jpeg,PNEUMONIA,1,bacteria,2249,train,train
4006,train/PNEUMONIA/person489_virus_994.jpeg,PNEUMONIA,1,virus,2249,train,train
4007,train/PNEUMONIA/person489_virus_995.jpeg,PNEUMONIA,1,virus,2249,train,train
4008,train/PNEUMONIA/person48_bacteria_230.jpeg,PNEUMONIA,1,bacteria,2239,train,train
4009,train/PNEUMONIA/person48_bacteria_231.jpeg,PNEUMONIA,1,bacteria,2239,train,train
4010,train/PNEUMONIA/person48_bacteria_232.jpeg,PNEUMONIA,1,bacteria,2239,train,train
4011,train/PNEUMONIA/person48_bacteria_233.jpeg,PNEUMONIA,1,bacteria,2239,train,train
4012,train/PNEUMONIA/person490_bacteria_2068.jpeg,PNEUMONIA,1,bacteria,2251,train,train
4013,train/PNEUMONIA/person490_bacteria_2069.jpeg,PNEUMONIA,1,bacteria,2251,train,train
4014,train/PNEUMONIA/person490_bacteria_2070.jpeg,PNEUMONIA,1,bacteria,2251,train,train
4015,train/PNEUMONIA/person490_virus_996.jpeg,PNEUMONIA,1,virus,2251,train,train
4016,train/PNEUMONIA/person491_bacteria_2071.jpeg,PNEUMONIA,1,bacteria,2252,train,train
4017,train/PNEUMONIA/person491_bacteria_2073.jpeg,PNEUMONIA,1,bacteria,2252,train,train
4018,train/PNEUMONIA/person491_bacteria_2075.jpeg,PNEUMONIA,1,bacteria,2252,train,train
4019,train/PNEUMONIA/person491_bacteria_2080.jpeg,PNEUMONIA,1,bacteria,2252,train,train
4020,train/PNEUMONIA/person491_bacteria_2081.jpeg,PNEUMONIA,1,bacteria,2252,train,train
4021,train/PNEUMONIA/person491_bacteria_2082.jpeg,PNEUMONIA,1,bacteria,2252,train,train
4022,train/PNEUMONIA/person491_virus_997.jpeg,PNEUMONIA,1,virus,2252,train,train
4023,train/PNEUMONIA/person492_bacteria_2083.jpeg,PNEUMONIA,1,bacteria,2253,train,train
4024,train/PNEUMONIA/person492_bacteria_2084.jpeg,PNEUMONIA,1,bacteria,2253,train,train
4025,train/PNEUMONIA/person492_bacteria_2085.jpeg,PNEUMONIA,1,bacteria,2253,train,train
4026,train/PNEUMONIA/person492_virus_998.jpeg,PNEUMONIA,1,virus,2253,train,train
4027,train/PNEUMONIA/person493_bacteria_2086.jpeg,PNEUMONIA,1,bacteria,2254,train,train
4028,train/PNEUMONIA/person493_bacteria_2087.jpeg,PNEUMONIA,1,bacteria,2254,train,train
4029,train/PNEUMONIA/person493_virus_999.jpeg,PNEUMONIA,1,virus,2254,train,train
4030,train/PNEUMONIA/person494_bacteria_2088.jpeg,PNEUMONIA,1,bacteria,2255,train,train
4031,train/PNEUMONIA/person494_bacteria_2089.jpeg,PNEUMONIA,1,bacteria,2255,train,train
4032,train/PNEUMONIA/person494_bacteria_2090.jpeg,PNEUMONIA,1,bacteria,2255,train,train
4033,train/PNEUMONIA/person494_virus_1000.jpeg,PNEUMONIA,1,virus,2255,train,train
4034,train/PNEUMONIA/person495_bacteria_2094.jpeg,PNEUMONIA,1,bacteria,2256,train,val
4035,train/PNEUMONIA/person495_virus_1001.jpeg,PNEUMONIA,1,virus,2256,train,val
4036,train/PNEUMONIA/person496_bacteria_2095.jpeg,PNEUMONIA,1,bacteria,2257,train,val
4037,train/PNEUMONIA/person496_virus_1003.jpeg,PNEUMONIA,1,virus,2257,train,val
4038,train/PNEUMONIA/person497_virus_1005.jpeg,PNEUMONIA,1,virus,2258,train,test
4039,train/PNEUMONIA/person498_bacteria_2100.jpeg,PNEUMONIA,1,bacteria,2259,train,train
4040,train/PNEUMONIA/person498_bacteria_2101.jpeg,PNEUMONIA,1,bacteria,2259,train,train
4041,train/PNEUMONIA/person498_bacteria_2102.jpeg,PNEUMONIA,1,bacteria,2259,train,train
4042,train/PNEUMONIA/person498_virus_1007.jpeg,PNEUMONIA,1,virus,2259,train,train
4043,train/PNEUMONIA/person499_bacteria_2103.jpeg,PNEUMONIA,1,bacteria,2260,train,train
4044,train/PNEUMONIA/person499_bacteria_2104.jpeg,PNEUMONIA,1,bacteria,2260,train,train
4045,train/PNEUMONIA/person499_virus_1008.jpeg,PNEUMONIA,1,virus,2260,train,train
4046,train/PNEUMONIA/person49_bacteria_235.jpeg,PNEUMONIA,1,bacteria,2250,train,train
4047,train/PNEUMONIA/person49_bacteria_236.jpeg,PNEUMONIA,1,bacteria,2250,train,train
4048,train/PNEUMONIA/person49_bacteria_237.jpeg,PNEUMONIA,1,bacteria,2250,train,train
4049,train/PNEUMONIA/person4_bacteria_14.jpeg,PNEUMONIA,1,bacteria,2151,train,train
4050,train/PNEUMONIA/person500_bacteria_2105.jpeg,PNEUMONIA,1,bacteria,2263,train,train
4051,train/PNEUMONIA/person500_bacteria_2106.jpeg,PNEUMONIA,1,bacteria,2263,train,train
4052,train/PNEUMONIA/person500_bacteria_2107.jpeg,PNEUMONIA,1,bacteria,2263,train,train
4053,train/PNEUMONIA/person500_bacteria_2108.jpeg,PNEUMONIA,1,bacteria,2263,train,train
4054,train/PNEUMONIA/person500_bacteria_2109.jpeg,PNEUMONIA,1,bacteria,2263,train,train
4055,train/PNEUMONIA/person500_bacteria_2110.jpeg,PNEUMONIA,1,bacteria,2263,train,train
4056,train/PNEUMONIA/person500_bacteria_2111.jpeg,PNEUMONIA,1,bacteria,2263,train,train
4057,train/PNEUMONIA/person500_virus_1009.jpeg,PNEUMONIA,1,virus,2263,train,train
4058,train/PNEUMONIA/person501_bacteria_2112.jpeg,PNEUMONIA,1,bacteria,2264,train,train
4059,train/PNEUMONIA/person501_bacteria_2113.jpeg,PNEUMONIA,1,bacteria,2264,train,train
4060,train/PNEUMONIA/person501_bacteria_2114.jpeg,PNEUMONIA,1,bacteria,2264,train,train
4061,train/PNEUMONIA/person501_bacteria_2115.jpeg,PNEUMONIA,1,bacteria,2264,train,train
4062,train/PNEUMONIA/person501_bacteria_2116.jpeg,PNEUMONIA,1,bacteria,2264,train,train
4063,train/PNEUMONIA/person501_virus_1010.jpeg,PNEUMONIA,1,virus,2264,train,train
4064,train/PNEUMONIA/person502_bacteria_2117.jpeg,PNEUMONIA,1,bacteria,2265,train,train
4065,train/PNEUMONIA/person502_bacteria_2118.jpeg,PNEUMONIA,1,bacteria,2265,train,train
4066,train/PNEUMONIA/person502_bacteria_2119.jpeg,PNEUMONIA,1,bacteria,2265,train,train
4067,train/PNEUMONIA/person502_bacteria_2120.jpeg,PNEUMONIA,1,bacteria,2265,train,train
4068,train/PNEUMONIA/person502_bacteria_2121.jpeg,PNEUMONIA,1,bacteria,2265,train,train
4069,train/PNEUMONIA/person502_bacteria_2122.jpeg,PNEUMONIA,1,bacteria,2265,train,train
4070,train/PNEUMONIA/person502_bacteria_2123.jpeg,PNEUMONIA,1,bacteria,2265,train,train
4071,train/PNEUMONIA/person502_virus_1011.jpeg,PNEUMONIA,1,virus,2265,train,train
4072,train/PNEUMONIA/person502_virus_1012.jpeg,PNEUMONIA,1,virus,2265,train,train
4073,train/PNEUMONIA/person503_bacteria_2125.jpeg,PNEUMONIA,1,bacteria,2266,train,train
4074,train/PNEUMONIA/person503_bacteria_2126.jpeg,PNEUMONIA,1,bacteria,2266,train,train
4075,train/PNEUMONIA/person503_virus_1013.jpeg,PNEUMONIA,1,virus,2266,train,train
4076,train/PNEUMONIA/person504_bacteria_2127.jpeg,PNEUMONIA,1,bacteria,2267,train,train
4077,train/PNEUMONIA/person504_bacteria_2129.jpeg,PNEUMONIA,1,bacteria,2267,train,train
4078,train/PNEUMONIA/person504_bacteria_2130.jpeg,PNEUMONIA,1,bacteria,2267,train,train
4079,train/PNEUMONIA/person504_bacteria_2132.jpeg,PNEUMONIA,1,bacteria,2267,train,train
4080,train/PNEUMONIA/person504_bacteria_2133.jpeg,PNEUMONIA,1,bacteria,2267,train,train
4081,train/PNEUMONIA/person505_bacteria_2135.jpeg,PNEUMONIA,1,bacteria,2268,train,val
4082,train/PNEUMONIA/person505_virus_1017.jpeg,PNEUMONIA,1,virus,2268,train,val
4083,train/PNEUMONIA/person506_bacteria_2136.jpeg,PNEUMONIA,1,bacteria,2269,train,train
4084,train/PNEUMONIA/person506_bacteria_2138.jpeg,PNEUMONIA,1,bacteria,2269,train,train
4085,train/PNEUMONIA/person506_virus_1018.jpeg,PNEUMONIA,1,virus,2269,train,train
4086,train/PNEUMONIA/person507_bacteria_2139.jpeg,PNEUMONIA,1,bacteria,2270,train,train
4087,train/PNEUMONIA/person507_bacteria_2140.jpeg,PNEUMONIA,1,bacteria,2270,train,train
4088,train/PNEUMONIA/person507_bacteria_2141.jpeg,PNEUMONIA,1,bacteria,2270,train,train
4089,train/PNEUMONIA/person507_virus_1019.jpeg,PNEUMONIA,1,virus,2270,train,train
4090,train/PNEUMONIA/person508_bacteria_2142.jpeg,PNEUMONIA,1,bacteria,2271,train,train
4091,train/PNEUMONIA/person508_bacteria_2143.jpeg,PNEUMONIA,1,bacteria,2271,train,train
4092,train/PNEUMONIA/person508_bacteria_2144.jpeg,PNEUMONIA,1,bacteria,2271,train,train
4093,train/PNEUMONIA/person508_virus_1020.jpeg,PNEUMONIA,1,virus,2271,train,train
4094,train/PNEUMONIA/person508_virus_1021.jpeg,PNEUMONIA,1,virus,2271,train,train
4095,train/PNEUMONIA/person509_bacteria_2145.jpeg,PNEUMONIA,1,bacteria,2272,train,train
4096,train/PNEUMONIA/person509_bacteria_2146.jpeg,PNEUMONIA,1,bacteria,2272,train,train
4097,train/PNEUMONIA/person509_virus_1024.jpeg,PNEUMONIA,1,virus,2272,train,train
4098,train/PNEUMONIA/person509_virus_1025.jpeg,PNEUMONIA,1,virus,2272,train,train
4099,train/PNEUMONIA/person50_bacteria_238.jpeg,PNEUMONIA,1,bacteria,2262,train,test
4100,train/PNEUMONIA/person510_bacteria_2147.jpeg,PNEUMONIA,1,bacteria,2274,train,train
4101,train/PNEUMONIA/person510_bacteria_2148.jpeg,PNEUMONIA,1,bacteria,2274,train,train
4102,train/PNEUMONIA/person510_bacteria_2149.jpeg,PNEUMONIA,1,bacteria,2274,train,train
4103,train/PNEUMONIA/person510_bacteria_2150.jpeg,PNEUMONIA,1,bacteria,2274,train,train
4104,train/PNEUMONIA/person510_virus_1026.jpeg,PNEUMONIA,1,virus,2274,train,train
4105,train/PNEUMONIA/person511_bacteria_2152.jpeg,PNEUMONIA,1,bacteria,2275,train,train
4106,train/PNEUMONIA/person511_bacteria_2153.jpeg,PNEUMONIA,1,bacteria,2275,train,train
4107,train/PNEUMONIA/person511_virus_1027.jpeg,PNEUMONIA,1,virus,2275,train,train
4108,train/PNEUMONIA/person512_bacteria_2154.jpeg,PNEUMONIA,1,bacteria,2276,train,train
4109,train/PNEUMONIA/person512_bacteria_2155.jpeg,PNEUMONIA,1,bacteria,2276,train,train
4110,train/PNEUMONIA/person512_virus_1029.jpeg,PNEUMONIA,1,virus,2276,train,train
4111,train/PNEUMONIA/person513_virus_1030.jpeg,PNEUMONIA,1,virus,2277,train,test
4112,train/PNEUMONIA/person514_bacteria_2184.jpeg,PNEUMONIA,1,bacteria,2278,train,test
4113,train/PNEUMONIA/person514_virus_1031.jpeg,PNEUMONIA,1,virus,2278,train,test
4114,train/PNEUMONIA/person515_bacteria_2185.jpeg,PNEUMONIA,1,bacteria,2279,train,train
4115,train/PNEUMONIA/person515_bacteria_2186.jpeg,PNEUMONIA,1,bacteria,2279,train,train
4116,train/PNEUMONIA/person515_bacteria_2187.jpeg,PNEUMONIA,1,bacteria,2279,train,train
4117,train/PNEUMONIA/person515_bacteria_2188.jpeg,PNEUMONIA,1,bacteria,2279,train,train
4118,train/PNEUMONIA/person515_bacteria_2189.jpeg,PNEUMONIA,1,bacteria,2279,train,train
4119,train/PNEUMONIA/person515_bacteria_2190.jpeg,PNEUMONIA,1,bacteria,2279,train,train
4120,train/PNEUMONIA/person515_virus_1032.jpeg,PNEUMONIA,1,virus,2279,train,train
4121,train/PNEUMONIA/person516_bacteria_2191.jpeg,PNEUMONIA,1,bacteria,2280,train,train
4122,train/PNEUMONIA/person516_bacteria_2192.jpeg,PNEUMONIA,1,bacteria,2280,train,train
4123,train/PNEUMONIA/person516_virus_1033.jpeg,PNEUMONIA,1,virus,2280,train,train
4124,train/PNEUMONIA/person517_bacteria_2196.jpeg,PNEUMONIA,1,bacteria,2281,train,train
4125,train/PNEUMONIA/person517_virus_1034.jpeg,PNEUMONIA,1,virus,2281,train,train
4126,train/PNEUMONIA/person517_virus_1035.jpeg,PNEUMONIA,1,virus,2281,train,train
4127,train/PNEUMONIA/person518_bacteria_2197.jpeg,PNEUMONIA,1,bacteria,2282,train,train
4128,train/PNEUMONIA/person518_bacteria_2198.jpeg,PNEUMONIA,1,bacteria,2282,train,train
4129,train/PNEUMONIA/person518_bacteria_2199.jpeg,PNEUMONIA,1,bacteria,2282,train,train
4130,train/PNEUMONIA/person518_bacteria_2200.jpeg,PNEUMONIA,1,bacteria,2282,train,train
4131,train/PNEUMONIA/person518_virus_1036.jpeg,PNEUMONIA,1,virus,2282,train,train
4132,train/PNEUMONIA/person519_virus_1038.jpeg,PNEUMONIA,1,virus,2283,train,train
4133,train/PNEUMONIA/person51_bacteria_239.jpeg,PNEUMONIA,1,bacteria,2273,train,train
4134,train/PNEUMONIA/person51_bacteria_240.jpeg,PNEUMONIA,1,bacteria,2273,train,train
4135,train/PNEUMONIA/person51_bacteria_241.jpeg,PNEUMONIA,1,bacteria,2273,train,train
4136,train/PNEUMONIA/person51_bacteria_242.jpeg,PNEUMONIA,1,bacteria,2273,train,train
4137,train/PNEUMONIA/person51_bacteria_243.jpeg,PNEUMONIA,1,bacteria,2273,train,train
4138,train/PNEUMONIA/person51_bacteria_244.jpeg,PNEUMONIA,1,bacteria,2273,train,train
4139,train/PNEUMONIA/person51_bacteria_245.jpeg,PNEUMONIA,1,bacteria,2273,train,train
4140,train/PNEUMONIA/person51_bacteria_246.jpeg,PNEUMONIA,1,bacteria,2273,train,train
4141,train/PNEUMONIA/person51_bacteria_247.jpeg,PNEUMONIA,1,bacteria,2273,train,train
4142,train/PNEUMONIA/person51_bacteria_248.jpeg,PNEUMONIA,1,bacteria,2273,train,train
4143,train/PNEUMONIA/person520_bacteria_2203.jpeg,PNEUMONIA,1,bacteria,2285,train,train
4144,train/PNEUMONIA/person520_bacteria_2204.jpeg,PNEUMONIA,1,bacteria,2285,train,train
4145,train/PNEUMONIA/person520_bacteria_2205.jpeg,PNEUMONIA,1,bacteria,2285,train,train
4146,train/PNEUMONIA/person520_virus_1039.jpeg,PNEUMONIA,1,virus,2285,train,train
4147,train/PNEUMONIA/person521_virus_1040.jpeg,PNEUMONIA,1,virus,2286,train,train
4148,train/PNEUMONIA/person522_bacteria_2210.jpeg,PNEUMONIA,1,bacteria,2287,train,train
4149,train/PNEUMONIA/person522_bacteria_2211.jpeg,PNEUMONIA,1,bacteria,2287,train,train
4150,train/PNEUMONIA/person522_virus_1041.jpeg,PNEUMONIA,1,virus,2287,train,train
4151,train/PNEUMONIA/person523_virus_1043.jpeg,PNEUMONIA,1,virus,2288,train,val
4152,train/PNEUMONIA/person524_virus_1045.jpeg,PNEUMONIA,1,virus,2289,train,train
4153,train/PNEUMONIA/person525_bacteria_2216.jpeg,PNEUMONIA,1,bacteria,2290,train,train
4154,train/PNEUMONIA/person525_bacteria_2217.jpeg,PNEUMONIA,1,bacteria,2290,train,train
4155,train/PNEUMONIA/person525_bacteria_2218.jpeg,PNEUMONIA,1,bacteria,2290,train,train
4156,train/PNEUMONIA/person525_bacteria_2220.jpeg,PNEUMONIA,1,bacteria,2290,train,train
4157,train/PNEUMONIA/person525_virus_1046.jpeg,PNEUMONIA,1,virus,2290,train,train
4158,train/PNEUMONIA/person526_bacteria_2221.jpeg,PNEUMONIA,1,bacteria,2291,train,test
4159,train/PNEUMONIA/person527_bacteria_2225.jpeg,PNEUMONIA,1,bacteria,2292,train,train
4160,train/PNEUMONIA/person527_bacteria_2226.jpeg,PNEUMONIA,1,bacteria,2292,train,train
4161,train/PNEUMONIA/person527_virus_1048.jpeg,PNEUMONIA,1,virus,2292,train,train
4162,train/PNEUMONIA/person528_bacteria_2227.jpeg,PNEUMONIA,1,bacteria,2293,train,test
4163,train/PNEUMONIA/person528_virus_1049.jpeg,PNEUMONIA,1,virus,2293,train,test
4164,train/PNEUMONIA/person529_bacteria_2228.jpeg,PNEUMONIA,1,bacteria,2294,train,train
4165,train/PNEUMONIA/person529_bacteria_2229.jpeg,PNEUMONIA,1,bacteria,2294,train,train
4166,train/PNEUMONIA/person529_bacteria_2230.jpeg,PNEUMONIA,1,bacteria,2294,train,train
4167,train/PNEUMONIA/person529_virus_1050.jpeg,PNEUMONIA,1,virus,2294,train,train
4168,train/PNEUMONIA/person52_bacteria_249.jpeg,PNEUMONIA,1,bacteria,2284,train,train
4169,train/PNEUMONIA/person52_bacteria_251.jpeg,PNEUMONIA,1,bacteria,2284,train,train
4170,train/PNEUMONIA/person530_bacteria_2231.jpeg,PNEUMONIA,1,bacteria,2296,train,train
4171,train/PNEUMONIA/person530_bacteria_2233.jpeg,PNEUMONIA,1,bacteria,2296,train,train
4172,train/PNEUMONIA/person530_virus_1052.jpeg,PNEUMONIA,1,virus,2296,train,train
4173,train/PNEUMONIA/person531_bacteria_2235.jpeg,PNEUMONIA,1,bacteria,2297,train,train
4174,train/PNEUMONIA/person531_bacteria_2236.jpeg,PNEUMONIA,1,bacteria,2297,train,train
4175,train/PNEUMONIA/person531_bacteria_2237.jpeg,PNEUMONIA,1,bacteria,2297,train,train
4176,train/PNEUMONIA/person531_bacteria_2238.jpeg,PNEUMONIA,1,bacteria,2297,train,train
4177,train/PNEUMONIA/person531_bacteria_2239.jpeg,PNEUMONIA,1,bacteria,2297,train,train
4178,train/PNEUMONIA/person531_bacteria_2240.jpeg,PNEUMONIA,1,bacteria,2297,train,train
4179,train/PNEUMONIA/person531_bacteria_2241.jpeg,PNEUMONIA,1,bacteria,2297,train,train
4180,train/PNEUMONIA/person531_bacteria_2242.jpeg,PNEUMONIA,1,bacteria,2297,train,train
4181,train/PNEUMONIA/person531_virus_1053.jpeg,PNEUMONIA,1,virus,2297,train,train
4182,train/PNEUMONIA/person532_virus_1054.jpeg,PNEUMONIA,1,virus,2298,train,train
4183,train/PNEUMONIA/person533_bacteria_2245.jpeg,PNEUMONIA,1,bacteria,2299,train,val
4184,train/PNEUMONIA/person533_bacteria_2250.jpeg,PNEUMONIA,1,bacteria,2299,train,val
4185,train/PNEUMONIA/person533_virus_1055.jpeg,PNEUMONIA,1,virus,2299,train,val
4186,train/PNEUMONIA/person534_bacteria_2251.jpeg,PNEUMONIA,1,bacteria,2300,train,train
4187,train/PNEUMONIA/person534_bacteria_2252.jpeg,PNEUMONIA,1,bacteria,2300,train,train
4188,train/PNEUMONIA/person534_bacteria_2253.jpeg,PNEUMONIA,1,bacteria,2300,train,train
4189,train/PNEUMONIA/person534_bacteria_2254.jpeg,PNEUMONIA,1,bacteria,2300,train,train
4190,train/PNEUMONIA/person534_virus_1061.jpeg,PNEUMONIA,1,virus,2300,train,train
4191,train/PNEUMONIA/person535_bacteria_2255.jpeg,PNEUMONIA,1,bacteria,2301,train,train
4192,train/PNEUMONIA/person535_bacteria_2256.jpeg,PNEUMONIA,1,bacteria,2301,train,train
4193,train/PNEUMONIA/person535_virus_1062.jpeg,PNEUMONIA,1,virus,2301,train,train
4194,train/PNEUMONIA/person536_bacteria_2257.jpeg,PNEUMONIA,1,bacteria,2302,train,train
4195,train/PNEUMONIA/person536_bacteria_2258.jpeg,PNEUMONIA,1,bacteria,2302,train,train
4196,train/PNEUMONIA/person536_bacteria_2259.jpeg,PNEUMONIA,1,bacteria,2302,train,train
4197,train/PNEUMONIA/person536_bacteria_2260.jpeg,PNEUMONIA,1,bacteria,2302,train,train
4198,train/PNEUMONIA/person536_virus_1064.jpeg,PNEUMONIA,1,virus,2302,train,train
4199,train/PNEUMONIA/person536_virus_1065.jpeg,PNEUMONIA,1,virus,2302,train,train
4200,train/PNEUMONIA/person537_bacteria_2261.jpeg,PNEUMONIA,1,bacteria,2303,train,train
4201,train/PNEUMONIA/person537_bacteria_2262.jpeg,PNEUMONIA,1,bacteria,2303,train,train
4202,train/PNEUMONIA/person537_bacteria_2263.jpeg,PNEUMONIA,1,bacteria,2303,train,train
4203,train/PNEUMONIA/person537_bacteria_2264.jpeg,PNEUMONIA,1,bacteria,2303,train,train
4204,train/PNEUMONIA/person537_bacteria_2265.jpeg,PNEUMONIA,1,bacteria,2303,train,train
4205,train/PNEUMONIA/person537_bacteria_2266.jpeg,PNEUMONIA,1,bacteria,2303,train,train
4206,train/PNEUMONIA/person537_virus_1067.jpeg,PNEUMONIA,1,virus,2303,train,train
4207,train/PNEUMONIA/person538_bacteria_2268.jpeg,PNEUMONIA,1,bacteria,2304,train,val
4208,train/PNEUMONIA/person538_virus_1068.jpeg,PNEUMONIA,1,virus,2304,train,val
4209,train/PNEUMONIA/person539_bacteria_2269.jpeg,PNEUMONIA,1,bacteria,2305,train,train
4210,train/PNEUMONIA/person539_bacteria_2270.jpeg,PNEUMONIA,1,bacteria,2305,train,train
4211,train/PNEUMONIA/person539_virus_1069.jpeg,PNEUMONIA,1,virus,2305,train,train
4212,train/PNEUMONIA/person53_bacteria_252.jpeg,PNEUMONIA,1,bacteria,2295,train,train
4213,train/PNEUMONIA/person53_bacteria_253.jpeg,PNEUMONIA,1,bacteria,2295,train,train
4214,train/PNEUMONIA/person53_bacteria_254.jpeg,PNEUMONIA,1,bacteria,2295,train,train
4215,train/PNEUMONIA/person53_bacteria_255.jpeg,PNEUMONIA,1,bacteria,2295,train,train
4216,train/PNEUMONIA/person540_bacteria_2271.jpeg,PNEUMONIA,1,bacteria,2307,train,train
4217,train/PNEUMONIA/person540_bacteria_2272.jpeg,PNEUMONIA,1,bacteria,2307,train,train
4218,train/PNEUMONIA/person540_bacteria_2273.jpeg,PNEUMONIA,1,bacteria,2307,train,train
4219,train/PNEUMONIA/person540_virus_1070.jpeg,PNEUMONIA,1,virus,2307,train,train
4220,train/PNEUMONIA/person541_bacteria_2274.jpeg,PNEUMONIA,1,bacteria,2308,train,train
4221,train/PNEUMONIA/person541_bacteria_2275.jpeg,PNEUMONIA,1,bacteria,2308,train,train
4222,train/PNEUMONIA/person541_virus_1071.jpeg,PNEUMONIA,1,virus,2308,train,train
4223,train/PNEUMONIA/person542_bacteria_2276.jpeg,PNEUMONIA,1,bacteria,2309,train,test
4224,train/PNEUMONIA/person542_virus_1072.jpeg,PNEUMONIA,1,virus,2309,train,test
4225,train/PNEUMONIA/person543_bacteria_2279.jpeg,PNEUMONIA,1,bacteria,2310,train,train
4226,train/PNEUMONIA/person543_bacteria_2280.jpeg,PNEUMONIA,1,bacteria,2310,train,train
4227,train/PNEUMONIA/person543_bacteria_2281.jpeg,PNEUMONIA,1,bacteria,2310,train,train
4228,train/PNEUMONIA/person543_bacteria_2282.jpeg,PNEUMONIA,1,bacteria,2310,train,train
4229,train/PNEUMONIA/person543_bacteria_2283.jpeg,PNEUMONIA,1,bacteria,2310,train,train
4230,train/PNEUMONIA/person543_bacteria_2284.jpeg,PNEUMONIA,1,bacteria,2310,train,train
4231,train/PNEUMONIA/person543_virus_1073.jpeg,PNEUMONIA,1,virus,2310,train,train
4232,train/PNEUMONIA/person544_bacteria_2286.jpeg,PNEUMONIA,1,bacteria,2311,train,train
4233,train/PNEUMONIA/person544_virus_1074.jpeg,PNEUMONIA,1,virus,2311,train,train
4234,train/PNEUMONIA/person544_virus_1075.jpeg,PNEUMONIA,1,virus,2311,train,train
4235,train/PNEUMONIA/person544_virus_1076.jpeg,PNEUMONIA,1,virus,2311,train,train
4236,train/PNEUMONIA/person544_virus_1078.jpeg,PNEUMONIA,1,virus,2311,train,train
4237,train/PNEUMONIA/person544_virus_1079.jpeg,PNEUMONIA,1,virus,2311,train,train
4238,train/PNEUMONIA/person544_virus_1080.jpeg,PNEUMONIA,1,virus,2311,train,train
4239,train/PNEUMONIA/person545_bacteria_2287.jpeg,PNEUMONIA,1,bacteria,2312,train,train
4240,train/PNEUMONIA/person545_bacteria_2288.jpeg,PNEUMONIA,1,bacteria,2312,train,train
4241,train/PNEUMONIA/person545_bacteria_2289.jpeg,PNEUMONIA,1,bacteria,2312,train,train
4242,train/PNEUMONIA/person545_bacteria_2290.jpeg,PNEUMONIA,1,bacteria,2312,train,train
4243,train/PNEUMONIA/person545_virus_1081.jpeg,PNEUMONIA,1,virus,2312,train,train
4244,train/PNEUMONIA/person546_virus_1085.jpeg,PNEUMONIA,1,virus,2313,train,train
4245,train/PNEUMONIA/person547_bacteria_2292.jpeg,PNEUMONIA,1,bacteria,2314,train,train
4246,train/PNEUMONIA/person547_bacteria_2294.jpeg,PNEUMONIA,1,bacteria,2314,train,train
4247,train/PNEUMONIA/person547_bacteria_2296.jpeg,PNEUMONIA,1,bacteria,2314,train,train
4248,train/PNEUMONIA/person547_virus_1086.jpeg,PNEUMONIA,1,virus,2314,train,train
4249,train/PNEUMONIA/person548_bacteria_2297.jpeg,PNEUMONIA,1,bacteria,2315,train,train
4250,train/PNEUMONIA/person548_bacteria_2298.jpeg,PNEUMONIA,1,bacteria,2315,train,train
4251,train/PNEUMONIA/person548_bacteria_2299.jpeg,PNEUMONIA,1,bacteria,2315,train,train
4252,train/PNEUMONIA/person548_bacteria_2300.jpeg,PNEUMONIA,1,bacteria,2315,train,train
4253,train/PNEUMONIA/person548_bacteria_2301.jpeg,PNEUMONIA,1,bacteria,2315,train,train
4254,train/PNEUMONIA/person548_bacteria_2302.jpeg,PNEUMONIA,1,bacteria,2315,train,train
4255,train/PNEUMONIA/person548_virus_1088.jpeg,PNEUMONIA,1,virus,2315,train,train
4256,train/PNEUMONIA/person549_bacteria_2303.jpeg,PNEUMONIA,1,bacteria,2316,train,train
4257,train/PNEUMONIA/person549_bacteria_2304.jpeg,PNEUMONIA,1,bacteria,2316,train,train
4258,train/PNEUMONIA/person549_bacteria_2305.jpeg,PNEUMONIA,1,bacteria,2316,train,train
4259,train/PNEUMONIA/person549_bacteria_2306.jpeg,PNEUMONIA,1,bacteria,2316,train,train
4260,train/PNEUMONIA/person549_bacteria_2307.jpeg,PNEUMONIA,1,bacteria,2316,train,train
4261,train/PNEUMONIA/person549_virus_1089.jpeg,PNEUMONIA,1,virus,2316,train,train
4262,train/PNEUMONIA/person54_bacteria_257.jpeg,PNEUMONIA,1,bacteria,2306,train,train
4263,train/PNEUMONIA/person54_bacteria_258.jpeg,PNEUMONIA,1,bacteria,2306,train,train
4264,train/PNEUMONIA/person550_bacteria_2308.jpeg,PNEUMONIA,1,bacteria,2318,train,test
4265,train/PNEUMONIA/person550_bacteria_2309.jpeg,PNEUMONIA,1,bacteria,2318,train,test
4266,train/PNEUMONIA/person550_virus_1090.jpeg,PNEUMONIA,1,virus,2318,train,test
4267,train/PNEUMONIA/person551_bacteria_2310.jpeg,PNEUMONIA,1,bacteria,2319,train,train
4268,train/PNEUMONIA/person551_bacteria_2311.jpeg,PNEUMONIA,1,bacteria,2319,train,train
4269,train/PNEUMONIA/person551_virus_1091.jpeg,PNEUMONIA,1,virus,2319,train,train
4270,train/PNEUMONIA/person552_bacteria_2313.jpeg,PNEUMONIA,1,bacteria,2320,train,train
4271,train/PNEUMONIA/person552_bacteria_2315.jpeg,PNEUMONIA,1,bacteria,2320,train,train
4272,train/PNEUMONIA/person552_virus_1092.jpeg,PNEUMONIA,1,virus,2320,train,train
4273,train/PNEUMONIA/person553_bacteria_2316.jpeg,PNEUMONIA,1,bacteria,2321,train,test
4274,train/PNEUMONIA/person553_bacteria_2317.jpeg,PNEUMONIA,1,bacteria,2321,train,test
4275,train/PNEUMONIA/person553_virus_1093.jpeg,PNEUMONIA,1,virus,2321,train,test
4276,train/PNEUMONIA/person554_bacteria_2320.jpeg,PNEUMONIA,1,bacteria,2322,train,train
4277,train/PNEUMONIA/person554_bacteria_2321.jpeg,PNEUMONIA,1,bacteria,2322,train,train
4278,train/PNEUMONIA/person554_bacteria_2322.jpeg,PNEUMONIA,1,bacteria,2322,train,train
4279,train/PNEUMONIA/person554_bacteria_2323.jpeg,PNEUMONIA,1,bacteria,2322,train,train
4280,train/PNEUMONIA/person554_virus_1094.jpeg,PNEUMONIA,1,virus,2322,train,train
4281,train/PNEUMONIA/person555_bacteria_2325.jpeg,PNEUMONIA,1,bacteria,2323,train,val
4282,train/PNEUMONIA/person556_bacteria_2326.jpeg,PNEUMONIA,1,bacteria,2324,train,val
4283,train/PNEUMONIA/person556_virus_1096.jpeg,PNEUMONIA,1,virus,2324,train,val
4284,train/PNEUMONIA/person557_bacteria_2327.jpeg,PNEUMONIA,1,bacteria,2325,train,val
4285,train/PNEUMONIA/person557_virus_1097.jpeg,PNEUMONIA,1,virus,2325,train,val
4286,train/PNEUMONIA/person558_bacteria_2328.jpeg,PNEUMONIA,1,bacteria,2326,train,val
4287,train/PNEUMONIA/person558_virus_1098.jpeg,PNEUMONIA,1,virus,2326,train,val
4288,train/PNEUMONIA/person559_bacteria_2329.jpeg,PNEUMONIA,1,bacteria,2327,train,train
4289,train/PNEUMONIA/person559_virus_1099.jpeg,PNEUMONIA,1,virus,2327,train,train
4290,train/PNEUMONIA/person55_bacteria_260.jpeg,PNEUMONIA,1,bacteria,2317,train,train
4291,train/PNEUMONIA/person55_bacteria_261.jpeg,PNEUMONIA,1,bacteria,2317,train,train
4292,train/PNEUMONIA/person55_bacteria_262.jpeg,PNEUMONIA,1,bacteria,2317,train,train
4293,train/PNEUMONIA/person55_bacteria_263.jpeg,PNEUMONIA,1,bacteria,2317,train,train
4294,train/PNEUMONIA/person55_bacteria_264.jpeg,PNEUMONIA,1,bacteria,2317,train,train
4295,train/PNEUMONIA/person55_bacteria_265.jpeg,PNEUMONIA,1,bacteria,2317,train,train
4296,train/PNEUMONIA/person55_bacteria_266.jpeg,PNEUMONIA,1,bacteria,2317,train,train
4297,train/PNEUMONIA/person560_bacteria_2330.jpeg,PNEUMONIA,1,bacteria,2329,train,train
4298,train/PNEUMONIA/person561_bacteria_2331.jpeg,PNEUMONIA,1,bacteria,2330,train,val
4299,train/PNEUMONIA/person562_bacteria_2332.jpeg,PNEUMONIA,1,bacteria,2331,train,val
4300,train/PNEUMONIA/person562_virus_1102.jpeg,PNEUMONIA,1,virus,2331,train,val
4301,train/PNEUMONIA/person563_bacteria_2333.jpeg,PNEUMONIA,1,bacteria,2332,train,train
4302,train/PNEUMONIA/person563_bacteria_2334.jpeg,PNEUMONIA,1,bacteria,2332,train,train
4303,train/PNEUMONIA/person563_bacteria_2335.jpeg,PNEUMONIA,1,bacteria,2332,train,train
4304,train/PNEUMONIA/person563_bacteria_2336.jpeg,PNEUMONIA,1,bacteria,2332,train,train
4305,train/PNEUMONIA/person563_bacteria_2337.jpeg,PNEUMONIA,1,bacteria,2332,train,train
4306,train/PNEUMONIA/person563_bacteria_2338.jpeg,PNEUMONIA,1,bacteria,2332,train,train
4307,train/PNEUMONIA/person563_bacteria_2339.jpeg,PNEUMONIA,1,bacteria,2332,train,train
4308,train/PNEUMONIA/person563_bacteria_2340.jpeg,PNEUMONIA,1,bacteria,2332,train,train
4309,train/PNEUMONIA/person563_virus_1103.jpeg,PNEUMONIA,1,virus,2332,train,train
4310,train/PNEUMONIA/person564_bacteria_2342.jpeg,PNEUMONIA,1,bacteria,2333,train,train
4311,train/PNEUMONIA/person564_bacteria_2343.jpeg,PNEUMONIA,1,bacteria,2333,train,train
4312,train/PNEUMONIA/person564_bacteria_2344.jpeg,PNEUMONIA,1,bacteria,2333,train,train
4313,train/PNEUMONIA/person564_bacteria_2345.jpeg,PNEUMONIA,1,bacteria,2333,train,train
4314,train/PNEUMONIA/person564_bacteria_2346.jpeg,PNEUMONIA,1,bacteria,2333,train,train
4315,train/PNEUMONIA/person564_bacteria_2347.jpeg,PNEUMONIA,1,bacteria,2333,train,train
4316,train/PNEUMONIA/person564_virus_1104.jpeg,PNEUMONIA,1,virus,2333,train,train
4317,train/PNEUMONIA/person565_bacteria_2348.jpeg,PNEUMONIA,1,bacteria,2334,train,test
4318,train/PNEUMONIA/person565_virus_1105.jpeg,PNEUMONIA,1,virus,2334,train,test
4319,train/PNEUMONIA/person566_bacteria_2351.jpeg,PNEUMONIA,1,bacteria,2335,train,test
4320,train/PNEUMONIA/person566_virus_1106.jpeg,PNEUMONIA,1,virus,2335,train,test
4321,train/PNEUMONIA/person567_bacteria_2352.jpeg,PNEUMONIA,1,bacteria,2336,train,train
4322,train/PNEUMONIA/person567_bacteria_2353.jpeg,PNEUMONIA,1,bacteria,2336,train,train
4323,train/PNEUMONIA/person567_bacteria_2354.jpeg,PNEUMONIA,1,bacteria,2336,train,train
4324,train/PNEUMONIA/person567_virus_1107.jpeg,PNEUMONIA,1,virus,2336,train,train
4325,train/PNEUMONIA/person568_bacteria_2358.jpeg,PNEUMONIA,1,bacteria,2337,train,test
4326,train/PNEUMONIA/person568_bacteria_2359.jpeg,PNEUMONIA,1,bacteria,2337,train,test
4327,train/PNEUMONIA/person569_bacteria_2360.jpeg,PNEUMONIA,1,bacteria,2338,train,train
4328,train/PNEUMONIA/person569_bacteria_2362.jpeg,PNEUMONIA,1,bacteria,2338,train,train
4329,train/PNEUMONIA/person569_bacteria_2363.jpeg,PNEUMONIA,1,bacteria,2338,train,train
4330,train/PNEUMONIA/person569_bacteria_2364.jpeg,PNEUMONIA,1,bacteria,2338,train,train
4331,train/PNEUMONIA/person569_virus_1110.jpeg,PNEUMONIA,1,virus,2338,train,train
4332,train/PNEUMONIA/person56_bacteria_267.jpeg,PNEUMONIA,1,bacteria,2328,train,train
4333,train/PNEUMONIA/person56_bacteria_268.jpeg,PNEUMONIA,1,bacteria,2328,train,train
4334,train/PNEUMONIA/person56_bacteria_269.jpeg,PNEUMONIA,1,bacteria,2328,train,train
4335,train/PNEUMONIA/person570_bacteria_2365.jpeg,PNEUMONIA,1,bacteria,2340,train,val
4336,train/PNEUMONIA/person570_virus_1112.jpeg,PNEUMONIA,1,virus,2340,train,val
4337,train/PNEUMONIA/person571_bacteria_2367.jpeg,PNEUMONIA,1,bacteria,2341,train,train
4338,train/PNEUMONIA/person571_virus_1114.jpeg,PNEUMONIA,1,virus,2341,train,train
4339,train/PNEUMONIA/person572_bacteria_2368.jpeg,PNEUMONIA,1,bacteria,2342,train,val
4340,train/PNEUMONIA/person573_bacteria_2369.jpeg,PNEUMONIA,1,bacteria,2343,train,val
4341,train/PNEUMONIA/person573_virus_1116.jpeg,PNEUMONIA,1,virus,2343,train,val
4342,train/PNEUMONIA/person574_bacteria_2370.jpeg,PNEUMONIA,1,bacteria,2344,train,train
4343,train/PNEUMONIA/person574_bacteria_2371.jpeg,PNEUMONIA,1,bacteria,2344,train,train
4344,train/PNEUMONIA/person574_bacteria_2372.jpeg,PNEUMONIA,1,bacteria,2344,train,train
4345,train/PNEUMONIA/person574_bacteria_2373.jpeg,PNEUMONIA,1,bacteria,2344,train,train
4346,train/PNEUMONIA/person574_virus_1118.jpeg,PNEUMONIA,1,virus,2344,train,train
4347,train/PNEUMONIA/person575_bacteria_2374.jpeg,PNEUMONIA,1,bacteria,2345,train,test
4348,train/PNEUMONIA/person575_virus_1119.jpeg,PNEUMONIA,1,virus,2345,train,test
4349,train/PNEUMONIA/person576_bacteria_2375.jpeg,PNEUMONIA,1,bacteria,2346,train,train
4350,train/PNEUMONIA/person576_bacteria_2376.jpeg,PNEUMONIA,1,bacteria,2346,train,train
4351,train/PNEUMONIA/person576_virus_1120.jpeg,PNEUMONIA,1,virus,2346,train,train
4352,train/PNEUMONIA/person577_bacteria_2378.jpeg,PNEUMONIA,1,bacteria,2347,train,test
4353,train/PNEUMONIA/person577_virus_1121.jpeg,PNEUMONIA,1,virus,2347,train,test
4354,train/PNEUMONIA/person578_bacteria_2379.jpeg,PNEUMONIA,1,bacteria,2348,train,val
4355,train/PNEUMONIA/person578_virus_1122.jpeg,PNEUMONIA,1,virus,2348,train,val
4356,train/PNEUMONIA/person579_bacteria_2381.jpeg,PNEUMONIA,1,bacteria,2349,train,train
4357,train/PNEUMONIA/person579_bacteria_2382.jpeg,PNEUMONIA,1,bacteria,2349,train,train
4358,train/PNEUMONIA/person579_bacteria_2383.jpeg,PNEUMONIA,1,bacteria,2349,train,train
4359,train/PNEUMONIA/person579_bacteria_2384.jpeg,PNEUMONIA,1,bacteria,2349,train,train
4360,train/PNEUMONIA/person579_bacteria_2386.jpeg,PNEUMONIA,1,bacteria,2349,train,train
4361,train/PNEUMONIA/person579_virus_1123.jpeg,PNEUMONIA,1,virus,2349,train,train
4362,train/PNEUMONIA/person57_bacteria_270.jpeg,PNEUMONIA,1,bacteria,2339,train,train
4363,train/PNEUMONIA/person57_bacteria_271.jpeg,PNEUMONIA,1,bacteria,2339,train,train
4364,train/PNEUMONIA/person580_bacteria_2387.jpeg,PNEUMONIA,1,bacteria,2351,train,test
4365,train/PNEUMONIA/person580_bacteria_2388.jpeg,PNEUMONIA,1,bacteria,2351,train,test
4366,train/PNEUMONIA/person580_bacteria_2389.jpeg,PNEUMONIA,1,bacteria,2351,train,test
4367,train/PNEUMONIA/person581_bacteria_2390.jpeg,PNEUMONIA,1,bacteria,2352,train,train
4368,train/PNEUMONIA/person581_bacteria_2392.jpeg,PNEUMONIA,1,bacteria,2352,train,train
4369,train/PNEUMONIA/person581_bacteria_2393.jpeg,PNEUMONIA,1,bacteria,2352,train,train
4370,train/PNEUMONIA/person581_bacteria_2394.jpeg,PNEUMONIA,1,bacteria,2352,train,train
4371,train/PNEUMONIA/person581_bacteria_2395.jpeg,PNEUMONIA,1,bacteria,2352,train,train
4372,train/PNEUMONIA/person581_bacteria_2400.jpeg,PNEUMONIA,1,bacteria,2352,train,train
4373,train/PNEUMONIA/person581_virus_1125.jpeg,PNEUMONIA,1,virus,2352,train,train
4374,train/PNEUMONIA/person582_bacteria_2403.jpeg,PNEUMONIA,1,bacteria,2353,train,val
4375,train/PNEUMONIA/person582_bacteria_2404.jpeg,PNEUMONIA,1,bacteria,2353,train,val
4376,train/PNEUMONIA/person582_bacteria_2405.jpeg,PNEUMONIA,1,bacteria,2353,train,val
4377,train/PNEUMONIA/person583_bacteria_2406.jpeg,PNEUMONIA,1,bacteria,2354,train,train
4378,train/PNEUMONIA/person583_bacteria_2408.jpeg,PNEUMONIA,1,bacteria,2354,train,train
4379,train/PNEUMONIA/person583_bacteria_2409.jpeg,PNEUMONIA,1,bacteria,2354,train,train
4380,train/PNEUMONIA/person583_virus_1127.jpeg,PNEUMONIA,1,virus,2354,train,train
4381,train/PNEUMONIA/person584_virus_1128.jpeg,PNEUMONIA,1,virus,2355,train,train
4382,train/PNEUMONIA/person585_bacteria_2411.jpeg,PNEUMONIA,1,bacteria,2356,train,train
4383,train/PNEUMONIA/person585_bacteria_2412.jpeg,PNEUMONIA,1,bacteria,2356,train,train
4384,train/PNEUMONIA/person585_bacteria_2413.jpeg,PNEUMONIA,1,bacteria,2356,train,train
4385,train/PNEUMONIA/person585_bacteria_2414.jpeg,PNEUMONIA,1,bacteria,2356,train,train
4386,train/PNEUMONIA/person585_bacteria_2415.jpeg,PNEUMONIA,1,bacteria,2356,train,train
4387,train/PNEUMONIA/person585_bacteria_2416.jpeg,PNEUMONIA,1,bacteria,2356,train,train
4388,train/PNEUMONIA/person585_virus_1129.jpeg,PNEUMONIA,1,virus,2356,train,train
4389,train/PNEUMONIA/person586_bacteria_2417.jpeg,PNEUMONIA,1,bacteria,2357,train,train
4390,train/PNEUMONIA/person586_bacteria_2418.jpeg,PNEUMONIA,1,bacteria,2357,train,train
4391,train/PNEUMONIA/person586_bacteria_2420.jpeg,PNEUMONIA,1,bacteria,2357,train,train
4392,train/PNEUMONIA/person586_virus_1130.jpeg,PNEUMONIA,1,virus,2357,train,train
4393,train/PNEUMONIA/person587_bacteria_2421.jpeg,PNEUMONIA,1,bacteria,2358,train,test
4394,train/PNEUMONIA/person588_bacteria_2422.jpeg,PNEUMONIA,1,bacteria,2359,train,train
4395,train/PNEUMONIA/person588_bacteria_2423.jpeg,PNEUMONIA,1,bacteria,2359,train,train
4396,train/PNEUMONIA/person588_virus_1134.jpeg,PNEUMONIA,1,virus,2359,train,train
4397,train/PNEUMONIA/person588_virus_1135.jpeg,PNEUMONIA,1,virus,2359,train,train
4398,train/PNEUMONIA/person589_bacteria_2424.jpeg,PNEUMONIA,1,bacteria,2360,train,val
4399,train/PNEUMONIA/person589_bacteria_2425.jpeg,PNEUMONIA,1,bacteria,2360,train,val
4400,train/PNEUMONIA/person58_bacteria_272.jpeg,PNEUMONIA,1,bacteria,2350,train,train
4401,train/PNEUMONIA/person58_bacteria_273.jpeg,PNEUMONIA,1,bacteria,2350,train,train
4402,train/PNEUMONIA/person58_bacteria_274.jpeg,PNEUMONIA,1,bacteria,2350,train,train
4403,train/PNEUMONIA/person58_bacteria_275.jpeg,PNEUMONIA,1,bacteria,2350,train,train
4404,train/PNEUMONIA/person58_bacteria_276.jpeg,PNEUMONIA,1,bacteria,2350,train,train
4405,train/PNEUMONIA/person58_bacteria_277.jpeg,PNEUMONIA,1,bacteria,2350,train,train
4406,train/PNEUMONIA/person58_bacteria_278.jpeg,PNEUMONIA,1,bacteria,2350,train,train
4407,train/PNEUMONIA/person590_bacteria_2428.jpeg,PNEUMONIA,1,bacteria,2362,train,train
4408,train/PNEUMONIA/person590_virus_1138.jpeg,PNEUMONIA,1,virus,2362,train,train
4409,train/PNEUMONIA/person591_bacteria_2429.jpeg,PNEUMONIA,1,bacteria,2363,train,test
4410,train/PNEUMONIA/person591_virus_1139.jpeg,PNEUMONIA,1,virus,2363,train,test
4411,train/PNEUMONIA/person592_bacteria_2431.jpeg,PNEUMONIA,1,bacteria,2364,train,train
4412,train/PNEUMONIA/person592_bacteria_2434.jpeg,PNEUMONIA,1,bacteria,2364,train,train
4413,train/PNEUMONIA/person592_virus_1141.jpeg,PNEUMONIA,1,virus,2364,train,train
4414,train/PNEUMONIA/person593_bacteria_2435.jpeg,PNEUMONIA,1,bacteria,2365,train,test
4415,train/PNEUMONIA/person593_virus_1142.jpeg,PNEUMONIA,1,virus,2365,train,test
4416,train/PNEUMONIA/person594_bacteria_2436.jpeg,PNEUMONIA,1,bacteria,2366,train,test
4417,train/PNEUMONIA/person594_virus_1145.jpeg,PNEUMONIA,1,virus,2366,train,test
4418,train/PNEUMONIA/person595_bacteria_2438.jpeg,PNEUMONIA,1,bacteria,2367,train,val
4419,train/PNEUMONIA/person595_virus_1147.jpeg,PNEUMONIA,1,virus,2367,train,val
4420,train/PNEUMONIA/person596_bacteria_2440.jpeg,PNEUMONIA,1,bacteria,2368,train,train
4421,train/PNEUMONIA/person596_bacteria_2441.jpeg,PNEUMONIA,1,bacteria,2368,train,train
4422,train/PNEUMONIA/person596_bacteria_2443.jpeg,PNEUMONIA,1,bacteria,2368,train,train
4423,train/PNEUMONIA/person596_bacteria_2444.jpeg,PNEUMONIA,1,bacteria,2368,train,train
4424,train/PNEUMONIA/person596_bacteria_2445.jpeg,PNEUMONIA,1,bacteria,2368,train,train
4425,train/PNEUMONIA/person596_bacteria_2446.jpeg,PNEUMONIA,1,bacteria,2368,train,train
4426,train/PNEUMONIA/person596_bacteria_2447.jpeg,PNEUMONIA,1,bacteria,2368,train,train
4427,train/PNEUMONIA/person596_bacteria_2449.jpeg,PNEUMONIA,1,bacteria,2368,train,train
4428,train/PNEUMONIA/person596_virus_1149.jpeg,PNEUMONIA,1,virus,2368,train,train
4429,train/PNEUMONIA/person597_bacteria_2450.jpeg,PNEUMONIA,1,bacteria,2369,train,train
4430,train/PNEUMONIA/person597_bacteria_2451.jpeg,PNEUMONIA,1,bacteria,2369,train,train
4431,train/PNEUMONIA/person597_virus_1150.jpeg,PNEUMONIA,1,virus,2369,train,train
4432,train/PNEUMONIA/person598_bacteria_2453.jpeg,PNEUMONIA,1,bacteria,2370,train,train
4433,train/PNEUMONIA/person598_bacteria_2454.jpeg,PNEUMONIA,1,bacteria,2370,train,train
4434,train/PNEUMONIA/person598_virus_1151.jpeg,PNEUMONIA,1,virus,2370,train,train
4435,train/PNEUMONIA/person598_virus_1153.jpeg,PNEUMONIA,1,virus,2370,train,train
4436,train/PNEUMONIA/person598_virus_1154.jpeg,PNEUMONIA,1,virus,2370,train,train
4437,train/PNEUMONIA/person599_bacteria_2455.jpeg,PNEUMONIA,1,bacteria,2371,train,test
4438,train/PNEUMONIA/person599_virus_1155.jpeg,PNEUMONIA,1,virus,2371,train,test
4439,train/PNEUMONIA/person59_bacteria_279.jpeg,PNEUMONIA,1,bacteria,2361,train,train
4440,train/PNEUMONIA/person59_bacteria_280.jpeg,PNEUMONIA,1,bacteria,2361,train,train
4441,train/PNEUMONIA/person59_bacteria_281.jpeg,PNEUMONIA,1,bacteria,2361,train,train
4442,train/PNEUMONIA/person59_bacteria_282.jpeg,PNEUMONIA,1,bacteria,2361,train,train
4443,train/PNEUMONIA/person59_bacteria_283.jpeg,PNEUMONIA,1,bacteria,2361,train,train
4444,train/PNEUMONIA/person59_bacteria_284.jpeg,PNEUMONIA,1,bacteria,2361,train,train
4445,train/PNEUMONIA/person5_bacteria_15.jpeg,PNEUMONIA,1,bacteria,2261,train,train
4446,train/PNEUMONIA/person5_bacteria_16.jpeg,PNEUMONIA,1,bacteria,2261,train,train
4447,train/PNEUMONIA/person5_bacteria_17.jpeg,PNEUMONIA,1,bacteria,2261,train,train
4448,train/PNEUMONIA/person5_bacteria_19.jpeg,PNEUMONIA,1,bacteria,2261,train,train
4449,train/PNEUMONIA/person600_bacteria_2456.jpeg,PNEUMONIA,1,bacteria,2374,train,train
4450,train/PNEUMONIA/person600_bacteria_2457.jpeg,PNEUMONIA,1,bacteria,2374,train,train
4451,train/PNEUMONIA/person600_bacteria_2458.jpeg,PNEUMONIA,1,bacteria,2374,train,train
4452,train/PNEUMONIA/person600_virus_1156.jpeg,PNEUMONIA,1,virus,2374,train,train
4453,train/PNEUMONIA/person601_bacteria_2459.jpeg,PNEUMONIA,1,bacteria,2375,train,test
4454,train/PNEUMONIA/person602_bacteria_2460.jpeg,PNEUMONIA,1,bacteria,2376,train,train
4455,train/PNEUMONIA/person603_bacteria_2461.jpeg,PNEUMONIA,1,bacteria,2377,train,val
4456,train/PNEUMONIA/person603_virus_1164.jpeg,PNEUMONIA,1,virus,2377,train,val
4457,train/PNEUMONIA/person604_bacteria_2462.jpeg,PNEUMONIA,1,bacteria,2378,train,train
4458,train/PNEUMONIA/person604_bacteria_2463.jpeg,PNEUMONIA,1,bacteria,2378,train,train
4459,train/PNEUMONIA/person604_virus_1165.jpeg,PNEUMONIA,1,virus,2378,train,train
4460,train/PNEUMONIA/person605_bacteria_2464.jpeg,PNEUMONIA,1,bacteria,2379,train,train
4461,train/PNEUMONIA/person605_bacteria_2465.jpeg,PNEUMONIA,1,bacteria,2379,train,train
4462,train/PNEUMONIA/person605_bacteria_2466.jpeg,PNEUMONIA,1,bacteria,2379,train,train
4463,train/PNEUMONIA/person605_bacteria_2467.jpeg,PNEUMONIA,1,bacteria,2379,train,train
4464,train/PNEUMONIA/person605_bacteria_2468.jpeg,PNEUMONIA,1,bacteria,2379,train,train
4465,train/PNEUMONIA/person605_virus_1166.jpeg,PNEUMONIA,1,virus,2379,train,train
4466,train/PNEUMONIA/person605_virus_1169.jpeg,PNEUMONIA,1,virus,2379,train,train
4467,train/PNEUMONIA/person606_bacteria_2469.jpeg,PNEUMONIA,1,bacteria,2380,train,val
4468,train/PNEUMONIA/person607_bacteria_2470.jpeg,PNEUMONIA,1,bacteria,2381,train,train
4469,train/PNEUMONIA/person607_virus_1173.jpeg,PNEUMONIA,1,virus,2381,train,train
4470,train/PNEUMONIA/person608_bacteria_2471.jpeg,PNEUMONIA,1,bacteria,2382,train,train
4471,train/PNEUMONIA/person608_bacteria_2472.jpeg,PNEUMONIA,1,bacteria,2382,train,train
4472,train/PNEUMONIA/person608_bacteria_2473.jpeg,PNEUMONIA,1,bacteria,2382,train,train
4473,train/PNEUMONIA/person608_virus_1175.jpeg,PNEUMONIA,1,virus,2382,train,train
4474,train/PNEUMONIA/person609_bacteria_2474.jpeg,PNEUMONIA,1,bacteria,2383,train,test
4475,train/PNEUMONIA/person609_virus_1176.jpeg,PNEUMONIA,1,virus,2383,train,test
4476,train/PNEUMONIA/person60_bacteria_285.jpeg,PNEUMONIA,1,bacteria,2373,train,train
4477,train/PNEUMONIA/person60_bacteria_286.jpeg,PNEUMONIA,1,bacteria,2373,train,train
4478,train/PNEUMONIA/person60_bacteria_287.jpeg,PNEUMONIA,1,bacteria,2373,train,train
4479,train/PNEUMONIA/person610_bacteria_2475.jpeg,PNEUMONIA,1,bacteria,2385,train,train
4480,train/PNEUMONIA/person610_virus_1177.jpeg,PNEUMONIA,1,virus,2385,train,train
4481,train/PNEUMONIA/person611_bacteria_2476.jpeg,PNEUMONIA,1,bacteria,2386,train,test
4482,train/PNEUMONIA/person612_bacteria_2477.jpeg,PNEUMONIA,1,bacteria,2387,train,train
4483,train/PNEUMONIA/person612_bacteria_2478.jpeg,PNEUMONIA,1,bacteria,2387,train,train
4484,train/PNEUMONIA/person612_virus_1179.jpeg,PNEUMONIA,1,virus,2387,train,train
4485,train/PNEUMONIA/person613_bacteria_2479.jpeg,PNEUMONIA,1,bacteria,2388,train,val
4486,train/PNEUMONIA/person613_virus_1181.jpeg,PNEUMONIA,1,virus,2388,train,val
4487,train/PNEUMONIA/person614_bacteria_2480.jpeg,PNEUMONIA,1,bacteria,2389,train,train
4488,train/PNEUMONIA/person614_bacteria_2481.jpeg,PNEUMONIA,1,bacteria,2389,train,train
4489,train/PNEUMONIA/person614_bacteria_2483.jpeg,PNEUMONIA,1,bacteria,2389,train,train
4490,train/PNEUMONIA/person614_virus_1183.jpeg,PNEUMONIA,1,virus,2389,train,train
4491,train/PNEUMONIA/person615_virus_1184.jpeg,PNEUMONIA,1,virus,2390,train,train
4492,train/PNEUMONIA/person616_bacteria_2487.jpeg,PNEUMONIA,1,bacteria,2391,train,train
4493,train/PNEUMONIA/person616_virus_1186.jpeg,PNEUMONIA,1,virus,2391,train,train
4494,train/PNEUMONIA/person617_bacteria_2488.jpeg,PNEUMONIA,1,bacteria,2392,train,train
4495,train/PNEUMONIA/person617_virus_1187.jpeg,PNEUMONIA,1,virus,2392,train,train
4496,train/PNEUMONIA/person618_bacteria_2489.jpeg,PNEUMONIA,1,bacteria,2393,train,train
4497,train/PNEUMONIA/person618_virus_1189.jpeg,PNEUMONIA,1,virus,2393,train,train
4498,train/PNEUMONIA/person619_bacteria_2490.jpeg,PNEUMONIA,1,bacteria,2394,train,train
4499,train/PNEUMONIA/person619_bacteria_2491.jpeg,PNEUMONIA,1,bacteria,2394,train,train
4500,train/PNEUMONIA/person619_virus_1190.jpeg,PNEUMONIA,1,virus,2394,train,train
4501,train/PNEUMONIA/person61_bacteria_288.jpeg,PNEUMONIA,1,bacteria,2384,train,train
4502,train/PNEUMONIA/person61_bacteria_289.jpeg,PNEUMONIA,1,bacteria,2384,train,train
4503,train/PNEUMONIA/person61_bacteria_290.jpeg,PNEUMONIA,1,bacteria,2384,train,train
4504,train/PNEUMONIA/person61_bacteria_291.jpeg,PNEUMONIA,1,bacteria,2384,train,train
4505,train/PNEUMONIA/person61_bacteria_292.jpeg,PNEUMONIA,1,bacteria,2384,train,train
4506,train/PNEUMONIA/person61_bacteria_293.jpeg,PNEUMONIA,1,bacteria,2384,train,train
4507,train/PNEUMONIA/person61_bacteria_294.jpeg,PNEUMONIA,1,bacteria,2384,train,train
4508,train/PNEUMONIA/person61_bacteria_295.jpeg,PNEUMONIA,1,bacteria,2384,train,train
4509,train/PNEUMONIA/person61_bacteria_296.jpeg,PNEUMONIA,1,bacteria,2384,train,train
4510,train/PNEUMONIA/person61_bacteria_297.jpeg,PNEUMONIA,1,bacteria,2384,train,train
4511,train/PNEUMONIA/person620_bacteria_2492.jpeg,PNEUMONIA,1,bacteria,2396,train,train
4512,train/PNEUMONIA/person620_virus_1191.jpeg,PNEUMONIA,1,virus,2396,train,train
4513,train/PNEUMONIA/person620_virus_1192.jpeg,PNEUMONIA,1,virus,2396,train,train
4514,train/PNEUMONIA/person621_virus_1194.jpeg,PNEUMONIA,1,virus,2397,train,train
4515,train/PNEUMONIA/person621_virus_1195.jpeg,PNEUMONIA,1,virus,2397,train,train
4516,train/PNEUMONIA/person622_bacteria_2494.jpeg,PNEUMONIA,1,bacteria,2398,train,val
4517,train/PNEUMONIA/person622_virus_1196.jpeg,PNEUMONIA,1,virus,2398,train,val
4518,train/PNEUMONIA/person623_bacteria_2495.jpeg,PNEUMONIA,1,bacteria,2399,train,train
4519,train/PNEUMONIA/person623_bacteria_2496.jpeg,PNEUMONIA,1,bacteria,2399,train,train
4520,train/PNEUMONIA/person623_virus_1197.jpeg,PNEUMONIA,1,virus,2399,train,train
4521,train/PNEUMONIA/person624_bacteria_2497.jpeg,PNEUMONIA,1,bacteria,2400,train,test
4522,train/PNEUMONIA/person624_virus_1198.jpeg,PNEUMONIA,1,virus,2400,train,test
4523,train/PNEUMONIA/person625_bacteria_2499.jpeg,PNEUMONIA,1,bacteria,2401,train,train
4524,train/PNEUMONIA/person625_bacteria_2500.jpeg,PNEUMONIA,1,bacteria,2401,train,train
4525,train/PNEUMONIA/person625_virus_1199.jpeg,PNEUMONIA,1,virus,2401,train,train
4526,train/PNEUMONIA/person626_bacteria_2502.jpeg,PNEUMONIA,1,bacteria,2402,train,train
4527,train/PNEUMONIA/person626_virus_1202.jpeg,PNEUMONIA,1,virus,2402,train,train
4528,train/PNEUMONIA/person627_virus_1204.jpeg,PNEUMONIA,1,virus,2403,train,test
4529,train/PNEUMONIA/person628_bacteria_2505.jpeg,PNEUMONIA,1,bacteria,2404,train,test
4530,train/PNEUMONIA/person628_virus_1206.jpeg,PNEUMONIA,1,virus,2404,train,test
4531,train/PNEUMONIA/person629_bacteria_2506.jpeg,PNEUMONIA,1,bacteria,2405,train,train
4532,train/PNEUMONIA/person629_bacteria_2507.jpeg,PNEUMONIA,1,bacteria,2405,train,train
4533,train/PNEUMONIA/person629_bacteria_2508.jpeg,PNEUMONIA,1,bacteria,2405,train,train
4534,train/PNEUMONIA/person629_bacteria_2509.jpeg,PNEUMONIA,1,bacteria,2405,train,train
4535,train/PNEUMONIA/person629_bacteria_2510.jpeg,PNEUMONIA,1,bacteria,2405,train,train
4536,train/PNEUMONIA/person629_virus_1207.jpeg,PNEUMONIA,1,virus,2405,train,train
4537,train/PNEUMONIA/person62_bacteria_298.jpeg,PNEUMONIA,1,bacteria,2395,train,train
4538,train/PNEUMONIA/person62_bacteria_299.jpeg,PNEUMONIA,1,bacteria,2395,train,train
4539,train/PNEUMONIA/person62_bacteria_300.jpeg,PNEUMONIA,1,bacteria,2395,train,train
4540,train/PNEUMONIA/person62_bacteria_301.jpeg,PNEUMONIA,1,bacteria,2395,train,train
4541,train/PNEUMONIA/person62_bacteria_302.jpeg,PNEUMONIA,1,bacteria,2395,train,train
4542,train/PNEUMONIA/person62_bacteria_303.jpeg,PNEUMONIA,1,bacteria,2395,train,train
4543,train/PNEUMONIA/person630_bacteria_2512.jpeg,PNEUMONIA,1,bacteria,2407,train,train
4544,train/PNEUMONIA/person630_bacteria_2513.jpeg,PNEUMONIA,1,bacteria,2407,train,train
4545,train/PNEUMONIA/person630_bacteria_2514.jpeg,PNEUMONIA,1,bacteria,2407,train,train
4546,train/PNEUMONIA/person630_bacteria_2515.jpeg,PNEUMONIA,1,bacteria,2407,train,train
4547,train/PNEUMONIA/person630_bacteria_2516.jpeg,PNEUMONIA,1,bacteria,2407,train,train
4548,train/PNEUMONIA/person630_virus_1209.jpeg,PNEUMONIA,1,virus,2407,train,train
4549,train/PNEUMONIA/person632_bacteria_2520.jpeg,PNEUMONIA,1,bacteria,2408,train,train
4550,train/PNEUMONIA/person632_bacteria_2521.jpeg,PNEUMONIA,1,bacteria,2408,train,train
4551,train/PNEUMONIA/person632_virus_1211.jpeg,PNEUMONIA,1,virus,2408,train,train
4552,train/PNEUMONIA/person633_bacteria_2522.jpeg,PNEUMONIA,1,bacteria,2409,train,val
4553,train/PNEUMONIA/person633_virus_1213.jpeg,PNEUMONIA,1,virus,2409,train,val
4554,train/PNEUMONIA/person634_bacteria_2525.jpeg,PNEUMONIA,1,bacteria,2410,train,train
4555,train/PNEUMONIA/person635_bacteria_2526.jpeg,PNEUMONIA,1,bacteria,2411,train,test
4556,train/PNEUMONIA/person636_bacteria_2527.jpeg,PNEUMONIA,1,bacteria,2412,train,train
4557,train/PNEUMONIA/person636_virus_1217.jpeg,PNEUMONIA,1,virus,2412,train,train
4558,train/PNEUMONIA/person637_bacteria_2528.jpeg,PNEUMONIA,1,bacteria,2413,train,train
4559,train/PNEUMONIA/person637_bacteria_2529.jpeg,PNEUMONIA,1,bacteria,2413,train,train
4560,train/PNEUMONIA/person637_virus_1218.jpeg,PNEUMONIA,1,virus,2413,train,train
4561,train/PNEUMONIA/person639_virus_1220.jpeg,PNEUMONIA,1,virus,2414,train,val
4562,train/PNEUMONIA/person63_bacteria_306.jpeg,PNEUMONIA,1,bacteria,2406,train,test
4563,train/PNEUMONIA/person640_bacteria_2532.jpeg,PNEUMONIA,1,bacteria,2416,train,val
4564,train/PNEUMONIA/person640_virus_1221.jpeg,PNEUMONIA,1,virus,2416,train,val
4565,train/PNEUMONIA/person641_bacteria_2533.jpeg,PNEUMONIA,1,bacteria,2417,train,train
4566,train/PNEUMONIA/person641_virus_1222.jpeg,PNEUMONIA,1,virus,2417,train,train
4567,train/PNEUMONIA/person642_virus_1223.jpeg,PNEUMONIA,1,virus,2418,train,train
4568,train/PNEUMONIA/person643_bacteria_2534.jpeg,PNEUMONIA,1,bacteria,2419,train,test
4569,train/PNEUMONIA/person644_bacteria_2536.jpeg,PNEUMONIA,1,bacteria,2420,train,val
4570,train/PNEUMONIA/person644_virus_1225.jpeg,PNEUMONIA,1,virus,2420,train,val
4571,train/PNEUMONIA/person645_bacteria_2537.jpeg,PNEUMONIA,1,bacteria,2421,train,train
4572,train/PNEUMONIA/person645_virus_1226.jpeg,PNEUMONIA,1,virus,2421,train,train
4573,train/PNEUMONIA/person646_bacteria_2538.jpeg,PNEUMONIA,1,bacteria,2422,train,test
4574,train/PNEUMONIA/person646_virus_1227.jpeg,PNEUMONIA,1,virus,2422,train,test
4575,train/PNEUMONIA/person647_bacteria_2539.jpeg,PNEUMONIA,1,bacteria,2423,train,train
4576,train/PNEUMONIA/person647_virus_1228.jpeg,PNEUMONIA,1,virus,2423,train,train
4577,train/PNEUMONIA/person647_virus_1229.jpeg,PNEUMONIA,1,virus,2423,train,train
4578,train/PNEUMONIA/person648_bacteria_2540.jpeg,PNEUMONIA,1,bacteria,2424,train,test
4579,train/PNEUMONIA/person648_virus_1230.jpeg,PNEUMONIA,1,virus,2424,train,test
4580,train/PNEUMONIA/person649_bacteria_2541.jpeg,PNEUMONIA,1,bacteria,2425,train,test
4581,train/PNEUMONIA/person649_virus_1231.jpeg,PNEUMONIA,1,virus,2425,train,test
4582,train/PNEUMONIA/person64_bacteria_310.jpeg,PNEUMONIA,1,bacteria,2415,train,train
4583,train/PNEUMONIA/person64_bacteria_312.jpeg,PNEUMONIA,1,bacteria,2415,train,train
4584,train/PNEUMONIA/person64_bacteria_316.jpeg,PNEUMONIA,1,bacteria,2415,train,train
4585,train/PNEUMONIA/person64_bacteria_317.jpeg,PNEUMONIA,1,bacteria,2415,train,train
4586,train/PNEUMONIA/person64_bacteria_318.jpeg,PNEUMONIA,1,bacteria,2415,train,train
4587,train/PNEUMONIA/person64_bacteria_319.jpeg,PNEUMONIA,1,bacteria,2415,train,train
4588,train/PNEUMONIA/person64_bacteria_320.jpeg,PNEUMONIA,1,bacteria,2415,train,train
4589,train/PNEUMONIA/person650_bacteria_2542.jpeg,PNEUMONIA,1,bacteria,2427,train,test
4590,train/PNEUMONIA/person650_virus_1232.jpeg,PNEUMONIA,1,virus,2427,train,test
4591,train/PNEUMONIA/person651_bacteria_2543.jpeg,PNEUMONIA,1,bacteria,2428,train,val
4592,train/PNEUMONIA/person652_bacteria_2544.jpeg,PNEUMONIA,1,bacteria,2429,train,val
4593,train/PNEUMONIA/person652_virus_1234.jpeg,PNEUMONIA,1,virus,2429,train,val
4594,train/PNEUMONIA/person653_bacteria_2545.jpeg,PNEUMONIA,1,bacteria,2430,train,val
4595,train/PNEUMONIA/person653_virus_1235.jpeg,PNEUMONIA,1,virus,2430,train,val
4596,train/PNEUMONIA/person654_bacteria_2546.jpeg,PNEUMONIA,1,bacteria,2431,train,train
4597,train/PNEUMONIA/person655_bacteria_2547.jpeg,PNEUMONIA,1,bacteria,2432,train,test
4598,train/PNEUMONIA/person656_bacteria_2548.jpeg,PNEUMONIA,1,bacteria,2433,train,train
4599,train/PNEUMONIA/person656_virus_1238.jpeg,PNEUMONIA,1,virus,2433,train,train
4600,train/PNEUMONIA/person657_bacteria_2549.jpeg,PNEUMONIA,1,bacteria,2434,train,train
4601,train/PNEUMONIA/person657_virus_1240.jpeg,PNEUMONIA,1,virus,2434,train,train
4602,train/PNEUMONIA/person658_bacteria_2550.jpeg,PNEUMONIA,1,bacteria,2435,train,train
4603,train/PNEUMONIA/person658_virus_1241.jpeg,PNEUMONIA,1,virus,2435,train,train
4604,train/PNEUMONIA/person659_bacteria_2551.jpeg,PNEUMONIA,1,bacteria,2436,train,test
4605,train/PNEUMONIA/person659_virus_1243.jpeg,PNEUMONIA,1,virus,2436,train,test
4606,train/PNEUMONIA/person65_bacteria_322.jpeg,PNEUMONIA,1,bacteria,2426,train,train
4607,train/PNEUMONIA/person660_bacteria_2552.jpeg,PNEUMONIA,1,bacteria,2438,train,test
4608,train/PNEUMONIA/person660_virus_1244.jpeg,PNEUMONIA,1,virus,2438,train,test
4609,train/PNEUMONIA/person661_bacteria_2553.jpeg,PNEUMONIA,1,bacteria,2439,train,test
4610,train/PNEUMONIA/person661_virus_1245.jpeg,PNEUMONIA,1,virus,2439,train,test
4611,train/PNEUMONIA/person662_bacteria_2554.jpeg,PNEUMONIA,1,bacteria,2440,train,train
4612,train/PNEUMONIA/person662_virus_1246.jpeg,PNEUMONIA,1,virus,2440,train,train
4613,train/PNEUMONIA/person663_bacteria_2555.jpeg,PNEUMONIA,1,bacteria,2441,train,train
4614,train/PNEUMONIA/person663_virus_1247.jpeg,PNEUMONIA,1,virus,2441,train,train
4615,train/PNEUMONIA/person663_virus_1248.jpeg,PNEUMONIA,1,virus,2441,train,train
4616,train/PNEUMONIA/person664_virus_1249.jpeg,PNEUMONIA,1,virus,2442,train,train
4617,train/PNEUMONIA/person665_bacteria_2557.jpeg,PNEUMONIA,1,bacteria,2443,train,test
4618,train/PNEUMONIA/person665_virus_1250.jpeg,PNEUMONIA,1,virus,2443,train,test
4619,train/PNEUMONIA/person666_bacteria_2558.jpeg,PNEUMONIA,1,bacteria,2444,train,train
4620,train/PNEUMONIA/person666_virus_1251.jpeg,PNEUMONIA,1,virus,2444,train,train
4621,train/PNEUMONIA/person667_virus_1252.jpeg,PNEUMONIA,1,virus,2445,train,val
4622,train/PNEUMONIA/person667_virus_1253.jpeg,PNEUMONIA,1,virus,2445,train,val
4623,train/PNEUMONIA/person669_bacteria_2561.jpeg,PNEUMONIA,1,bacteria,2446,train,val
4624,train/PNEUMONIA/person669_bacteria_2562.jpeg,PNEUMONIA,1,bacteria,2446,train,val
4625,train/PNEUMONIA/person669_virus_1255.jpeg,PNEUMONIA,1,virus,2446,train,val
4626,train/PNEUMONIA/person66_bacteria_323.jpeg,PNEUMONIA,1,bacteria,2437,train,train
4627,train/PNEUMONIA/person66_bacteria_324.jpeg,PNEUMONIA,1,bacteria,2437,train,train
4628,train/PNEUMONIA/person66_bacteria_325.jpeg,PNEUMONIA,1,bacteria,2437,train,train
4629,train/PNEUMONIA/person66_bacteria_326.jpeg,PNEUMONIA,1,bacteria,2437,train,train
4630,train/PNEUMONIA/person670_bacteria_2563.jpeg,PNEUMONIA,1,bacteria,2448,train,train
4631,train/PNEUMONIA/person670_virus_1256.jpeg,PNEUMONIA,1,virus,2448,train,train
4632,train/PNEUMONIA/person670_virus_1259.jpeg,PNEUMONIA,1,virus,2448,train,train
4633,train/PNEUMONIA/person671_bacteria_2564.jpeg,PNEUMONIA,1,bacteria,2449,train,test
4634,train/PNEUMONIA/person671_virus_1260.jpeg,PNEUMONIA,1,virus,2449,train,test
4635,train/PNEUMONIA/person672_bacteria_2565.jpeg,PNEUMONIA,1,bacteria,2450,train,train
4636,train/PNEUMONIA/person672_virus_1261.jpeg,PNEUMONIA,1,virus,2450,train,train
4637,train/PNEUMONIA/person673_bacteria_2566.jpeg,PNEUMONIA,1,bacteria,2451,train,val
4638,train/PNEUMONIA/person673_virus_1263.jpeg,PNEUMONIA,1,virus,2451,train,val
4639,train/PNEUMONIA/person674_bacteria_2568.jpeg,PNEUMONIA,1,bacteria,2452,train,val
4640,train/PNEUMONIA/person675_bacteria_2569.jpeg,PNEUMONIA,1,bacteria,2453,train,test
4641,train/PNEUMONIA/person677_bacteria_2571.jpeg,PNEUMONIA,1,bacteria,2454,train,train
4642,train/PNEUMONIA/person677_virus_1268.jpeg,PNEUMONIA,1,virus,2454,train,train
4643,train/PNEUMONIA/person678_bacteria_2572.jpeg,PNEUMONIA,1,bacteria,2455,train,train
4644,train/PNEUMONIA/person679_virus_1270.jpeg,PNEUMONIA,1,virus,2456,train,train
4645,train/PNEUMONIA/person67_bacteria_328.jpeg,PNEUMONIA,1,bacteria,2447,train,train
4646,train/PNEUMONIA/person67_bacteria_329.jpeg,PNEUMONIA,1,bacteria,2447,train,train
4647,train/PNEUMONIA/person67_bacteria_330.jpeg,PNEUMONIA,1,bacteria,2447,train,train
4648,train/PNEUMONIA/person67_bacteria_331.jpeg,PNEUMONIA,1,bacteria,2447,train,train
4649,train/PNEUMONIA/person67_bacteria_332.jpeg,PNEUMONIA,1,bacteria,2447,train,train
4650,train/PNEUMONIA/person67_bacteria_333.jpeg,PNEUMONIA,1,bacteria,2447,train,train
4651,train/PNEUMONIA/person67_bacteria_334.jpeg,PNEUMONIA,1,bacteria,2447,train,train
4652,train/PNEUMONIA/person680_bacteria_2575.jpeg,PNEUMONIA,1,bacteria,2458,train,test
4653,train/PNEUMONIA/person681_bacteria_2576.jpeg,PNEUMONIA,1,bacteria,2459,train,val
4654,train/PNEUMONIA/person681_virus_1272.jpeg,PNEUMONIA,1,virus,2459,train,val
4655,train/PNEUMONIA/person682_virus_1273.jpeg,PNEUMONIA,1,virus,2460,train,val
4656,train/PNEUMONIA/person683_bacteria_2578.jpeg,PNEUMONIA,1,bacteria,2461,train,val
4657,train/PNEUMONIA/person684_bacteria_2580.jpeg,PNEUMONIA,1,bacteria,2462,train,val
4658,train/PNEUMONIA/person684_virus_1275.jpeg,PNEUMONIA,1,virus,2462,train,val
4659,train/PNEUMONIA/person685_bacteria_2581.jpeg,PNEUMONIA,1,bacteria,2463,train,val
4660,train/PNEUMONIA/person687_bacteria_2583.jpeg,PNEUMONIA,1,bacteria,2464,train,train
4661,train/PNEUMONIA/person688_bacteria_2584.jpeg,PNEUMONIA,1,bacteria,2465,train,test
4662,train/PNEUMONIA/person688_virus_1281.jpeg,PNEUMONIA,1,virus,2465,train,test
4664,train/PNEUMONIA/person689_bacteria_2585.jpeg,PNEUMONIA,1,bacteria,2466,train,train
4665,train/PNEUMONIA/person689_bacteria_2586.jpeg,PNEUMONIA,1,bacteria,2466,train,train
4666,train/PNEUMONIA/person68_bacteria_335.jpeg,PNEUMONIA,1,bacteria,2457,train,train
4667,train/PNEUMONIA/person68_bacteria_336.jpeg,PNEUMONIA,1,bacteria,2457,train,train
4668,train/PNEUMONIA/person68_bacteria_337.jpeg,PNEUMONIA,1,bacteria,2457,train,train
4669,train/PNEUMONIA/person690_bacteria_2587.jpeg,PNEUMONIA,1,bacteria,2468,train,test
4670,train/PNEUMONIA/person691_bacteria_2588.jpeg,PNEUMONIA,1,bacteria,2469,train,val
4671,train/PNEUMONIA/person692_bacteria_2589.jpeg,PNEUMONIA,1,bacteria,2470,train,train
4672,train/PNEUMONIA/person692_virus_1286.jpeg,PNEUMONIA,1,virus,2470,train,train
4673,train/PNEUMONIA/person693_bacteria_2590.jpeg,PNEUMONIA,1,bacteria,2471,train,val
4674,train/PNEUMONIA/person696_bacteria_2594.jpeg,PNEUMONIA,1,bacteria,2472,train,test
4675,train/PNEUMONIA/person698_virus_1294.jpeg,PNEUMONIA,1,virus,2473,train,test
4676,train/PNEUMONIA/person699_bacteria_2598.jpeg,PNEUMONIA,1,bacteria,2474,train,train
4677,train/PNEUMONIA/person699_virus_1295.jpeg,PNEUMONIA,1,virus,2474,train,train
4678,train/PNEUMONIA/person69_bacteria_338.jpeg,PNEUMONIA,1,bacteria,2467,train,val
4679,train/PNEUMONIA/person6_bacteria_22.jpeg,PNEUMONIA,1,bacteria,2372,train,test
4680,train/PNEUMONIA/person700_bacteria_2599.jpeg,PNEUMONIA,1,bacteria,2477,train,test
4681,train/PNEUMONIA/person701_bacteria_2600.jpeg,PNEUMONIA,1,bacteria,2478,train,train
4682,train/PNEUMONIA/person701_virus_1297.jpeg,PNEUMONIA,1,virus,2478,train,train
4683,train/PNEUMONIA/person702_bacteria_2601.jpeg,PNEUMONIA,1,bacteria,2479,train,test
4684,train/PNEUMONIA/person702_virus_1299.jpeg,PNEUMONIA,1,virus,2479,train,test
4685,train/PNEUMONIA/person703_bacteria_2602.jpeg,PNEUMONIA,1,bacteria,2480,train,test
4686,train/PNEUMONIA/person703_virus_1300.jpeg,PNEUMONIA,1,virus,2480,train,test
4687,train/PNEUMONIA/person704_bacteria_2603.jpeg,PNEUMONIA,1,bacteria,2481,train,train
4688,train/PNEUMONIA/person704_virus_1301.jpeg,PNEUMONIA,1,virus,2481,train,train
4689,train/PNEUMONIA/person705_virus_1302.jpeg,PNEUMONIA,1,virus,2482,train,test
4690,train/PNEUMONIA/person705_virus_1303.jpeg,PNEUMONIA,1,virus,2482,train,test
4691,train/PNEUMONIA/person706_virus_1304.jpeg,PNEUMONIA,1,virus,2483,train,train
4692,train/PNEUMONIA/person707_bacteria_2606.jpeg,PNEUMONIA,1,bacteria,2484,train,train
4693,train/PNEUMONIA/person707_virus_1305.jpeg,PNEUMONIA,1,virus,2484,train,train
4694,train/PNEUMONIA/person709_bacteria_2608.jpeg,PNEUMONIA,1,bacteria,2485,train,train
4695,train/PNEUMONIA/person70_bacteria_341.jpeg,PNEUMONIA,1,bacteria,2476,train,train
4696,train/PNEUMONIA/person70_bacteria_342.jpeg,PNEUMONIA,1,bacteria,2476,train,train
4697,train/PNEUMONIA/person70_bacteria_343.jpeg,PNEUMONIA,1,bacteria,2476,train,train
4698,train/PNEUMONIA/person70_bacteria_344.jpeg,PNEUMONIA,1,bacteria,2476,train,train
4699,train/PNEUMONIA/person70_bacteria_345.jpeg,PNEUMONIA,1,bacteria,2476,train,train
4700,train/PNEUMONIA/person70_bacteria_346.jpeg,PNEUMONIA,1,bacteria,2476,train,train
4701,train/PNEUMONIA/person710_bacteria_2611.jpeg,PNEUMONIA,1,bacteria,2487,train,train
4702,train/PNEUMONIA/person710_virus_1308.jpeg,PNEUMONIA,1,virus,2487,train,train
4703,train/PNEUMONIA/person711_bacteria_2612.jpeg,PNEUMONIA,1,bacteria,2488,train,test
4704,train/PNEUMONIA/person711_virus_1309.jpeg,PNEUMONIA,1,virus,2488,train,test
4705,train/PNEUMONIA/person712_bacteria_2613.jpeg,PNEUMONIA,1,bacteria,2489,train,test
4706,train/PNEUMONIA/person712_virus_1310.jpeg,PNEUMONIA,1,virus,2489,train,test
4707,train/PNEUMONIA/person713_bacteria_2614.jpeg,PNEUMONIA,1,bacteria,2490,train,test
4708,train/PNEUMONIA/person714_bacteria_2615.jpeg,PNEUMONIA,1,bacteria,2491,train,train
4709,train/PNEUMONIA/person716_bacteria_2617.jpeg,PNEUMONIA,1,bacteria,2492,train,test
4710,train/PNEUMONIA/person716_virus_1314.jpeg,PNEUMONIA,1,virus,2492,train,test
4711,train/PNEUMONIA/person717_bacteria_2618.jpeg,PNEUMONIA,1,bacteria,2493,train,test
4712,train/PNEUMONIA/person718_bacteria_2620.jpeg,PNEUMONIA,1,bacteria,2494,train,train
4713,train/PNEUMONIA/person718_virus_1316.jpeg,PNEUMONIA,1,virus,2494,train,train
4714,train/PNEUMONIA/person719_bacteria_2621.jpeg,PNEUMONIA,1,bacteria,2495,train,test
4715,train/PNEUMONIA/person719_virus_1338.jpeg,PNEUMONIA,1,virus,2495,train,test
4716,train/PNEUMONIA/person71_bacteria_347.jpeg,PNEUMONIA,1,bacteria,2486,train,train
4717,train/PNEUMONIA/person71_bacteria_348.jpeg,PNEUMONIA,1,bacteria,2486,train,train
4718,train/PNEUMONIA/person71_bacteria_349.jpeg,PNEUMONIA,1,bacteria,2486,train,train
4719,train/PNEUMONIA/person71_bacteria_350.jpeg,PNEUMONIA,1,bacteria,2486,train,train
4720,train/PNEUMONIA/person71_bacteria_351.jpeg,PNEUMONIA,1,bacteria,2486,train,train
4721,train/PNEUMONIA/person720_bacteria_2622.jpeg,PNEUMONIA,1,bacteria,2497,train,val
4722,train/PNEUMONIA/person720_virus_1339.jpeg,PNEUMONIA,1,virus,2497,train,val
4723,train/PNEUMONIA/person721_bacteria_2623.jpeg,PNEUMONIA,1,bacteria,2498,train,test
4724,train/PNEUMONIA/person721_virus_1340.jpeg,PNEUMONIA,1,virus,2498,train,test
4725,train/PNEUMONIA/person722_virus_1341.jpeg,PNEUMONIA,1,virus,2499,train,val
4726,train/PNEUMONIA/person723_bacteria_2625.jpeg,PNEUMONIA,1,bacteria,2500,train,train
4727,train/PNEUMONIA/person723_virus_1342.jpeg,PNEUMONIA,1,virus,2500,train,train
4728,train/PNEUMONIA/person724_bacteria_2626.jpeg,PNEUMONIA,1,bacteria,2501,train,train
4729,train/PNEUMONIA/person724_virus_1343.jpeg,PNEUMONIA,1,virus,2501,train,train
4730,train/PNEUMONIA/person724_virus_1344.jpeg,PNEUMONIA,1,virus,2501,train,train
4731,train/PNEUMONIA/person725_bacteria_2627.jpeg,PNEUMONIA,1,bacteria,2502,train,test
4732,train/PNEUMONIA/person726_bacteria_2628.jpeg,PNEUMONIA,1,bacteria,2503,train,train
4733,train/PNEUMONIA/person727_bacteria_2629.jpeg,PNEUMONIA,1,bacteria,2504,train,train
4734,train/PNEUMONIA/person727_virus_1347.jpeg,PNEUMONIA,1,virus,2504,train,train
4735,train/PNEUMONIA/person728_bacteria_2630.jpeg,PNEUMONIA,1,bacteria,2505,train,test
4736,train/PNEUMONIA/person72_bacteria_352.jpeg,PNEUMONIA,1,bacteria,2496,train,train
4737,train/PNEUMONIA/person72_bacteria_353.jpeg,PNEUMONIA,1,bacteria,2496,train,train
4738,train/PNEUMONIA/person72_bacteria_354.jpeg,PNEUMONIA,1,bacteria,2496,train,train
4739,train/PNEUMONIA/person730_bacteria_2632.jpeg,PNEUMONIA,1,bacteria,2507,train,test
4740,train/PNEUMONIA/person730_virus_1351.jpeg,PNEUMONIA,1,virus,2507,train,test
4741,train/PNEUMONIA/person731_bacteria_2633.jpeg,PNEUMONIA,1,bacteria,2508,train,test
4742,train/PNEUMONIA/person731_virus_1352.jpeg,PNEUMONIA,1,virus,2508,train,test
4743,train/PNEUMONIA/person732_bacteria_2634.jpeg,PNEUMONIA,1,bacteria,2509,train,val
4744,train/PNEUMONIA/person732_virus_1353.jpeg,PNEUMONIA,1,virus,2509,train,val
4745,train/PNEUMONIA/person733_bacteria_2635.jpeg,PNEUMONIA,1,bacteria,2510,train,train
4746,train/PNEUMONIA/person734_bacteria_2637.jpeg,PNEUMONIA,1,bacteria,2511,train,val
4747,train/PNEUMONIA/person734_virus_1355.jpeg,PNEUMONIA,1,virus,2511,train,val
4748,train/PNEUMONIA/person735_bacteria_2638.jpeg,PNEUMONIA,1,bacteria,2512,train,val
4749,train/PNEUMONIA/person735_virus_1356.jpeg,PNEUMONIA,1,virus,2512,train,val
4750,train/PNEUMONIA/person736_bacteria_2639.jpeg,PNEUMONIA,1,bacteria,2513,train,train
4751,train/PNEUMONIA/person736_virus_1358.jpeg,PNEUMONIA,1,virus,2513,train,train
4752,train/PNEUMONIA/person737_bacteria_2640.jpeg,PNEUMONIA,1,bacteria,2514,train,test
4753,train/PNEUMONIA/person738_bacteria_2641.jpeg,PNEUMONIA,1,bacteria,2515,train,val
4754,train/PNEUMONIA/person738_virus_1360.jpeg,PNEUMONIA,1,virus,2515,train,val
4755,train/PNEUMONIA/person739_bacteria_2642.jpeg,PNEUMONIA,1,bacteria,2516,train,train
4756,train/PNEUMONIA/person739_virus_1361.jpeg,PNEUMONIA,1,virus,2516,train,train
4757,train/PNEUMONIA/person73_bacteria_355.jpeg,PNEUMONIA,1,bacteria,2506,train,train
4758,train/PNEUMONIA/person73_bacteria_356.jpeg,PNEUMONIA,1,bacteria,2506,train,train
4759,train/PNEUMONIA/person73_bacteria_357.jpeg,PNEUMONIA,1,bacteria,2506,train,train
4760,train/PNEUMONIA/person73_bacteria_358.jpeg,PNEUMONIA,1,bacteria,2506,train,train
4761,train/PNEUMONIA/person73_bacteria_359.jpeg,PNEUMONIA,1,bacteria,2506,train,train
4762,train/PNEUMONIA/person73_bacteria_360.jpeg,PNEUMONIA,1,bacteria,2506,train,train
4763,train/PNEUMONIA/person740_bacteria_2643.jpeg,PNEUMONIA,1,bacteria,2518,train,train
4764,train/PNEUMONIA/person740_virus_1362.jpeg,PNEUMONIA,1,virus,2518,train,train
4765,train/PNEUMONIA/person740_virus_1363.jpeg,PNEUMONIA,1,virus,2518,train,train
4766,train/PNEUMONIA/person741_bacteria_2644.jpeg,PNEUMONIA,1,bacteria,2519,train,test
4767,train/PNEUMONIA/person741_virus_1364.jpeg,PNEUMONIA,1,virus,2519,train,test
4768,train/PNEUMONIA/person742_virus_1365.jpeg,PNEUMONIA,1,virus,2520,train,train
4769,train/PNEUMONIA/person743_bacteria_2646.jpeg,PNEUMONIA,1,bacteria,2521,train,train
4770,train/PNEUMONIA/person743_virus_1366.jpeg,PNEUMONIA,1,virus,2521,train,train
4771,train/PNEUMONIA/person744_bacteria_2647.jpeg,PNEUMONIA,1,bacteria,2522,train,train
4772,train/PNEUMONIA/person744_virus_1367.jpeg,PNEUMONIA,1,virus,2522,train,train
4773,train/PNEUMONIA/person745_bacteria_2648.jpeg,PNEUMONIA,1,bacteria,2523,train,test
4774,train/PNEUMONIA/person745_virus_1368.jpeg,PNEUMONIA,1,virus,2523,train,test
4775,train/PNEUMONIA/person746_bacteria_2649.jpeg,PNEUMONIA,1,bacteria,2524,train,val
4776,train/PNEUMONIA/person746_virus_1369.jpeg,PNEUMONIA,1,virus,2524,train,val
4777,train/PNEUMONIA/person747_bacteria_2650.jpeg,PNEUMONIA,1,bacteria,2525,train,train
4778,train/PNEUMONIA/person747_virus_1370.jpeg,PNEUMONIA,1,virus,2525,train,train
4779,train/PNEUMONIA/person747_virus_1372.jpeg,PNEUMONIA,1,virus,2525,train,train
4780,train/PNEUMONIA/person748_virus_1373.jpeg,PNEUMONIA,1,virus,2526,train,val
4781,train/PNEUMONIA/person749_bacteria_2652.jpeg,PNEUMONIA,1,bacteria,2527,train,val
4782,train/PNEUMONIA/person749_virus_1374.jpeg,PNEUMONIA,1,virus,2527,train,val
4783,train/PNEUMONIA/person74_bacteria_361.jpeg,PNEUMONIA,1,bacteria,2517,train,train
4784,train/PNEUMONIA/person74_bacteria_362.jpeg,PNEUMONIA,1,bacteria,2517,train,train
4785,train/PNEUMONIA/person74_bacteria_363.jpeg,PNEUMONIA,1,bacteria,2517,train,train
4786,train/PNEUMONIA/person750_bacteria_2653.jpeg,PNEUMONIA,1,bacteria,2529,train,test
4787,train/PNEUMONIA/person751_bacteria_2654.jpeg,PNEUMONIA,1,bacteria,2530,train,test
4788,train/PNEUMONIA/person752_virus_1377.jpeg,PNEUMONIA,1,virus,2531,train,train
4789,train/PNEUMONIA/person753_bacteria_2656.jpeg,PNEUMONIA,1,bacteria,2532,train,train
4790,train/PNEUMONIA/person753_virus_1378.jpeg,PNEUMONIA,1,virus,2532,train,train
4791,train/PNEUMONIA/person754_virus_1379.jpeg,PNEUMONIA,1,virus,2533,train,train
4792,train/PNEUMONIA/person755_bacteria_2659.jpeg,PNEUMONIA,1,bacteria,2534,train,val
4793,train/PNEUMONIA/person755_virus_1380.jpeg,PNEUMONIA,1,virus,2534,train,val
4794,train/PNEUMONIA/person755_virus_1382.jpeg,PNEUMONIA,1,virus,2534,train,val
4795,train/PNEUMONIA/person756_bacteria_2660.jpeg,PNEUMONIA,1,bacteria,2535,train,test
4796,train/PNEUMONIA/person757_bacteria_2661.jpeg,PNEUMONIA,1,bacteria,2536,train,train
4797,train/PNEUMONIA/person757_virus_1385.jpeg,PNEUMONIA,1,virus,2536,train,train
4798,train/PNEUMONIA/person758_bacteria_2662.jpeg,PNEUMONIA,1,bacteria,2537,train,train
4799,train/PNEUMONIA/person759_bacteria_2663.jpeg,PNEUMONIA,1,bacteria,2538,train,val
4800,train/PNEUMONIA/person759_virus_1387.jpeg,PNEUMONIA,1,virus,2538,train,val
4801,train/PNEUMONIA/person75_bacteria_364.jpeg,PNEUMONIA,1,bacteria,2528,train,train
4802,train/PNEUMONIA/person75_bacteria_365.jpeg,PNEUMONIA,1,bacteria,2528,train,train
4803,train/PNEUMONIA/person75_bacteria_366.jpeg,PNEUMONIA,1,bacteria,2528,train,train
4804,train/PNEUMONIA/person75_bacteria_367.jpeg,PNEUMONIA,1,bacteria,2528,train,train
4805,train/PNEUMONIA/person75_bacteria_368.jpeg,PNEUMONIA,1,bacteria,2528,train,train
4806,train/PNEUMONIA/person75_bacteria_369.jpeg,PNEUMONIA,1,bacteria,2528,train,train
4807,train/PNEUMONIA/person760_bacteria_2664.jpeg,PNEUMONIA,1,bacteria,2540,train,test
4808,train/PNEUMONIA/person760_virus_1388.jpeg,PNEUMONIA,1,virus,2540,train,test
4809,train/PNEUMONIA/person761_bacteria_2665.jpeg,PNEUMONIA,1,bacteria,2541,train,val
4810,train/PNEUMONIA/person761_virus_1389.jpeg,PNEUMONIA,1,virus,2541,train,val
4811,train/PNEUMONIA/person762_virus_1390.jpeg,PNEUMONIA,1,virus,2542,train,train
4812,train/PNEUMONIA/person763_bacteria_2667.jpeg,PNEUMONIA,1,bacteria,2543,train,test
4813,train/PNEUMONIA/person763_virus_1391.jpeg,PNEUMONIA,1,virus,2543,train,test
4814,train/PNEUMONIA/person764_bacteria_2668.jpeg,PNEUMONIA,1,bacteria,2544,train,train
4815,train/PNEUMONIA/person764_virus_1392.jpeg,PNEUMONIA,1,virus,2544,train,train
4816,train/PNEUMONIA/person765_bacteria_2669.jpeg,PNEUMONIA,1,bacteria,2545,train,test
4817,train/PNEUMONIA/person765_virus_1393.jpeg,PNEUMONIA,1,virus,2545,train,test
4818,train/PNEUMONIA/person766_bacteria_2670.jpeg,PNEUMONIA,1,bacteria,2546,train,train
4819,train/PNEUMONIA/person767_bacteria_2671.jpeg,PNEUMONIA,1,bacteria,2547,train,test
4820,train/PNEUMONIA/person768_bacteria_2672.jpeg,PNEUMONIA,1,bacteria,2548,train,train
4821,train/PNEUMONIA/person768_virus_1396.jpeg,PNEUMONIA,1,virus,2548,train,train
4822,train/PNEUMONIA/person769_bacteria_2673.jpeg,PNEUMONIA,1,bacteria,2549,train,val
4823,train/PNEUMONIA/person76_bacteria_370.jpeg,PNEUMONIA,1,bacteria,2539,train,train
4824,train/PNEUMONIA/person76_bacteria_371.jpeg,PNEUMONIA,1,bacteria,2539,train,train
4825,train/PNEUMONIA/person76_bacteria_372.jpeg,PNEUMONIA,1,bacteria,2539,train,train
4826,train/PNEUMONIA/person770_bacteria_2674.jpeg,PNEUMONIA,1,bacteria,2551,train,train
4827,train/PNEUMONIA/person770_virus_1398.jpeg,PNEUMONIA,1,virus,2551,train,train
4828,train/PNEUMONIA/person771_bacteria_2675.jpeg,PNEUMONIA,1,bacteria,2552,train,val
4829,train/PNEUMONIA/person771_virus_1399.jpeg,PNEUMONIA,1,virus,2552,train,val
4830,train/PNEUMONIA/person772_virus_1401.jpeg,PNEUMONIA,1,virus,2553,train,test
4831,train/PNEUMONIA/person773_virus_1402.jpeg,PNEUMONIA,1,virus,2554,train,val
4832,train/PNEUMONIA/person774_bacteria_2678.jpeg,PNEUMONIA,1,bacteria,2555,train,train
4833,train/PNEUMONIA/person774_virus_1403.jpeg,PNEUMONIA,1,virus,2555,train,train
4834,train/PNEUMONIA/person775_bacteria_2679.jpeg,PNEUMONIA,1,bacteria,2556,train,test
4835,train/PNEUMONIA/person775_virus_1404.jpeg,PNEUMONIA,1,virus,2556,train,test
4836,train/PNEUMONIA/person776_bacteria_2680.jpeg,PNEUMONIA,1,bacteria,2557,train,val
4837,train/PNEUMONIA/person776_virus_1405.jpeg,PNEUMONIA,1,virus,2557,train,val
4838,train/PNEUMONIA/person778_bacteria_2682.jpeg,PNEUMONIA,1,bacteria,2558,train,test
4839,train/PNEUMONIA/person778_virus_1408.jpeg,PNEUMONIA,1,virus,2558,train,test
4840,train/PNEUMONIA/person779_bacteria_2683.jpeg,PNEUMONIA,1,bacteria,2559,train,train
4841,train/PNEUMONIA/person779_virus_1409.jpeg,PNEUMONIA,1,virus,2559,train,train
4842,train/PNEUMONIA/person779_virus_1410.jpeg,PNEUMONIA,1,virus,2559,train,train
4843,train/PNEUMONIA/person77_bacteria_374.jpeg,PNEUMONIA,1,bacteria,2550,train,train
4844,train/PNEUMONIA/person77_bacteria_375.jpeg,PNEUMONIA,1,bacteria,2550,train,train
4845,train/PNEUMONIA/person77_bacteria_376.jpeg,PNEUMONIA,1,bacteria,2550,train,train
4846,train/PNEUMONIA/person77_bacteria_377.jpeg,PNEUMONIA,1,bacteria,2550,train,train
4847,train/PNEUMONIA/person780_bacteria_2684.jpeg,PNEUMONIA,1,bacteria,2561,train,test
4848,train/PNEUMONIA/person780_virus_1411.jpeg,PNEUMONIA,1,virus,2561,train,test
4849,train/PNEUMONIA/person781_virus_1412.jpeg,PNEUMONIA,1,virus,2562,train,test
4850,train/PNEUMONIA/person782_bacteria_2686.jpeg,PNEUMONIA,1,bacteria,2563,train,val
4851,train/PNEUMONIA/person783_bacteria_2687.jpeg,PNEUMONIA,1,bacteria,2564,train,test
4852,train/PNEUMONIA/person783_virus_1414.jpeg,PNEUMONIA,1,virus,2564,train,test
4853,train/PNEUMONIA/person785_bacteria_2689.jpeg,PNEUMONIA,1,bacteria,2565,train,test
4854,train/PNEUMONIA/person786_bacteria_2690.jpeg,PNEUMONIA,1,bacteria,2566,train,val
4855,train/PNEUMONIA/person787_bacteria_2691.jpeg,PNEUMONIA,1,bacteria,2567,train,train
4856,train/PNEUMONIA/person788_virus_1419.jpeg,PNEUMONIA,1,virus,2568,train,test
4857,train/PNEUMONIA/person789_bacteria_2694.jpeg,PNEUMONIA,1,bacteria,2569,train,val
4858,train/PNEUMONIA/person789_virus_1420.jpeg,PNEUMONIA,1,virus,2569,train,val
4859,train/PNEUMONIA/person790_virus_1421.jpeg,PNEUMONIA,1,virus,2571,train,test
4860,train/PNEUMONIA/person791_virus_1422.jpeg,PNEUMONIA,1,virus,2572,train,val
4861,train/PNEUMONIA/person793_virus_1424.jpeg,PNEUMONIA,1,virus,2573,train,train
4862,train/PNEUMONIA/person794_bacteria_2700.jpeg,PNEUMONIA,1,bacteria,2574,train,val
4863,train/PNEUMONIA/person795_virus_1427.jpeg,PNEUMONIA,1,virus,2575,train,train
4864,train/PNEUMONIA/person796_bacteria_2702.jpeg,PNEUMONIA,1,bacteria,2576,train,train
4865,train/PNEUMONIA/person796_virus_1428.jpeg,PNEUMONIA,1,virus,2576,train,train
4866,train/PNEUMONIA/person797_virus_1429.jpeg,PNEUMONIA,1,virus,2577,train,train
4867,train/PNEUMONIA/person798_virus_1430.jpeg,PNEUMONIA,1,virus,2578,train,val
4868,train/PNEUMONIA/person799_bacteria_2705.jpeg,PNEUMONIA,1,bacteria,2579,train,val
4869,train/PNEUMONIA/person799_virus_1431.jpeg,PNEUMONIA,1,virus,2579,train,val
4870,train/PNEUMONIA/person7_bacteria_24.jpeg,PNEUMONIA,1,bacteria,2475,train,train
4871,train/PNEUMONIA/person7_bacteria_25.jpeg,PNEUMONIA,1,bacteria,2475,train,train
4872,train/PNEUMONIA/person7_bacteria_28.jpeg,PNEUMONIA,1,bacteria,2475,train,train
4873,train/PNEUMONIA/person7_bacteria_29.jpeg,PNEUMONIA,1,bacteria,2475,train,train
4874,train/PNEUMONIA/person800_bacteria_2706.jpeg,PNEUMONIA,1,bacteria,2582,train,val
4875,train/PNEUMONIA/person801_virus_1434.jpeg,PNEUMONIA,1,virus,2583,train,train
4876,train/PNEUMONIA/person802_bacteria_2708.jpeg,PNEUMONIA,1,bacteria,2584,train,test
4877,train/PNEUMONIA/person803_bacteria_2710.jpeg,PNEUMONIA,1,bacteria,2585,train,test
4878,train/PNEUMONIA/person803_virus_1436.jpeg,PNEUMONIA,1,virus,2585,train,test
4879,train/PNEUMONIA/person804_bacteria_2711.jpeg,PNEUMONIA,1,bacteria,2586,train,val
4880,train/PNEUMONIA/person805_bacteria_2712.jpeg,PNEUMONIA,1,bacteria,2587,train,test
4881,train/PNEUMONIA/person806_virus_1439.jpeg,PNEUMONIA,1,virus,2588,train,test
4882,train/PNEUMONIA/person806_virus_1440.jpeg,PNEUMONIA,1,virus,2588,train,test
4883,train/PNEUMONIA/person807_virus_1441.jpeg,PNEUMONIA,1,virus,2589,train,train
4884,train/PNEUMONIA/person808_bacteria_2716.jpeg,PNEUMONIA,1,bacteria,2590,train,train
4885,train/PNEUMONIA/person808_virus_1442.jpeg,PNEUMONIA,1,virus,2590,train,train
4886,train/PNEUMONIA/person809_bacteria_2717.jpeg,PNEUMONIA,1,bacteria,2591,train,val
4887,train/PNEUMONIA/person809_bacteria_2718.jpeg,PNEUMONIA,1,bacteria,2591,train,val
4888,train/PNEUMONIA/person80_virus_150.jpeg,PNEUMONIA,1,virus,2581,train,train
4889,train/PNEUMONIA/person810_bacteria_2719.jpeg,PNEUMONIA,1,bacteria,2593,train,train
4890,train/PNEUMONIA/person810_virus_1445.jpeg,PNEUMONIA,1,virus,2593,train,train
4891,train/PNEUMONIA/person810_virus_1446.jpeg,PNEUMONIA,1,virus,2593,train,train
4892,train/PNEUMONIA/person811_bacteria_2721.jpeg,PNEUMONIA,1,bacteria,2594,train,train
4893,train/PNEUMONIA/person811_virus_1447.jpeg,PNEUMONIA,1,virus,2594,train,train
4894,train/PNEUMONIA/person813_bacteria_2723.jpeg,PNEUMONIA,1,bacteria,2595,train,test
4895,train/PNEUMONIA/person813_bacteria_2724.jpeg,PNEUMONIA,1,bacteria,2595,train,test
4896,train/PNEUMONIA/person813_virus_1449.jpeg,PNEUMONIA,1,virus,2595,train,test
4897,train/PNEUMONIA/person814_bacteria_2725.jpeg,PNEUMONIA,1,bacteria,2596,train,val
4898,train/PNEUMONIA/person815_bacteria_2726.jpeg,PNEUMONIA,1,bacteria,2597,train,train
4899,train/PNEUMONIA/person816_bacteria_2727.jpeg,PNEUMONIA,1,bacteria,2598,train,train
4900,train/PNEUMONIA/person817_bacteria_2728.jpeg,PNEUMONIA,1,bacteria,2599,train,train
4901,train/PNEUMONIA/person818_bacteria_2729.jpeg,PNEUMONIA,1,bacteria,2600,train,val
4902,train/PNEUMONIA/person819_bacteria_2730.jpeg,PNEUMONIA,1,bacteria,2601,train,test
4903,train/PNEUMONIA/person819_virus_1455.jpeg,PNEUMONIA,1,virus,2601,train,test
4904,train/PNEUMONIA/person81_virus_152.jpeg,PNEUMONIA,1,virus,2592,train,train
4905,train/PNEUMONIA/person81_virus_153.jpeg,PNEUMONIA,1,virus,2592,train,train
4906,train/PNEUMONIA/person820_bacteria_2731.jpeg,PNEUMONIA,1,bacteria,2603,train,val
4907,train/PNEUMONIA/person820_virus_1456.jpeg,PNEUMONIA,1,virus,2603,train,val
4908,train/PNEUMONIA/person823_virus_1459.jpeg,PNEUMONIA,1,virus,2604,train,val
4909,train/PNEUMONIA/person825_bacteria_2736.jpeg,PNEUMONIA,1,bacteria,2605,train,train
4910,train/PNEUMONIA/person826_bacteria_2737.jpeg,PNEUMONIA,1,bacteria,2606,train,train
4911,train/PNEUMONIA/person826_virus_1462.jpeg,PNEUMONIA,1,virus,2606,train,train
4912,train/PNEUMONIA/person827_bacteria_2738.jpeg,PNEUMONIA,1,bacteria,2607,train,val
4913,train/PNEUMONIA/person829_bacteria_2740.jpeg,PNEUMONIA,1,bacteria,2608,train,val
4914,train/PNEUMONIA/person82_virus_154.jpeg,PNEUMONIA,1,virus,2602,train,train
4915,train/PNEUMONIA/person82_virus_155.jpeg,PNEUMONIA,1,virus,2602,train,train
4916,train/PNEUMONIA/person830_bacteria_2741.jpeg,PNEUMONIA,1,bacteria,2610,train,val
4917,train/PNEUMONIA/person830_virus_1466.jpeg,PNEUMONIA,1,virus,2610,train,val
4918,train/PNEUMONIA/person831_bacteria_2742.jpeg,PNEUMONIA,1,bacteria,2611,train,train
4919,train/PNEUMONIA/person832_bacteria_2743.jpeg,PNEUMONIA,1,bacteria,2612,train,train
4920,train/PNEUMONIA/person832_virus_1468.jpeg,PNEUMONIA,1,virus,2612,train,train
4921,train/PNEUMONIA/person833_virus_1469.jpeg,PNEUMONIA,1,virus,2613,train,train
4922,train/PNEUMONIA/person834_bacteria_2747.jpeg,PNEUMONIA,1,bacteria,2614,train,train
4924,train/PNEUMONIA/person835_bacteria_2749.jpeg,PNEUMONIA,1,bacteria,2615,train,val
4925,train/PNEUMONIA/person835_bacteria_2750.jpeg,PNEUMONIA,1,bacteria,2615,train,val
4926,train/PNEUMONIA/person835_virus_1472.jpeg,PNEUMONIA,1,virus,2615,train,val
4927,train/PNEUMONIA/person836_bacteria_2752.jpeg,PNEUMONIA,1,bacteria,2616,train,test
4928,train/PNEUMONIA/person836_virus_1473.jpeg,PNEUMONIA,1,virus,2616,train,test
4929,train/PNEUMONIA/person837_bacteria_2753.jpeg,PNEUMONIA,1,bacteria,2617,train,test
4930,train/PNEUMONIA/person837_bacteria_2754.jpeg,PNEUMONIA,1,bacteria,2617,train,test
4931,train/PNEUMONIA/person837_virus_1475.jpeg,PNEUMONIA,1,virus,2617,train,test
4932,train/PNEUMONIA/person838_virus_1476.jpeg,PNEUMONIA,1,virus,2618,train,val
4933,train/PNEUMONIA/person839_bacteria_2757.jpeg,PNEUMONIA,1,bacteria,2619,train,test
4934,train/PNEUMONIA/person83_virus_156.jpeg,PNEUMONIA,1,virus,2609,train,train
4935,train/PNEUMONIA/person840_bacteria_2758.jpeg,PNEUMONIA,1,bacteria,2621,train,train
4936,train/PNEUMONIA/person840_bacteria_2759.jpeg,PNEUMONIA,1,bacteria,2621,train,train
4937,train/PNEUMONIA/person841_bacteria_2760.jpeg,PNEUMONIA,1,bacteria,2622,train,train
4938,train/PNEUMONIA/person841_bacteria_2761.jpeg,PNEUMONIA,1,bacteria,2622,train,train
4939,train/PNEUMONIA/person841_virus_1481.jpeg,PNEUMONIA,1,virus,2622,train,train
4940,train/PNEUMONIA/person842_bacteria_2762.jpeg,PNEUMONIA,1,bacteria,2623,train,test
4941,train/PNEUMONIA/person842_virus_1483.jpeg,PNEUMONIA,1,virus,2623,train,test
4942,train/PNEUMONIA/person843_bacteria_2763.jpeg,PNEUMONIA,1,bacteria,2624,train,test
4943,train/PNEUMONIA/person843_virus_1485.jpeg,PNEUMONIA,1,virus,2624,train,test
4944,train/PNEUMONIA/person844_virus_1487.jpeg,PNEUMONIA,1,virus,2625,train,val
4945,train/PNEUMONIA/person845_virus_1489.jpeg,PNEUMONIA,1,virus,2626,train,train
4946,train/PNEUMONIA/person846_bacteria_2766.jpeg,PNEUMONIA,1,bacteria,2627,train,val
4947,train/PNEUMONIA/person846_virus_1491.jpeg,PNEUMONIA,1,virus,2627,train,val
4948,train/PNEUMONIA/person847_bacteria_2767.jpeg,PNEUMONIA,1,bacteria,2628,train,test
4949,train/PNEUMONIA/person847_virus_1492.jpeg,PNEUMONIA,1,virus,2628,train,test
4950,train/PNEUMONIA/person848_bacteria_2769.jpeg,PNEUMONIA,1,bacteria,2629,train,test
4951,train/PNEUMONIA/person848_virus_1493.jpeg,PNEUMONIA,1,virus,2629,train,test
4952,train/PNEUMONIA/person849_bacteria_2770.jpeg,PNEUMONIA,1,bacteria,2630,train,test
4953,train/PNEUMONIA/person849_virus_1494.jpeg,PNEUMONIA,1,virus,2630,train,test
4954,train/PNEUMONIA/person84_virus_157.jpeg,PNEUMONIA,1,virus,2620,train,test
4955,train/PNEUMONIA/person850_bacteria_2771.jpeg,PNEUMONIA,1,bacteria,2632,train,test
4956,train/PNEUMONIA/person851_virus_1496.jpeg,PNEUMONIA,1,virus,2633,train,train
4957,train/PNEUMONIA/person852_virus_1497.jpeg,PNEUMONIA,1,virus,2634,train,val
4958,train/PNEUMONIA/person853_bacteria_2774.jpeg,PNEUMONIA,1,bacteria,2635,train,train
4959,train/PNEUMONIA/person853_bacteria_2775.jpeg,PNEUMONIA,1,bacteria,2635,train,train
4960,train/PNEUMONIA/person853_virus_1498.jpeg,PNEUMONIA,1,virus,2635,train,train
4961,train/PNEUMONIA/person854_bacteria_2776.jpeg,PNEUMONIA,1,bacteria,2636,train,train
4962,train/PNEUMONIA/person855_bacteria_2777.jpeg,PNEUMONIA,1,bacteria,2637,train,test
4963,train/PNEUMONIA/person855_virus_1500.jpeg,PNEUMONIA,1,virus,2637,train,test
4964,train/PNEUMONIA/person858_bacteria_2780.jpeg,PNEUMONIA,1,bacteria,2638,train,train
4965,train/PNEUMONIA/person859_virus_1504.jpeg,PNEUMONIA,1,virus,2639,train,val
4966,train/PNEUMONIA/person860_virus_1505.jpeg,PNEUMONIA,1,virus,2641,train,val
4967,train/PNEUMONIA/person861_virus_1506.jpeg,PNEUMONIA,1,virus,2642,train,val
4968,train/PNEUMONIA/person862_bacteria_2784.jpeg,PNEUMONIA,1,bacteria,2643,train,test
4969,train/PNEUMONIA/person862_virus_1507.jpeg,PNEUMONIA,1,virus,2643,train,test
4970,train/PNEUMONIA/person863_bacteria_2785.jpeg,PNEUMONIA,1,bacteria,2644,train,test
4971,train/PNEUMONIA/person863_virus_1508.jpeg,PNEUMONIA,1,virus,2644,train,test
4972,train/PNEUMONIA/person864_virus_1509.jpeg,PNEUMONIA,1,virus,2645,train,train
4973,train/PNEUMONIA/person866_bacteria_2788.jpeg,PNEUMONIA,1,bacteria,2646,train,test
4974,train/PNEUMONIA/person866_virus_1511.jpeg,PNEUMONIA,1,virus,2646,train,test
4975,train/PNEUMONIA/person867_bacteria_2789.jpeg,PNEUMONIA,1,bacteria,2647,train,val
4976,train/PNEUMONIA/person867_virus_1512.jpeg,PNEUMONIA,1,virus,2647,train,val
4977,train/PNEUMONIA/person868_virus_1513.jpeg,PNEUMONIA,1,virus,2648,train,val
4978,train/PNEUMONIA/person868_virus_1514.jpeg,PNEUMONIA,1,virus,2648,train,val
4979,train/PNEUMONIA/person86_virus_159.jpeg,PNEUMONIA,1,virus,2640,train,train
4980,train/PNEUMONIA/person870_bacteria_2792.jpeg,PNEUMONIA,1,bacteria,2650,train,test
4981,train/PNEUMONIA/person870_virus_1516.jpeg,PNEUMONIA,1,virus,2650,train,test
4982,train/PNEUMONIA/person871_bacteria_2793.jpeg,PNEUMONIA,1,bacteria,2651,train,test
4983,train/PNEUMONIA/person871_virus_1517.jpeg,PNEUMONIA,1,virus,2651,train,test
4984,train/PNEUMONIA/person872_bacteria_2795.jpeg,PNEUMONIA,1,bacteria,2652,train,val
4985,train/PNEUMONIA/person873_bacteria_2796.jpeg,PNEUMONIA,1,bacteria,2653,train,val
4986,train/PNEUMONIA/person874_bacteria_2797.jpeg,PNEUMONIA,1,bacteria,2654,train,test
4987,train/PNEUMONIA/person875_bacteria_2798.jpeg,PNEUMONIA,1,bacteria,2655,train,val
4988,train/PNEUMONIA/person876_bacteria_2799.jpeg,PNEUMONIA,1,bacteria,2656,train,train
4989,train/PNEUMONIA/person877_bacteria_2800.jpeg,PNEUMONIA,1,bacteria,2657,train,test
4990,train/PNEUMONIA/person877_virus_1525.jpeg,PNEUMONIA,1,virus,2657,train,test
4991,train/PNEUMONIA/person878_bacteria_2801.jpeg,PNEUMONIA,1,bacteria,2658,train,train
4992,train/PNEUMONIA/person878_virus_1526.jpeg,PNEUMONIA,1,virus,2658,train,train
4993,train/PNEUMONIA/person87_virus_160.jpeg,PNEUMONIA,1,virus,2649,train,train
4994,train/PNEUMONIA/person880_bacteria_2804.jpeg,PNEUMONIA,1,bacteria,2660,train,test
4995,train/PNEUMONIA/person880_virus_1529.jpeg,PNEUMONIA,1,virus,2660,train,test
4996,train/PNEUMONIA/person881_bacteria_2805.jpeg,PNEUMONIA,1,bacteria,2661,train,test
4997,train/PNEUMONIA/person881_virus_1531.jpeg,PNEUMONIA,1,virus,2661,train,test
4998,train/PNEUMONIA/person882_bacteria_2806.jpeg,PNEUMONIA,1,bacteria,2662,train,test
4999,train/PNEUMONIA/person883_bacteria_2807.jpeg,PNEUMONIA,1,bacteria,2663,train,test
5000,train/PNEUMONIA/person883_virus_1533.jpeg,PNEUMONIA,1,virus,2663,train,test
5001,train/PNEUMONIA/person884_bacteria_2808.jpeg,PNEUMONIA,1,bacteria,2664,train,val
5002,train/PNEUMONIA/person884_virus_1534.jpeg,PNEUMONIA,1,virus,2664,train,val
5003,train/PNEUMONIA/person885_bacteria_2809.jpeg,PNEUMONIA,1,bacteria,2665,train,val
5004,train/PNEUMONIA/person886_bacteria_2810.jpeg,PNEUMONIA,1,bacteria,2666,train,val
5005,train/PNEUMONIA/person886_virus_1536.jpeg,PNEUMONIA,1,virus,2666,train,val
5006,train/PNEUMONIA/person887_bacteria_2811.jpeg,PNEUMONIA,1,bacteria,2667,train,test
5007,train/PNEUMONIA/person888_bacteria_2812.jpeg,PNEUMONIA,1,bacteria,2668,train,test
5008,train/PNEUMONIA/person888_virus_1538.jpeg,PNEUMONIA,1,virus,2668,train,test
5009,train/PNEUMONIA/person889_bacteria_2813.jpeg,PNEUMONIA,1,bacteria,2669,train,val
5010,train/PNEUMONIA/person88_virus_161.jpeg,PNEUMONIA,1,virus,2659,train,train
5011,train/PNEUMONIA/person88_virus_163.jpeg,PNEUMONIA,1,virus,2659,train,train
5012,train/PNEUMONIA/person88_virus_164.jpeg,PNEUMONIA,1,virus,2659,train,train
5013,train/PNEUMONIA/person88_virus_165.jpeg,PNEUMONIA,1,virus,2659,train,train
5014,train/PNEUMONIA/person88_virus_166.jpeg,PNEUMONIA,1,virus,2659,train,train
5015,train/PNEUMONIA/person88_virus_167.jpeg,PNEUMONIA,1,virus,2659,train,train
5016,train/PNEUMONIA/person890_bacteria_2814.jpeg,PNEUMONIA,1,bacteria,2671,train,test
5017,train/PNEUMONIA/person890_virus_1540.jpeg,PNEUMONIA,1,virus,2671,train,test
5018,train/PNEUMONIA/person891_virus_1541.jpeg,PNEUMONIA,1,virus,2672,train,test
5019,train/PNEUMONIA/person892_bacteria_2817.jpeg,PNEUMONIA,1,bacteria,2673,train,test
5020,train/PNEUMONIA/person893_bacteria_2818.jpeg,PNEUMONIA,1,bacteria,2674,train,train
5021,train/PNEUMONIA/person894_bacteria_2819.jpeg,PNEUMONIA,1,bacteria,2675,train,train
5022,train/PNEUMONIA/person894_virus_1546.jpeg,PNEUMONIA,1,virus,2675,train,train
5023,train/PNEUMONIA/person895_bacteria_2820.jpeg,PNEUMONIA,1,bacteria,2676,train,test
5024,train/PNEUMONIA/person895_virus_1547.jpeg,PNEUMONIA,1,virus,2676,train,test
5025,train/PNEUMONIA/person896_bacteria_2821.jpeg,PNEUMONIA,1,bacteria,2677,train,val
5026,train/PNEUMONIA/person896_virus_1548.jpeg,PNEUMONIA,1,virus,2677,train,val
5027,train/PNEUMONIA/person897_bacteria_2822.jpeg,PNEUMONIA,1,bacteria,2678,train,test
5028,train/PNEUMONIA/person898_bacteria_2823.jpeg,PNEUMONIA,1,bacteria,2679,train,test
5029,train/PNEUMONIA/person898_virus_1552.jpeg,PNEUMONIA,1,virus,2679,train,test
5030,train/PNEUMONIA/person899_virus_1553.jpeg,PNEUMONIA,1,virus,2680,train,train
5031,train/PNEUMONIA/person89_virus_168.jpeg,PNEUMONIA,1,virus,2670,train,val
5032,train/PNEUMONIA/person8_bacteria_37.jpeg,PNEUMONIA,1,bacteria,2580,train,train
5033,train/PNEUMONIA/person900_virus_1554.jpeg,PNEUMONIA,1,virus,2683,train,train
5034,train/PNEUMONIA/person901_virus_1555.jpeg,PNEUMONIA,1,virus,2684,train,val
5035,train/PNEUMONIA/person902_bacteria_2827.jpeg,PNEUMONIA,1,bacteria,2685,train,val
5036,train/PNEUMONIA/person903_bacteria_2828.jpeg,PNEUMONIA,1,bacteria,2686,train,val
5037,train/PNEUMONIA/person904_bacteria_2829.jpeg,PNEUMONIA,1,bacteria,2687,train,test
5038,train/PNEUMONIA/person905_bacteria_2830.jpeg,PNEUMONIA,1,bacteria,2688,train,test
5039,train/PNEUMONIA/person905_virus_1561.jpeg,PNEUMONIA,1,virus,2688,train,test
5040,train/PNEUMONIA/person906_bacteria_2831.jpeg,PNEUMONIA,1,bacteria,2689,train,val
5041,train/PNEUMONIA/person906_virus_1562.jpeg,PNEUMONIA,1,virus,2689,train,val
5042,train/PNEUMONIA/person907_bacteria_2832.jpeg,PNEUMONIA,1,bacteria,2690,train,test
5043,train/PNEUMONIA/person907_virus_1563.jpeg,PNEUMONIA,1,virus,2690,train,test
5044,train/PNEUMONIA/person908_virus_1564.jpeg,PNEUMONIA,1,virus,2691,train,train
5045,train/PNEUMONIA/person909_bacteria_2834.jpeg,PNEUMONIA,1,bacteria,2692,train,val
5046,train/PNEUMONIA/person909_virus_1565.jpeg,PNEUMONIA,1,virus,2692,train,val
5047,train/PNEUMONIA/person90_virus_169.jpeg,PNEUMONIA,1,virus,2682,train,train
5048,train/PNEUMONIA/person90_virus_170.jpeg,PNEUMONIA,1,virus,2682,train,train
5049,train/PNEUMONIA/person911_bacteria_2836.jpeg,PNEUMONIA,1,bacteria,2694,train,train
5050,train/PNEUMONIA/person911_virus_1567.jpeg,PNEUMONIA,1,virus,2694,train,train
5051,train/PNEUMONIA/person912_bacteria_2837.jpeg,PNEUMONIA,1,bacteria,2695,train,val
5052,train/PNEUMONIA/person913_bacteria_2838.jpeg,PNEUMONIA,1,bacteria,2696,train,train
5053,train/PNEUMONIA/person913_virus_1570.jpeg,PNEUMONIA,1,virus,2696,train,train
5054,train/PNEUMONIA/person914_bacteria_2839.jpeg,PNEUMONIA,1,bacteria,2697,train,test
5055,train/PNEUMONIA/person914_virus_1571.jpeg,PNEUMONIA,1,virus,2697,train,test
5056,train/PNEUMONIA/person915_virus_1572.jpeg,PNEUMONIA,1,virus,2698,train,test
5057,train/PNEUMONIA/person916_bacteria_2841.jpeg,PNEUMONIA,1,bacteria,2699,train,test
5058,train/PNEUMONIA/person917_bacteria_2842.jpeg,PNEUMONIA,1,bacteria,2700,train,train
5059,train/PNEUMONIA/person918_bacteria_2843.jpeg,PNEUMONIA,1,bacteria,2701,train,train
5060,train/PNEUMONIA/person918_virus_1575.jpeg,PNEUMONIA,1,virus,2701,train,train
5061,train/PNEUMONIA/person919_bacteria_2844.jpeg,PNEUMONIA,1,bacteria,2702,train,val
5062,train/PNEUMONIA/person919_virus_1576.jpeg,PNEUMONIA,1,virus,2702,train,val
5063,train/PNEUMONIA/person920_bacteria_2845.jpeg,PNEUMONIA,1,bacteria,2704,train,train
5064,train/PNEUMONIA/person920_virus_1577.jpeg,PNEUMONIA,1,virus,2704,train,train
5065,train/PNEUMONIA/person921_bacteria_2846.jpeg,PNEUMONIA,1,bacteria,2705,train,val
5066,train/PNEUMONIA/person921_virus_1578.jpeg,PNEUMONIA,1,virus,2705,train,val
5067,train/PNEUMONIA/person922_bacteria_2847.jpeg,PNEUMONIA,1,bacteria,2706,train,train
5068,train/PNEUMONIA/person923_bacteria_2848.jpeg,PNEUMONIA,1,bacteria,2707,train,val
5069,train/PNEUMONIA/person924_bacteria_2849.jpeg,PNEUMONIA,1,bacteria,2708,train,train
5070,train/PNEUMONIA/person924_virus_1581.jpeg,PNEUMONIA,1,virus,2708,train,train
5071,train/PNEUMONIA/person925_bacteria_2850.jpeg,PNEUMONIA,1,bacteria,2709,train,train
5072,train/PNEUMONIA/person925_virus_1582.jpeg,PNEUMONIA,1,virus,2709,train,train
5073,train/PNEUMONIA/person926_virus_1583.jpeg,PNEUMONIA,1,virus,2710,train,train
5074,train/PNEUMONIA/person927_bacteria_2852.jpeg,PNEUMONIA,1,bacteria,2711,train,test
5075,train/PNEUMONIA/person927_virus_1584.jpeg,PNEUMONIA,1,virus,2711,train,test
5076,train/PNEUMONIA/person928_virus_1586.jpeg,PNEUMONIA,1,virus,2712,train,train
5077,train/PNEUMONIA/person929_bacteria_2854.jpeg,PNEUMONIA,1,bacteria,2713,train,val
5078,train/PNEUMONIA/person929_virus_1588.jpeg,PNEUMONIA,1,virus,2713,train,val
5079,train/PNEUMONIA/person929_virus_1589.jpeg,PNEUMONIA,1,virus,2713,train,val
5080,train/PNEUMONIA/person92_virus_174.jpeg,PNEUMONIA,1,virus,2703,train,test
5081,train/PNEUMONIA/person930_bacteria_2855.jpeg,PNEUMONIA,1,bacteria,2715,train,val
5082,train/PNEUMONIA/person931_bacteria_2856.jpeg,PNEUMONIA,1,bacteria,2716,train,val
5083,train/PNEUMONIA/person931_virus_1592.jpeg,PNEUMONIA,1,virus,2716,train,val
5084,train/PNEUMONIA/person932_virus_1593.jpeg,PNEUMONIA,1,virus,2717,train,val
5085,train/PNEUMONIA/person933_bacteria_2858.jpeg,PNEUMONIA,1,bacteria,2718,train,train
5086,train/PNEUMONIA/person933_virus_1594.jpeg,PNEUMONIA,1,virus,2718,train,train
5087,train/PNEUMONIA/person934_bacteria_2859.jpeg,PNEUMONIA,1,bacteria,2719,train,val
5088,train/PNEUMONIA/person934_virus_1595.jpeg,PNEUMONIA,1,virus,2719,train,val
5089,train/PNEUMONIA/person935_virus_1597.jpeg,PNEUMONIA,1,virus,2720,train,train
5090,train/PNEUMONIA/person936_bacteria_2861.jpeg,PNEUMONIA,1,bacteria,2721,train,val
5091,train/PNEUMONIA/person936_virus_1598.jpeg,PNEUMONIA,1,virus,2721,train,val
5092,train/PNEUMONIA/person937_bacteria_2862.jpeg,PNEUMONIA,1,bacteria,2722,train,val
5093,train/PNEUMONIA/person937_virus_1599.jpeg,PNEUMONIA,1,virus,2722,train,val
5094,train/PNEUMONIA/person938_bacteria_2863.jpeg,PNEUMONIA,1,bacteria,2723,train,test
5095,train/PNEUMONIA/person938_virus_1600.jpeg,PNEUMONIA,1,virus,2723,train,test
5096,train/PNEUMONIA/person939_bacteria_2864.jpeg,PNEUMONIA,1,bacteria,2724,train,train
5097,train/PNEUMONIA/person93_virus_175.jpeg,PNEUMONIA,1,virus,2714,train,train
5098,train/PNEUMONIA/person940_bacteria_2865.jpeg,PNEUMONIA,1,bacteria,2726,train,train
5099,train/PNEUMONIA/person940_virus_1602.jpeg,PNEUMONIA,1,virus,2726,train,train
5100,train/PNEUMONIA/person940_virus_1604.jpeg,PNEUMONIA,1,virus,2726,train,train
5101,train/PNEUMONIA/person940_virus_1605.jpeg,PNEUMONIA,1,virus,2726,train,train
5102,train/PNEUMONIA/person940_virus_1607.jpeg,PNEUMONIA,1,virus,2726,train,train
5103,train/PNEUMONIA/person940_virus_1609.jpeg,PNEUMONIA,1,virus,2726,train,train
5104,train/PNEUMONIA/person941_virus_1610.jpeg,PNEUMONIA,1,virus,2727,train,train
5105,train/PNEUMONIA/person942_bacteria_2867.jpeg,PNEUMONIA,1,bacteria,2728,train,test
5106,train/PNEUMONIA/person942_virus_1611.jpeg,PNEUMONIA,1,virus,2728,train,test
5107,train/PNEUMONIA/person943_bacteria_2868.jpeg,PNEUMONIA,1,bacteria,2729,train,val
5108,train/PNEUMONIA/person944_bacteria_2869.jpeg,PNEUMONIA,1,bacteria,2730,train,train
5109,train/PNEUMONIA/person945_bacteria_2870.jpeg,PNEUMONIA,1,bacteria,2731,train,train
5110,train/PNEUMONIA/person945_virus_1616.jpeg,PNEUMONIA,1,virus,2731,train,train
5111,train/PNEUMONIA/person946_bacteria_2871.jpeg,PNEUMONIA,1,bacteria,2732,train,val
5112,train/PNEUMONIA/person947_bacteria_2872.jpeg,PNEUMONIA,1,bacteria,2733,train,test
5113,train/PNEUMONIA/person947_virus_1618.jpeg,PNEUMONIA,1,virus,2733,train,test
5114,train/PNEUMONIA/person949_bacteria_2874.jpeg,PNEUMONIA,1,bacteria,2734,train,val
5115,train/PNEUMONIA/person949_virus_1620.jpeg,PNEUMONIA,1,virus,2734,train,val
5116,train/PNEUMONIA/person94_virus_176.jpeg,PNEUMONIA,1,virus,2725,train,train
5117,train/PNEUMONIA/person950_virus_1621.jpeg,PNEUMONIA,1,virus,2736,train,val
5118,train/PNEUMONIA/person951_bacteria_2876.jpeg,PNEUMONIA,1,bacteria,2737,train,test
5119,train/PNEUMONIA/person951_virus_1622.jpeg,PNEUMONIA,1,virus,2737,train,test
5120,train/PNEUMONIA/person952_bacteria_2877.jpeg,PNEUMONIA,1,bacteria,2738,train,test
5121,train/PNEUMONIA/person952_virus_1623.jpeg,PNEUMONIA,1,virus,2738,train,test
5122,train/PNEUMONIA/person953_bacteria_2878.jpeg,PNEUMONIA,1,bacteria,2739,train,val
5123,train/PNEUMONIA/person954_bacteria_2879.jpeg,PNEUMONIA,1,bacteria,2740,train,val
5124,train/PNEUMONIA/person954_virus_1626.jpeg,PNEUMONIA,1,virus,2740,train,val
5125,train/PNEUMONIA/person955_bacteria_2880.jpeg,PNEUMONIA,1,bacteria,2741,train,test
5126,train/PNEUMONIA/person955_virus_1627.jpeg,PNEUMONIA,1,virus,2741,train,test
5127,train/PNEUMONIA/person956_bacteria_2881.jpeg,PNEUMONIA,1,bacteria,2742,train,test
5128,train/PNEUMONIA/person956_virus_1628.jpeg,PNEUMONIA,1,virus,2742,train,test
5129,train/PNEUMONIA/person957_bacteria_2882.jpeg,PNEUMONIA,1,bacteria,2743,train,test
5130,train/PNEUMONIA/person957_virus_1629.jpeg,PNEUMONIA,1,virus,2743,train,test
5131,train/PNEUMONIA/person958_bacteria_2883.jpeg,PNEUMONIA,1,bacteria,2744,train,train
5132,train/PNEUMONIA/person958_virus_1630.jpeg,PNEUMONIA,1,virus,2744,train,train
5133,train/PNEUMONIA/person959_bacteria_2884.jpeg,PNEUMONIA,1,bacteria,2745,train,test
5134,train/PNEUMONIA/person95_virus_177.jpeg,PNEUMONIA,1,virus,2735,train,test
5135,train/PNEUMONIA/person960_bacteria_2885.jpeg,PNEUMONIA,1,bacteria,2747,train,val
5136,train/PNEUMONIA/person960_virus_1633.jpeg,PNEUMONIA,1,virus,2747,train,val
5137,train/PNEUMONIA/person961_bacteria_2886.jpeg,PNEUMONIA,1,bacteria,2748,train,val
5138,train/PNEUMONIA/person961_virus_1634.jpeg,PNEUMONIA,1,virus,2748,train,val
5139,train/PNEUMONIA/person962_bacteria_2887.jpeg,PNEUMONIA,1,bacteria,2749,train,train
5140,train/PNEUMONIA/person962_virus_1635.jpeg,PNEUMONIA,1,virus,2749,train,train
5141,train/PNEUMONIA/person963_bacteria_2888.jpeg,PNEUMONIA,1,bacteria,2750,train,train
5142,train/PNEUMONIA/person963_virus_1636.jpeg,PNEUMONIA,1,virus,2750,train,train
5143,train/PNEUMONIA/person964_bacteria_2889.jpeg,PNEUMONIA,1,bacteria,2751,train,val
5144,train/PNEUMONIA/person964_virus_1637.jpeg,PNEUMONIA,1,virus,2751,train,val
5145,train/PNEUMONIA/person965_bacteria_2890.jpeg,PNEUMONIA,1,bacteria,2752,train,val
5146,train/PNEUMONIA/person965_virus_1638.jpeg,PNEUMONIA,1,virus,2752,train,val
5147,train/PNEUMONIA/person966_bacteria_2891.jpeg,PNEUMONIA,1,bacteria,2753,train,train
5148,train/PNEUMONIA/person966_virus_1639.jpeg,PNEUMONIA,1,virus,2753,train,train
5149,train/PNEUMONIA/person967_bacteria_2892.jpeg,PNEUMONIA,1,bacteria,2754,train,train
5150,train/PNEUMONIA/person967_virus_1640.jpeg,PNEUMONIA,1,virus,2754,train,train
5151,train/PNEUMONIA/person968_bacteria_2893.jpeg,PNEUMONIA,1,bacteria,2755,train,train
5152,train/PNEUMONIA/person968_virus_1642.jpeg,PNEUMONIA,1,virus,2755,train,train
5153,train/PNEUMONIA/person969_bacteria_2894.jpeg,PNEUMONIA,1,bacteria,2756,train,train
5154,train/PNEUMONIA/person969_virus_1643.jpeg,PNEUMONIA,1,virus,2756,train,train
5155,train/PNEUMONIA/person96_virus_178.jpeg,PNEUMONIA,1,virus,2746,train,train
5156,train/PNEUMONIA/person96_virus_179.jpeg,PNEUMONIA,1,virus,2746,train,train
5157,train/PNEUMONIA/person970_bacteria_2895.jpeg,PNEUMONIA,1,bacteria,2758,train,test
5158,train/PNEUMONIA/person970_virus_1644.jpeg,PNEUMONIA,1,virus,2758,train,test
5159,train/PNEUMONIA/person971_bacteria_2896.jpeg,PNEUMONIA,1,bacteria,2759,train,test
5160,train/PNEUMONIA/person972_bacteria_2897.jpeg,PNEUMONIA,1,bacteria,2760,train,train
5161,train/PNEUMONIA/person972_virus_1646.jpeg,PNEUMONIA,1,virus,2760,train,train
5162,train/PNEUMONIA/person973_virus_1647.jpeg,PNEUMONIA,1,virus,2761,train,test
5163,train/PNEUMONIA/person974_bacteria_2899.jpeg,PNEUMONIA,1,bacteria,2762,train,test
5164,train/PNEUMONIA/person974_virus_1649.jpeg,PNEUMONIA,1,virus,2762,train,test
5165,train/PNEUMONIA/person975_virus_1650.jpeg,PNEUMONIA,1,virus,2763,train,train
5166,train/PNEUMONIA/person976_bacteria_2901.jpeg,PNEUMONIA,1,bacteria,2764,train,train
5167,train/PNEUMONIA/person976_virus_1651.jpeg,PNEUMONIA,1,virus,2764,train,train
5168,train/PNEUMONIA/person977_bacteria_2902.jpeg,PNEUMONIA,1,bacteria,2765,train,val
5169,train/PNEUMONIA/person977_virus_1652.jpeg,PNEUMONIA,1,virus,2765,train,val
5170,train/PNEUMONIA/person978_bacteria_2904.jpeg,PNEUMONIA,1,bacteria,2766,train,train
5171,train/PNEUMONIA/person978_virus_1653.jpeg,PNEUMONIA,1,virus,2766,train,train
5172,train/PNEUMONIA/person979_bacteria_2905.jpeg,PNEUMONIA,1,bacteria,2767,train,val
5173,train/PNEUMONIA/person979_virus_1654.jpeg,PNEUMONIA,1,virus,2767,train,val
5174,train/PNEUMONIA/person97_virus_180.jpeg,PNEUMONIA,1,virus,2757,train,train
5175,train/PNEUMONIA/person97_virus_181.jpeg,PNEUMONIA,1,virus,2757,train,train
5176,train/PNEUMONIA/person980_bacteria_2906.jpeg,PNEUMONIA,1,bacteria,2769,train,test
5177,train/PNEUMONIA/person980_virus_1655.jpeg,PNEUMONIA,1,virus,2769,train,test
5178,train/PNEUMONIA/person981_bacteria_2907.jpeg,PNEUMONIA,1,bacteria,2770,train,train
5179,train/PNEUMONIA/person981_bacteria_2908.jpeg,PNEUMONIA,1,bacteria,2770,train,train
5180,train/PNEUMONIA/person981_virus_1657.jpeg,PNEUMONIA,1,virus,2770,train,train
5181,train/PNEUMONIA/person982_bacteria_2909.jpeg,PNEUMONIA,1,bacteria,2771,train,test
5182,train/PNEUMONIA/person982_virus_1658.jpeg,PNEUMONIA,1,virus,2771,train,test
5183,train/PNEUMONIA/person983_bacteria_2910.jpeg,PNEUMONIA,1,bacteria,2772,train,train
5184,train/PNEUMONIA/person983_virus_1660.jpeg,PNEUMONIA,1,virus,2772,train,train
5185,train/PNEUMONIA/person984_bacteria_2911.jpeg,PNEUMONIA,1,bacteria,2773,train,test
5186,train/PNEUMONIA/person985_bacteria_2912.jpeg,PNEUMONIA,1,bacteria,2774,train,train
5187,train/PNEUMONIA/person986_bacteria_2913.jpeg,PNEUMONIA,1,bacteria,2775,train,test
5188,train/PNEUMONIA/person987_bacteria_2914.jpeg,PNEUMONIA,1,bacteria,2776,train,train
5189,train/PNEUMONIA/person988_bacteria_2915.jpeg,PNEUMONIA,1,bacteria,2777,train,test
5190,train/PNEUMONIA/person988_virus_1666.jpeg,PNEUMONIA,1,virus,2777,train,test
5191,train/PNEUMONIA/person989_virus_1667.jpeg,PNEUMONIA,1,virus,2778,train,train
5192,train/PNEUMONIA/person98_virus_182.jpeg,PNEUMONIA,1,virus,2768,train,test
5193,train/PNEUMONIA/person990_bacteria_2917.jpeg,PNEUMONIA,1,bacteria,2780,train,test
5194,train/PNEUMONIA/person991_bacteria_2918.jpeg,PNEUMONIA,1,bacteria,2781,train,val
5195,train/PNEUMONIA/person991_virus_1669.jpeg,PNEUMONIA,1,virus,2781,train,val
5196,train/PNEUMONIA/person992_bacteria_2919.jpeg,PNEUMONIA,1,bacteria,2782,train,train
5197,train/PNEUMONIA/person992_bacteria_2920.jpeg,PNEUMONIA,1,bacteria,2782,train,train
5198,train/PNEUMONIA/person992_virus_1670.jpeg,PNEUMONIA,1,virus,2782,train,train
5199,train/PNEUMONIA/person993_bacteria_2921.jpeg,PNEUMONIA,1,bacteria,2783,train,test
5200,train/PNEUMONIA/person993_virus_1671.jpeg,PNEUMONIA,1,virus,2783,train,test
5201,train/PNEUMONIA/person994_bacteria_2922.jpeg,PNEUMONIA,1,bacteria,2784,train,val
5202,train/PNEUMONIA/person994_virus_1672.jpeg,PNEUMONIA,1,virus,2784,train,val
5203,train/PNEUMONIA/person995_bacteria_2923.jpeg,PNEUMONIA,1,bacteria,2785,train,val
5204,train/PNEUMONIA/person995_virus_1676.jpeg,PNEUMONIA,1,virus,2785,train,val
5205,train/PNEUMONIA/person996_bacteria_2924.jpeg,PNEUMONIA,1,bacteria,2786,train,test
5206,train/PNEUMONIA/person996_virus_1677.jpeg,PNEUMONIA,1,virus,2786,train,test
5207,train/PNEUMONIA/person997_bacteria_2926.jpeg,PNEUMONIA,1,bacteria,2787,train,test
5208,train/PNEUMONIA/person997_virus_1678.jpeg,PNEUMONIA,1,virus,2787,train,test
5209,train/PNEUMONIA/person998_bacteria_2927.jpeg,PNEUMONIA,1,bacteria,2788,train,test
5210,train/PNEUMONIA/person998_bacteria_2928.jpeg,PNEUMONIA,1,bacteria,2788,train,test
5211,train/PNEUMONIA/person99_virus_183.jpeg,PNEUMONIA,1,virus,2779,train,train
5212,train/PNEUMONIA/person9_bacteria_38.jpeg,PNEUMONIA,1,bacteria,2681,train,train
5213,train/PNEUMONIA/person9_bacteria_39.jpeg,PNEUMONIA,1,bacteria,2681,train,train
5214,train/PNEUMONIA/person9_bacteria_40.jpeg,PNEUMONIA,1,bacteria,2681,train,train
5215,train/PNEUMONIA/person9_bacteria_41.jpeg,PNEUMONIA,1,bacteria,2681,train,train
5216,val/NORMAL/NORMAL2-IM-1427-0001.jpeg,NORMAL,0,normal,1107,val,test
5217,val/NORMAL/NORMAL2-IM-1430-0001.jpeg,NORMAL,0,normal,1108,val,test
5218,val/NORMAL/NORMAL2-IM-1431-0001.jpeg,NORMAL,0,normal,1109,val,val
5219,val/NORMAL/NORMAL2-IM-1436-0001.jpeg,NORMAL,0,normal,1110,val,test
5220,val/NORMAL/NORMAL2-IM-1437-0001.jpeg,NORMAL,0,normal,1111,val,train
5221,val/NORMAL/NORMAL2-IM-1438-0001.jpeg,NORMAL,0,normal,1112,val,train
5222,val/NORMAL/NORMAL2-IM-1440-0001.jpeg,NORMAL,0,normal,1113,val,train
5223,val/NORMAL/NORMAL2-IM-1442-0001.jpeg,NORMAL,0,normal,1114,val,train
5224,val/PNEUMONIA/person1946_bacteria_4874.jpeg,PNEUMONIA,1,bacteria,1979,val,val
5225,val/PNEUMONIA/person1946_bacteria_4875.jpeg,PNEUMONIA,1,bacteria,1979,val,val
5226,val/PNEUMONIA/person1947_bacteria_4876.jpeg,PNEUMONIA,1,bacteria,1980,val,val
5227,val/PNEUMONIA/person1949_bacteria_4880.jpeg,PNEUMONIA,1,bacteria,1981,val,train
5228,val/PNEUMONIA/person1950_bacteria_4881.jpeg,PNEUMONIA,1,bacteria,1982,val,test
5229,val/PNEUMONIA/person1951_bacteria_4882.jpeg,PNEUMONIA,1,bacteria,1983,val,test
5230,val/PNEUMONIA/person1952_bacteria_4883.jpeg,PNEUMONIA,1,bacteria,1984,val,train
5231,val/PNEUMONIA/person1954_bacteria_4886.jpeg,PNEUMONIA,1,bacteria,1985,val,test
5232,test/NORMAL/IM-0001-0001.jpeg,NORMAL,0,normal,0,test,test
5233,test/NORMAL/IM-0003-0001.jpeg,NORMAL,0,normal,1,test,train
5234,test/NORMAL/IM-0005-0001.jpeg,NORMAL,0,normal,2,test,val
5235,test/NORMAL/IM-0006-0001.jpeg,NORMAL,0,normal,3,test,test
5236,test/NORMAL/IM-0007-0001.jpeg,NORMAL,0,normal,4,test,train
5237,test/NORMAL/IM-0009-0001.jpeg,NORMAL,0,normal,5,test,val
5238,test/NORMAL/IM-0010-0001.jpeg,NORMAL,0,normal,6,test,test
5239,test/NORMAL/IM-0011-0001-0001.jpeg,NORMAL,0,normal,7,test,train
5240,test/NORMAL/IM-0011-0001-0002.jpeg,NORMAL,0,normal,7,test,train
5241,test/NORMAL/IM-0011-0001.jpeg,NORMAL,0,normal,7,test,train
5242,test/NORMAL/IM-0013-0001.jpeg,NORMAL,0,normal,9,test,train
5243,test/NORMAL/IM-0015-0001.jpeg,NORMAL,0,normal,10,test,train
5244,test/NORMAL/IM-0016-0001.jpeg,NORMAL,0,normal,11,test,val
5245,test/NORMAL/IM-0017-0001.jpeg,NORMAL,0,normal,12,test,test
5246,test/NORMAL/IM-0019-0001.jpeg,NORMAL,0,normal,13,test,train
5247,test/NORMAL/IM-0021-0001.jpeg,NORMAL,0,normal,14,test,test
5248,test/NORMAL/IM-0022-0001.jpeg,NORMAL,0,normal,15,test,train
5249,test/NORMAL/IM-0023-0001.jpeg,NORMAL,0,normal,16,test,train
5250,test/NORMAL/IM-0025-0001.jpeg,NORMAL,0,normal,17,test,val
5251,test/NORMAL/IM-0027-0001.jpeg,NORMAL,0,normal,18,test,train
5252,test/NORMAL/IM-0028-0001.jpeg,NORMAL,0,normal,19,test,train
5253,test/NORMAL/IM-0029-0001.jpeg,NORMAL,0,normal,20,test,train
5254,test/NORMAL/IM-0030-0001.jpeg,NORMAL,0,normal,21,test,train
5255,test/NORMAL/IM-0031-0001.jpeg,NORMAL,0,normal,22,test,val
5256,test/NORMAL/IM-0033-0001-0001.jpeg,NORMAL,0,normal,23,test,train
5257,test/NORMAL/IM-0033-0001-0002.jpeg,NORMAL,0,normal,23,test,train
5258,test/NORMAL/IM-0033-0001.jpeg,NORMAL,0,normal,23,test,train
5259,test/NORMAL/IM-0035-0001.jpeg,NORMAL,0,normal,24,test,train
5260,test/NORMAL/IM-0036-0001.jpeg,NORMAL,0,normal,25,test,val
5261,test/NORMAL/IM-0037-0001.jpeg,NORMAL,0,normal,26,test,train
5262,test/NORMAL/IM-0039-0001.jpeg,NORMAL,0,normal,27,test,val
5263,test/NORMAL/IM-0041-0001.jpeg,NORMAL,0,normal,28,test,train
5264,test/NORMAL/IM-0043-0001.jpeg,NORMAL,0,normal,29,test,val
5265,test/NORMAL/IM-0045-0001.jpeg,NORMAL,0,normal,30,test,train
5266,test/NORMAL/IM-0046-0001.jpeg,NORMAL,0,normal,31,test,val
5267,test/NORMAL/IM-0049-0001.jpeg,NORMAL,0,normal,32,test,train
5268,test/NORMAL/IM-0050-0001.jpeg,NORMAL,0,normal,33,test,val
5269,test/NORMAL/IM-0059-0001.jpeg,NORMAL,0,normal,37,test,train
5270,test/NORMAL/IM-0061-0001.jpeg,NORMAL,0,normal,39,test,val
5271,test/NORMAL/IM-0063-0001.jpeg,NORMAL,0,normal,40,test,train
5272,test/NORMAL/IM-0065-0001.jpeg,NORMAL,0,normal,41,test,val
5273,test/NORMAL/IM-0067-0001.jpeg,NORMAL,0,normal,43,test,train
5274,test/NORMAL/IM-0069-0001.jpeg,NORMAL,0,normal,44,test,train
5275,test/NORMAL/IM-0070-0001.jpeg,NORMAL,0,normal,45,test,val
5276,test/NORMAL/IM-0071-0001.jpeg,NORMAL,0,normal,46,test,test
5277,test/NORMAL/IM-0073-0001.jpeg,NORMAL,0,normal,48,test,train
5278,test/NORMAL/IM-0075-0001.jpeg,NORMAL,0,normal,49,test,test
5279,test/NORMAL/IM-0077-0001.jpeg,NORMAL,0,normal,50,test,test
5280,test/NORMAL/IM-0079-0001.jpeg,NORMAL,0,normal,51,test,train
5281,test/NORMAL/IM-0081-0001.jpeg,NORMAL,0,normal,52,test,train
5282,test/NORMAL/IM-0083-0001.jpeg,NORMAL,0,normal,53,test,val
5283,test/NORMAL/IM-0084-0001.jpeg,NORMAL,0,normal,54,test,val
5284,test/NORMAL/IM-0085-0001.jpeg,NORMAL,0,normal,55,test,train
5285,test/NORMAL/IM-0086-0001.jpeg,NORMAL,0,normal,56,test,train
5286,test/NORMAL/IM-0087-0001.jpeg,NORMAL,0,normal,57,test,train
5287,test/NORMAL/IM-0089-0001.jpeg,NORMAL,0,normal,58,test,val
5288,test/NORMAL/IM-0091-0001.jpeg,NORMAL,0,normal,59,test,train
5289,test/NORMAL/IM-0093-0001.jpeg,NORMAL,0,normal,61,test,val
5290,test/NORMAL/IM-0095-0001.jpeg,NORMAL,0,normal,62,test,train
5291,test/NORMAL/IM-0097-0001.jpeg,NORMAL,0,normal,63,test,train
5292,test/NORMAL/IM-0099-0001.jpeg,NORMAL,0,normal,65,test,val
5293,test/NORMAL/IM-0101-0001.jpeg,NORMAL,0,normal,66,test,train
5294,test/NORMAL/IM-0102-0001.jpeg,NORMAL,0,normal,67,test,train
5295,test/NORMAL/IM-0103-0001.jpeg,NORMAL,0,normal,68,test,test
5296,test/NORMAL/IM-0105-0001.jpeg,NORMAL,0,normal,69,test,train
5297,test/NORMAL/IM-0107-0001.jpeg,NORMAL,0,normal,70,test,train
5298,test/NORMAL/IM-0109-0001.jpeg,NORMAL,0,normal,71,test,val
5299,test/NORMAL/IM-0110-0001.jpeg,NORMAL,0,normal,72,test,train
5300,test/NORMAL/IM-0111-0001.jpeg,NORMAL,0,normal,73,test,train
5301,test/NORMAL/NORMAL2-IM-0007-0001.jpeg,NORMAL,0,normal,4,test,train
5302,test/NORMAL/NORMAL2-IM-0012-0001.jpeg,NORMAL,0,normal,8,test,train
5303,test/NORMAL/NORMAL2-IM-0013-0001.jpeg,NORMAL,0,normal,9,test,train
5304,test/NORMAL/NORMAL2-IM-0019-0001.jpeg,NORMAL,0,normal,13,test,train
5305,test/NORMAL/NORMAL2-IM-0023-0001.jpeg,NORMAL,0,normal,16,test,train
5306,test/NORMAL/NORMAL2-IM-0027-0001.jpeg,NORMAL,0,normal,18,test,train
5307,test/NORMAL/NORMAL2-IM-0028-0001.jpeg,NORMAL,0,normal,19,test,train
5308,test/NORMAL/NORMAL2-IM-0029-0001.jpeg,NORMAL,0,normal,20,test,train
5309,test/NORMAL/NORMAL2-IM-0030-0001.jpeg,NORMAL,0,normal,21,test,train
5310,test/NORMAL/NORMAL2-IM-0033-0001.jpeg,NORMAL,0,normal,23,test,train
5311,test/NORMAL/NORMAL2-IM-0035-0001.jpeg,NORMAL,0,normal,24,test,train
5312,test/NORMAL/NORMAL2-IM-0041-0001.jpeg,NORMAL,0,normal,28,test,train
5313,test/NORMAL/NORMAL2-IM-0045-0001.jpeg,NORMAL,0,normal,30,test,train
5314,test/NORMAL/NORMAL2-IM-0051-0001.jpeg,NORMAL,0,normal,34,test,val
5315,test/NORMAL/NORMAL2-IM-0052-0001.jpeg,NORMAL,0,normal,35,test,train
5316,test/NORMAL/NORMAL2-IM-0058-0001.jpeg,NORMAL,0,normal,36,test,train
5317,test/NORMAL/NORMAL2-IM-0059-0001.jpeg,NORMAL,0,normal,37,test,train
5318,test/NORMAL/NORMAL2-IM-0060-0001.jpeg,NORMAL,0,normal,38,test,train
5319,test/NORMAL/NORMAL2-IM-0066-0001.jpeg,NORMAL,0,normal,42,test,val
5320,test/NORMAL/NORMAL2-IM-0072-0001.jpeg,NORMAL,0,normal,47,test,train
5321,test/NORMAL/NORMAL2-IM-0073-0001.jpeg,NORMAL,0,normal,48,test,train
5322,test/NORMAL/NORMAL2-IM-0079-0001.jpeg,NORMAL,0,normal,51,test,train
5323,test/NORMAL/NORMAL2-IM-0081-0001.jpeg,NORMAL,0,normal,52,test,train
5324,test/NORMAL/NORMAL2-IM-0086-0001.jpeg,NORMAL,0,normal,56,test,train
5325,test/NORMAL/NORMAL2-IM-0092-0001.jpeg,NORMAL,0,normal,60,test,train
5326,test/NORMAL/NORMAL2-IM-0095-0001.jpeg,NORMAL,0,normal,62,test,train
5328,test/NORMAL/NORMAL2-IM-0098-0001.jpeg,NORMAL,0,normal,64,test,test
5329,test/NORMAL/NORMAL2-IM-0102-0001.jpeg,NORMAL,0,normal,67,test,train
5330,test/NORMAL/NORMAL2-IM-0105-0001.jpeg,NORMAL,0,normal,69,test,train
5331,test/NORMAL/NORMAL2-IM-0107-0001.jpeg,NORMAL,0,normal,70,test,train
5332,test/NORMAL/NORMAL2-IM-0110-0001.jpeg,NORMAL,0,normal,72,test,train
5333,test/NORMAL/NORMAL2-IM-0111-0001.jpeg,NORMAL,0,normal,73,test,train
5334,test/NORMAL/NORMAL2-IM-0112-0001.jpeg,NORMAL,0,normal,74,test,test
5335,test/NORMAL/NORMAL2-IM-0117-0001.jpeg,NORMAL,0,normal,76,test,train
5336,test/NORMAL/NORMAL2-IM-0120-0001.jpeg,NORMAL,0,normal,78,test,test
5337,test/NORMAL/NORMAL2-IM-0123-0001.jpeg,NORMAL,0,normal,80,test,val
5338,test/NORMAL/NORMAL2-IM-0129-0001.jpeg,NORMAL,0,normal,84,test,train
5339,test/NORMAL/NORMAL2-IM-0130-0001.jpeg,NORMAL,0,normal,85,test,test
5340,test/NORMAL/NORMAL2-IM-0131-0001.jpeg,NORMAL,0,normal,86,test,train
5341,test/NORMAL/NORMAL2-IM-0132-0001.jpeg,NORMAL,0,normal,87,test,val
5342,test/NORMAL/NORMAL2-IM-0135-0001.jpeg,NORMAL,0,normal,89,test,train
5343,test/NORMAL/NORMAL2-IM-0139-0001.jpeg,NORMAL,0,normal,91,test,train
5344,test/NORMAL/NORMAL2-IM-0141-0001.jpeg,NORMAL,0,normal,93,test,train
5345,test/NORMAL/NORMAL2-IM-0145-0001.jpeg,NORMAL,0,normal,95,test,train
5346,test/NORMAL/NORMAL2-IM-0146-0001.jpeg,NORMAL,0,normal,96,test,train
5347,test/NORMAL/NORMAL2-IM-0150-0001.jpeg,NORMAL,0,normal,99,test,test
5348,test/NORMAL/NORMAL2-IM-0171-0001.jpeg,NORMAL,0,normal,111,test,test
5349,test/NORMAL/NORMAL2-IM-0173-0001-0001.jpeg,NORMAL,0,normal,113,test,train
5351,test/NORMAL/NORMAL2-IM-0195-0001.jpeg,NORMAL,0,normal,125,test,train
5352,test/NORMAL/NORMAL2-IM-0196-0001.jpeg,NORMAL,0,normal,126,test,train
5353,test/NORMAL/NORMAL2-IM-0198-0001.jpeg,NORMAL,0,normal,127,test,test
5354,test/NORMAL/NORMAL2-IM-0199-0001.jpeg,NORMAL,0,normal,128,test,train
5355,test/NORMAL/NORMAL2-IM-0201-0001.jpeg,NORMAL,0,normal,129,test,train
5356,test/NORMAL/NORMAL2-IM-0206-0001.jpeg,NORMAL,0,normal,132,test,train
5357,test/NORMAL/NORMAL2-IM-0207-0001.jpeg,NORMAL,0,normal,133,test,train
5358,test/NORMAL/NORMAL2-IM-0210-0001.jpeg,NORMAL,0,normal,135,test,train
5359,test/NORMAL/NORMAL2-IM-0213-0001.jpeg,NORMAL,0,normal,137,test,train
5360,test/NORMAL/NORMAL2-IM-0217-0001.jpeg,NORMAL,0,normal,141,test,train
5361,test/NORMAL/NORMAL2-IM-0219-0001.jpeg,NORMAL,0,normal,143,test,train
5362,test/NORMAL/NORMAL2-IM-0221-0001.jpeg,NORMAL,0,normal,145,test,train
5363,test/NORMAL/NORMAL2-IM-0222-0001.jpeg,NORMAL,0,normal,146,test,train
5364,test/NORMAL/NORMAL2-IM-0229-0001.jpeg,NORMAL,0,normal,153,test,train
5365,test/NORMAL/NORMAL2-IM-0232-0001.jpeg,NORMAL,0,normal,156,test,train
5366,test/NORMAL/NORMAL2-IM-0233-0001.jpeg,NORMAL,0,normal,157,test,test
5367,test/NORMAL/NORMAL2-IM-0237-0001.jpeg,NORMAL,0,normal,161,test,train
5368,test/NORMAL/NORMAL2-IM-0238-0001.jpeg,NORMAL,0,normal,162,test,train
5369,test/NORMAL/NORMAL2-IM-0241-0001.jpeg,NORMAL,0,normal,165,test,train
5370,test/NORMAL/NORMAL2-IM-0246-0001-0001.jpeg,NORMAL,0,normal,170,test,train
5372,test/NORMAL/NORMAL2-IM-0246-0001.jpeg,NORMAL,0,normal,170,test,train
5373,test/NORMAL/NORMAL2-IM-0249-0001.jpeg,NORMAL,0,normal,172,test,train
5374,test/NORMAL/NORMAL2-IM-0251-0001.jpeg,NORMAL,0,normal,174,test,train
5375,test/NORMAL/NORMAL2-IM-0252-0001.jpeg,NORMAL,0,normal,175,test,val
5376,test/NORMAL/NORMAL2-IM-0256-0001.jpeg,NORMAL,0,normal,178,test,train
5377,test/NORMAL/NORMAL2-IM-0259-0001.jpeg,NORMAL,0,normal,180,test,test
5378,test/NORMAL/NORMAL2-IM-0267-0001.jpeg,NORMAL,0,normal,186,test,val
5379,test/NORMAL/NORMAL2-IM-0271-0001.jpeg,NORMAL,0,normal,190,test,train
5380,test/NORMAL/NORMAL2-IM-0272-0001.jpeg,NORMAL,0,normal,191,test,train
5381,test/NORMAL/NORMAL2-IM-0273-0001.jpeg,NORMAL,0,normal,192,test,train
5382,test/NORMAL/NORMAL2-IM-0274-0001.jpeg,NORMAL,0,normal,193,test,train
5383,test/NORMAL/NORMAL2-IM-0275-0001.jpeg,NORMAL,0,normal,194,test,train
5384,test/NORMAL/NORMAL2-IM-0276-0001.jpeg,NORMAL,0,normal,195,test,train
5385,test/NORMAL/NORMAL2-IM-0277-0001.jpeg,NORMAL,0,normal,196,test,train
5386,test/NORMAL/NORMAL2-IM-0278-0001.jpeg,NORMAL,0,normal,197,test,train
5387,test/NORMAL/NORMAL2-IM-0279-0001.jpeg,NORMAL,0,normal,198,test,train
5388,test/NORMAL/NORMAL2-IM-0280-0001.jpeg,NORMAL,0,normal,199,test,train
5389,test/NORMAL/NORMAL2-IM-0281-0001.jpeg,NORMAL,0,normal,200,test,val
5390,test/NORMAL/NORMAL2-IM-0282-0001.jpeg,NORMAL,0,normal,201,test,train
5391,test/NORMAL/NORMAL2-IM-0283-0001.jpeg,NORMAL,0,normal,202,test,train
5392,test/NORMAL/NORMAL2-IM-0285-0001.jpeg,NORMAL,0,normal,203,test,train
5393,test/NORMAL/NORMAL2-IM-0286-0001.jpeg,NORMAL,0,normal,204,test,train
5394,test/NORMAL/NORMAL2-IM-0287-0001.jpeg,NORMAL,0,normal,205,test,val
5395,test/NORMAL/NORMAL2-IM-0288-0001.jpeg,NORMAL,0,normal,206,test,train
5396,test/NORMAL/NORMAL2-IM-0289-0001.jpeg,NORMAL,0,normal,207,test,train
5397,test/NORMAL/NORMAL2-IM-0290-0001.jpeg,NORMAL,0,normal,208,test,train
5398,test/NORMAL/NORMAL2-IM-0292-0001.jpeg,NORMAL,0,normal,210,test,train
5399,test/NORMAL/NORMAL2-IM-0294-0001.jpeg,NORMAL,0,normal,212,test,train
5400,test/NORMAL/NORMAL2-IM-0297-0001.jpeg,NORMAL,0,normal,214,test,train
5401,test/NORMAL/NORMAL2-IM-0300-0001.jpeg,NORMAL,0,normal,217,test,train
5402,test/NORMAL/NORMAL2-IM-0301-0001.jpeg,NORMAL,0,normal,218,test,train
5403,test/NORMAL/NORMAL2-IM-0302-0001.jpeg,NORMAL,0,normal,219,test,train
5404,test/NORMAL/NORMAL2-IM-0303-0001.jpeg,NORMAL,0,normal,220,test,train
5405,test/NORMAL/NORMAL2-IM-0304-0001.jpeg,NORMAL,0,normal,221,test,train
5406,test/NORMAL/NORMAL2-IM-0305-0001.jpeg,NORMAL,0,normal,222,test,train
5407,test/NORMAL/NORMAL2-IM-0307-0001.jpeg,NORMAL,0,normal,224,test,train
5408,test/NORMAL/NORMAL2-IM-0309-0001.jpeg,NORMAL,0,normal,226,test,train
5409,test/NORMAL/NORMAL2-IM-0310-0001.jpeg,NORMAL,0,normal,227,test,train
5410,test/NORMAL/NORMAL2-IM-0311-0001.jpeg,NORMAL,0,normal,228,test,train
5411,test/NORMAL/NORMAL2-IM-0312-0001.jpeg,NORMAL,0,normal,229,test,train
5412,test/NORMAL/NORMAL2-IM-0313-0001.jpeg,NORMAL,0,normal,230,test,train
5413,test/NORMAL/NORMAL2-IM-0315-0001.jpeg,NORMAL,0,normal,232,test,train
5414,test/NORMAL/NORMAL2-IM-0316-0001.jpeg,NORMAL,0,normal,233,test,train
5415,test/NORMAL/NORMAL2-IM-0317-0001.jpeg,NORMAL,0,normal,234,test,train
5416,test/NORMAL/NORMAL2-IM-0319-0001.jpeg,NORMAL,0,normal,236,test,train
5417,test/NORMAL/NORMAL2-IM-0321-0001.jpeg,NORMAL,0,normal,238,test,train
5418,test/NORMAL/NORMAL2-IM-0322-0001.jpeg,NORMAL,0,normal,239,test,test
5419,test/NORMAL/NORMAL2-IM-0323-0001.jpeg,NORMAL,0,normal,240,test,train
5420,test/NORMAL/NORMAL2-IM-0325-0001.jpeg,NORMAL,0,normal,242,test,train
5421,test/NORMAL/NORMAL2-IM-0326-0001.jpeg,NORMAL,0,normal,243,test,train
5422,test/NORMAL/NORMAL2-IM-0327-0001.jpeg,NORMAL,0,normal,244,test,train
5423,test/NORMAL/NORMAL2-IM-0328-0001.jpeg,NORMAL,0,normal,245,test,train
5424,test/NORMAL/NORMAL2-IM-0329-0001.jpeg,NORMAL,0,normal,246,test,train
5425,test/NORMAL/NORMAL2-IM-0330-0001.jpeg,NORMAL,0,normal,247,test,train
5426,test/NORMAL/NORMAL2-IM-0331-0001.jpeg,NORMAL,0,normal,248,test,train
5427,test/NORMAL/NORMAL2-IM-0332-0001.jpeg,NORMAL,0,normal,249,test,train
5428,test/NORMAL/NORMAL2-IM-0333-0001.jpeg,NORMAL,0,normal,250,test,train
5429,test/NORMAL/NORMAL2-IM-0335-0001.jpeg,NORMAL,0,normal,251,test,train
5430,test/NORMAL/NORMAL2-IM-0336-0001.jpeg,NORMAL,0,normal,252,test,val
5431,test/NORMAL/NORMAL2-IM-0337-0001.jpeg,NORMAL,0,normal,253,test,train
5432,test/NORMAL/NORMAL2-IM-0338-0001.jpeg,NORMAL,0,normal,254,test,train
5433,test/NORMAL/NORMAL2-IM-0339-0001.jpeg,NORMAL,0,normal,255,test,train
5434,test/NORMAL/NORMAL2-IM-0340-0001.jpeg,NORMAL,0,normal,256,test,train
5435,test/NORMAL/NORMAL2-IM-0341-0001.jpeg,NORMAL,0,normal,257,test,train
5436,test/NORMAL/NORMAL2-IM-0343-0001.jpeg,NORMAL,0,normal,258,test,train
5437,test/NORMAL/NORMAL2-IM-0345-0001.jpeg,NORMAL,0,normal,259,test,train
5438,test/NORMAL/NORMAL2-IM-0346-0001.jpeg,NORMAL,0,normal,260,test,train
5439,test/NORMAL/NORMAL2-IM-0347-0001.jpeg,NORMAL,0,normal,261,test,train
5440,test/NORMAL/NORMAL2-IM-0348-0001.jpeg,NORMAL,0,normal,262,test,train
5441,test/NORMAL/NORMAL2-IM-0349-0001.jpeg,NORMAL,0,normal,263,test,train
5442,test/NORMAL/NORMAL2-IM-0350-0001.jpeg,NORMAL,0,normal,264,test,train
5443,test/NORMAL/NORMAL2-IM-0351-0001.jpeg,NORMAL,0,normal,265,test,train
5444,test/NORMAL/NORMAL2-IM-0352-0001.jpeg,NORMAL,0,normal,266,test,val
5445,test/NORMAL/NORMAL2-IM-0353-0001.jpeg,NORMAL,0,normal,267,test,train
5446,test/NORMAL/NORMAL2-IM-0354-0001.jpeg,NORMAL,0,normal,268,test,train
5447,test/NORMAL/NORMAL2-IM-0357-0001.jpeg,NORMAL,0,normal,271,test,train
5448,test/NORMAL/NORMAL2-IM-0359-0001.jpeg,NORMAL,0,normal,273,test,train
5449,test/NORMAL/NORMAL2-IM-0360-0001.jpeg,NORMAL,0,normal,274,test,test
5450,test/NORMAL/NORMAL2-IM-0361-0001.jpeg,NORMAL,0,normal,275,test,train
5451,test/NORMAL/NORMAL2-IM-0362-0001.jpeg,NORMAL,0,normal,276,test,train
5452,test/NORMAL/NORMAL2-IM-0364-0001.jpeg,NORMAL,0,normal,278,test,train
5453,test/NORMAL/NORMAL2-IM-0366-0001.jpeg,NORMAL,0,normal,280,test,test
5454,test/NORMAL/NORMAL2-IM-0368-0001.jpeg,NORMAL,0,normal,282,test,train
5455,test/NORMAL/NORMAL2-IM-0369-0001.jpeg,NORMAL,0,normal,283,test,train
5456,test/NORMAL/NORMAL2-IM-0370-0001.jpeg,NORMAL,0,normal,284,test,train
5457,test/NORMAL/NORMAL2-IM-0372-0001.jpeg,NORMAL,0,normal,286,test,train
5458,test/NORMAL/NORMAL2-IM-0373-0001.jpeg,NORMAL,0,normal,287,test,val
5459,test/NORMAL/NORMAL2-IM-0374-0001-0001.jpeg,NORMAL,0,normal,288,test,train
5460,test/NORMAL/NORMAL2-IM-0374-0001-0002.jpeg,NORMAL,0,normal,288,test,train
5461,test/NORMAL/NORMAL2-IM-0374-0001.jpeg,NORMAL,0,normal,288,test,train
5462,test/NORMAL/NORMAL2-IM-0376-0001.jpeg,NORMAL,0,normal,290,test,val
5463,test/NORMAL/NORMAL2-IM-0378-0001.jpeg,NORMAL,0,normal,292,test,train
5464,test/NORMAL/NORMAL2-IM-0380-0001.jpeg,NORMAL,0,normal,294,test,test
5465,test/NORMAL/NORMAL2-IM-0381-0001.jpeg,NORMAL,0,normal,295,test,train
5466,test/PNEUMONIA/person100_bacteria_475.jpeg,PNEUMONIA,1,bacteria,1117,test,train
5467,test/PNEUMONIA/person100_bacteria_477.jpeg,PNEUMONIA,1,bacteria,1117,test,train
5468,test/PNEUMONIA/person100_bacteria_478.jpeg,PNEUMONIA,1,bacteria,1117,test,train
5469,test/PNEUMONIA/person100_bacteria_479.jpeg,PNEUMONIA,1,bacteria,1117,test,train
5470,test/PNEUMONIA/person100_bacteria_480.jpeg,PNEUMONIA,1,bacteria,1117,test,train
5471,test/PNEUMONIA/person100_bacteria_481.jpeg,PNEUMONIA,1,bacteria,1117,test,train
5472,test/PNEUMONIA/person100_bacteria_482.jpeg,PNEUMONIA,1,bacteria,1117,test,train
5473,test/PNEUMONIA/person101_bacteria_483.jpeg,PNEUMONIA,1,bacteria,1128,test,train
5474,test/PNEUMONIA/person101_bacteria_484.jpeg,PNEUMONIA,1,bacteria,1128,test,train
5475,test/PNEUMONIA/person101_bacteria_485.jpeg,PNEUMONIA,1,bacteria,1128,test,train
5476,test/PNEUMONIA/person101_bacteria_486.jpeg,PNEUMONIA,1,bacteria,1128,test,train
5477,test/PNEUMONIA/person102_bacteria_487.jpeg,PNEUMONIA,1,bacteria,1138,test,test
5478,test/PNEUMONIA/person103_bacteria_488.jpeg,PNEUMONIA,1,bacteria,1147,test,train
5479,test/PNEUMONIA/person103_bacteria_489.jpeg,PNEUMONIA,1,bacteria,1147,test,train
5480,test/PNEUMONIA/person103_bacteria_490.jpeg,PNEUMONIA,1,bacteria,1147,test,train
5481,test/PNEUMONIA/person104_bacteria_491.jpeg,PNEUMONIA,1,bacteria,1157,test,train
5482,test/PNEUMONIA/person104_bacteria_492.jpeg,PNEUMONIA,1,bacteria,1157,test,train
5483,test/PNEUMONIA/person108_bacteria_504.jpeg,PNEUMONIA,1,bacteria,1198,test,train
5484,test/PNEUMONIA/person108_bacteria_506.jpeg,PNEUMONIA,1,bacteria,1198,test,train
5485,test/PNEUMONIA/person108_bacteria_507.jpeg,PNEUMONIA,1,bacteria,1198,test,train
5486,test/PNEUMONIA/person108_bacteria_511.jpeg,PNEUMONIA,1,bacteria,1198,test,train
5487,test/PNEUMONIA/person109_bacteria_512.jpeg,PNEUMONIA,1,bacteria,1209,test,train
5488,test/PNEUMONIA/person109_bacteria_513.jpeg,PNEUMONIA,1,bacteria,1209,test,train
5489,test/PNEUMONIA/person109_bacteria_517.jpeg,PNEUMONIA,1,bacteria,1209,test,train
5490,test/PNEUMONIA/person109_bacteria_519.jpeg,PNEUMONIA,1,bacteria,1209,test,train
5491,test/PNEUMONIA/person109_bacteria_522.jpeg,PNEUMONIA,1,bacteria,1209,test,train
5492,test/PNEUMONIA/person109_bacteria_523.jpeg,PNEUMONIA,1,bacteria,1209,test,train
5493,test/PNEUMONIA/person109_bacteria_526.jpeg,PNEUMONIA,1,bacteria,1209,test,train
5494,test/PNEUMONIA/person109_bacteria_527.jpeg,PNEUMONIA,1,bacteria,1209,test,train
5495,test/PNEUMONIA/person109_bacteria_528.jpeg,PNEUMONIA,1,bacteria,1209,test,train
5496,test/PNEUMONIA/person10_virus_35.jpeg,PNEUMONIA,1,virus,1116,test,train
5497,test/PNEUMONIA/person110_bacteria_531.jpeg,PNEUMONIA,1,bacteria,1221,test,train
5498,test/PNEUMONIA/person111_bacteria_533.jpeg,PNEUMONIA,1,bacteria,1232,test,train
5499,test/PNEUMONIA/person111_bacteria_534.jpeg,PNEUMONIA,1,bacteria,1232,test,train
5500,test/PNEUMONIA/person111_bacteria_535.jpeg,PNEUMONIA,1,bacteria,1232,test,train
5501,test/PNEUMONIA/person111_bacteria_536.jpeg,PNEUMONIA,1,bacteria,1232,test,train
5502,test/PNEUMONIA/person111_bacteria_537.jpeg,PNEUMONIA,1,bacteria,1232,test,train
5503,test/PNEUMONIA/person112_bacteria_538.jpeg,PNEUMONIA,1,bacteria,1242,test,train
5504,test/PNEUMONIA/person112_bacteria_539.jpeg,PNEUMONIA,1,bacteria,1242,test,train
5505,test/PNEUMONIA/person113_bacteria_540.jpeg,PNEUMONIA,1,bacteria,1253,test,train
5506,test/PNEUMONIA/person113_bacteria_541.jpeg,PNEUMONIA,1,bacteria,1253,test,train
5507,test/PNEUMONIA/person113_bacteria_542.jpeg,PNEUMONIA,1,bacteria,1253,test,train
5508,test/PNEUMONIA/person113_bacteria_543.jpeg,PNEUMONIA,1,bacteria,1253,test,train
5509,test/PNEUMONIA/person114_bacteria_544.jpeg,PNEUMONIA,1,bacteria,1264,test,train
5510,test/PNEUMONIA/person114_bacteria_545.jpeg,PNEUMONIA,1,bacteria,1264,test,train
5511,test/PNEUMONIA/person114_bacteria_546.jpeg,PNEUMONIA,1,bacteria,1264,test,train
5512,test/PNEUMONIA/person117_bacteria_553.jpeg,PNEUMONIA,1,bacteria,1295,test,train
5513,test/PNEUMONIA/person117_bacteria_556.jpeg,PNEUMONIA,1,bacteria,1295,test,train
5514,test/PNEUMONIA/person117_bacteria_557.jpeg,PNEUMONIA,1,bacteria,1295,test,train
5515,test/PNEUMONIA/person118_bacteria_559.jpeg,PNEUMONIA,1,bacteria,1306,test,train
5516,test/PNEUMONIA/person118_bacteria_560.jpeg,PNEUMONIA,1,bacteria,1306,test,train
5517,test/PNEUMONIA/person119_bacteria_565.jpeg,PNEUMONIA,1,bacteria,1316,test,train
5518,test/PNEUMONIA/person119_bacteria_566.jpeg,PNEUMONIA,1,bacteria,1316,test,train
5519,test/PNEUMONIA/person119_bacteria_567.jpeg,PNEUMONIA,1,bacteria,1316,test,train
5520,test/PNEUMONIA/person119_bacteria_568.jpeg,PNEUMONIA,1,bacteria,1316,test,train
5521,test/PNEUMONIA/person11_virus_38.jpeg,PNEUMONIA,1,virus,1220,test,test
5522,test/PNEUMONIA/person120_bacteria_570.jpeg,PNEUMONIA,1,bacteria,1328,test,train
5523,test/PNEUMONIA/person120_bacteria_571.jpeg,PNEUMONIA,1,bacteria,1328,test,train
5524,test/PNEUMONIA/person120_bacteria_572.jpeg,PNEUMONIA,1,bacteria,1328,test,train
5525,test/PNEUMONIA/person120_bacteria_573.jpeg,PNEUMONIA,1,bacteria,1328,test,train
5526,test/PNEUMONIA/person121_bacteria_575.jpeg,PNEUMONIA,1,bacteria,1339,test,train
5527,test/PNEUMONIA/person121_bacteria_576.jpeg,PNEUMONIA,1,bacteria,1339,test,train
5528,test/PNEUMONIA/person121_bacteria_578.jpeg,PNEUMONIA,1,bacteria,1339,test,train
5529,test/PNEUMONIA/person121_bacteria_579.jpeg,PNEUMONIA,1,bacteria,1339,test,train
5530,test/PNEUMONIA/person121_bacteria_580.jpeg,PNEUMONIA,1,bacteria,1339,test,train
5531,test/PNEUMONIA/person122_bacteria_581.jpeg,PNEUMONIA,1,bacteria,1349,test,train
5532,test/PNEUMONIA/person122_bacteria_582.jpeg,PNEUMONIA,1,bacteria,1349,test,train
5533,test/PNEUMONIA/person122_bacteria_583.jpeg,PNEUMONIA,1,bacteria,1349,test,train
5534,test/PNEUMONIA/person122_bacteria_584.jpeg,PNEUMONIA,1,bacteria,1349,test,train
5535,test/PNEUMONIA/person122_bacteria_585.jpeg,PNEUMONIA,1,bacteria,1349,test,train
5536,test/PNEUMONIA/person122_bacteria_586.jpeg,PNEUMONIA,1,bacteria,1349,test,train
5537,test/PNEUMONIA/person123_bacteria_587.jpeg,PNEUMONIA,1,bacteria,1359,test,val
5538,test/PNEUMONIA/person124_bacteria_589.jpeg,PNEUMONIA,1,bacteria,1370,test,train
5539,test/PNEUMONIA/person124_bacteria_590.jpeg,PNEUMONIA,1,bacteria,1370,test,train
5540,test/PNEUMONIA/person124_bacteria_591.jpeg,PNEUMONIA,1,bacteria,1370,test,train
5541,test/PNEUMONIA/person124_bacteria_592.jpeg,PNEUMONIA,1,bacteria,1370,test,train
5542,test/PNEUMONIA/person125_bacteria_594.jpeg,PNEUMONIA,1,bacteria,1380,test,train
5543,test/PNEUMONIA/person125_bacteria_595.jpeg,PNEUMONIA,1,bacteria,1380,test,train
5544,test/PNEUMONIA/person126_bacteria_598.jpeg,PNEUMONIA,1,bacteria,1391,test,train
5545,test/PNEUMONIA/person126_bacteria_599.jpeg,PNEUMONIA,1,bacteria,1391,test,train
5546,test/PNEUMONIA/person126_bacteria_600.jpeg,PNEUMONIA,1,bacteria,1391,test,train
5547,test/PNEUMONIA/person127_bacteria_602.jpeg,PNEUMONIA,1,bacteria,1402,test,train
5548,test/PNEUMONIA/person127_bacteria_603.jpeg,PNEUMONIA,1,bacteria,1402,test,train
5549,test/PNEUMONIA/person127_bacteria_604.jpeg,PNEUMONIA,1,bacteria,1402,test,train
5550,test/PNEUMONIA/person128_bacteria_605.jpeg,PNEUMONIA,1,bacteria,1413,test,train
5551,test/PNEUMONIA/person128_bacteria_606.jpeg,PNEUMONIA,1,bacteria,1413,test,train
5553,test/PNEUMONIA/person128_bacteria_608.jpeg,PNEUMONIA,1,bacteria,1413,test,train
5554,test/PNEUMONIA/person130_bacteria_623.jpeg,PNEUMONIA,1,bacteria,1434,test,train
5555,test/PNEUMONIA/person130_bacteria_625.jpeg,PNEUMONIA,1,bacteria,1434,test,train
5556,test/PNEUMONIA/person130_bacteria_626.jpeg,PNEUMONIA,1,bacteria,1434,test,train
5557,test/PNEUMONIA/person130_bacteria_627.jpeg,PNEUMONIA,1,bacteria,1434,test,train
5558,test/PNEUMONIA/person130_bacteria_628.jpeg,PNEUMONIA,1,bacteria,1434,test,train
5559,test/PNEUMONIA/person131_bacteria_629.jpeg,PNEUMONIA,1,bacteria,1445,test,test
5560,test/PNEUMONIA/person132_bacteria_632.jpeg,PNEUMONIA,1,bacteria,1456,test,val
5561,test/PNEUMONIA/person133_bacteria_633.jpeg,PNEUMONIA,1,bacteria,1467,test,train
5562,test/PNEUMONIA/person133_bacteria_634.jpeg,PNEUMONIA,1,bacteria,1467,test,train
5563,test/PNEUMONIA/person133_bacteria_635.jpeg,PNEUMONIA,1,bacteria,1467,test,train
5564,test/PNEUMONIA/person133_bacteria_637.jpeg,PNEUMONIA,1,bacteria,1467,test,train
5565,test/PNEUMONIA/person133_bacteria_638.jpeg,PNEUMONIA,1,bacteria,1467,test,train
5566,test/PNEUMONIA/person134_bacteria_640.jpeg,PNEUMONIA,1,bacteria,1475,test,train
5567,test/PNEUMONIA/person134_bacteria_641.jpeg,PNEUMONIA,1,bacteria,1475,test,train
5568,test/PNEUMONIA/person134_bacteria_642.jpeg,PNEUMONIA,1,bacteria,1475,test,train
5569,test/PNEUMONIA/person134_bacteria_643.jpeg,PNEUMONIA,1,bacteria,1475,test,train
5571,test/PNEUMONIA/person135_bacteria_646.jpeg,PNEUMONIA,1,bacteria,1486,test,train
5572,test/PNEUMONIA/person135_bacteria_647.jpeg,PNEUMONIA,1,bacteria,1486,test,train
5573,test/PNEUMONIA/person136_bacteria_648.jpeg,PNEUMONIA,1,bacteria,1497,test,train
5574,test/PNEUMONIA/person136_bacteria_649.jpeg,PNEUMONIA,1,bacteria,1497,test,train
5575,test/PNEUMONIA/person136_bacteria_650.jpeg,PNEUMONIA,1,bacteria,1497,test,train
5576,test/PNEUMONIA/person136_bacteria_652.jpeg,PNEUMONIA,1,bacteria,1497,test,train
5577,test/PNEUMONIA/person136_bacteria_654.jpeg,PNEUMONIA,1,bacteria,1497,test,train
5578,test/PNEUMONIA/person137_bacteria_655.jpeg,PNEUMONIA,1,bacteria,1507,test,test
5579,test/PNEUMONIA/person138_bacteria_657.jpeg,PNEUMONIA,1,bacteria,1516,test,train
5580,test/PNEUMONIA/person138_bacteria_658.jpeg,PNEUMONIA,1,bacteria,1516,test,train
5581,test/PNEUMONIA/person138_bacteria_659.jpeg,PNEUMONIA,1,bacteria,1516,test,train
5582,test/PNEUMONIA/person139_bacteria_661.jpeg,PNEUMONIA,1,bacteria,1525,test,train
5583,test/PNEUMONIA/person139_bacteria_662.jpeg,PNEUMONIA,1,bacteria,1525,test,train
5584,test/PNEUMONIA/person139_bacteria_663.jpeg,PNEUMONIA,1,bacteria,1525,test,train
5585,test/PNEUMONIA/person139_bacteria_664.jpeg,PNEUMONIA,1,bacteria,1525,test,train
5586,test/PNEUMONIA/person139_bacteria_665.jpeg,PNEUMONIA,1,bacteria,1525,test,train
5587,test/PNEUMONIA/person139_bacteria_666.jpeg,PNEUMONIA,1,bacteria,1525,test,train
5588,test/PNEUMONIA/person140_bacteria_667.jpeg,PNEUMONIA,1,bacteria,1537,test,train
5589,test/PNEUMONIA/person140_bacteria_668.jpeg,PNEUMONIA,1,bacteria,1537,test,train
5590,test/PNEUMONIA/person141_bacteria_670.jpeg,PNEUMONIA,1,bacteria,1548,test,train
5591,test/PNEUMONIA/person141_bacteria_676.jpeg,PNEUMONIA,1,bacteria,1548,test,train
5592,test/PNEUMONIA/person141_bacteria_677.jpeg,PNEUMONIA,1,bacteria,1548,test,train
5593,test/PNEUMONIA/person141_bacteria_678.jpeg,PNEUMONIA,1,bacteria,1548,test,train
5594,test/PNEUMONIA/person141_bacteria_681.jpeg,PNEUMONIA,1,bacteria,1548,test,train
5595,test/PNEUMONIA/person142_bacteria_682.jpeg,PNEUMONIA,1,bacteria,1558,test,train
5596,test/PNEUMONIA/person142_bacteria_683.jpeg,PNEUMONIA,1,bacteria,1558,test,train
5597,test/PNEUMONIA/person142_bacteria_684.jpeg,PNEUMONIA,1,bacteria,1558,test,train
5598,test/PNEUMONIA/person143_bacteria_687.jpeg,PNEUMONIA,1,bacteria,1568,test,train
5599,test/PNEUMONIA/person143_bacteria_688.jpeg,PNEUMONIA,1,bacteria,1568,test,train
5600,test/PNEUMONIA/person143_bacteria_689.jpeg,PNEUMONIA,1,bacteria,1568,test,train
5601,test/PNEUMONIA/person144_bacteria_690.jpeg,PNEUMONIA,1,bacteria,1576,test,val
5602,test/PNEUMONIA/person145_bacteria_696.jpeg,PNEUMONIA,1,bacteria,1586,test,train
5603,test/PNEUMONIA/person146_bacteria_700.jpeg,PNEUMONIA,1,bacteria,1596,test,train
5604,test/PNEUMONIA/person146_bacteria_703.jpeg,PNEUMONIA,1,bacteria,1596,test,train
5605,test/PNEUMONIA/person146_bacteria_704.jpeg,PNEUMONIA,1,bacteria,1596,test,train
5606,test/PNEUMONIA/person147_bacteria_705.jpeg,PNEUMONIA,1,bacteria,1606,test,train
5607,test/PNEUMONIA/person147_bacteria_706.jpeg,PNEUMONIA,1,bacteria,1606,test,train
5608,test/PNEUMONIA/person147_bacteria_707.jpeg,PNEUMONIA,1,bacteria,1606,test,train
5609,test/PNEUMONIA/person147_bacteria_711.jpeg,PNEUMONIA,1,bacteria,1606,test,train
5610,test/PNEUMONIA/person149_bacteria_713.jpeg,PNEUMONIA,1,bacteria,1625,test,val
5611,test/PNEUMONIA/person14_virus_44.jpeg,PNEUMONIA,1,virus,1536,test,test
5612,test/PNEUMONIA/person150_bacteria_715.jpeg,PNEUMONIA,1,bacteria,1636,test,train
5613,test/PNEUMONIA/person150_bacteria_716.jpeg,PNEUMONIA,1,bacteria,1636,test,train
5614,test/PNEUMONIA/person150_bacteria_717.jpeg,PNEUMONIA,1,bacteria,1636,test,train
5615,test/PNEUMONIA/person151_bacteria_718.jpeg,PNEUMONIA,1,bacteria,1647,test,train
5616,test/PNEUMONIA/person152_bacteria_720.jpeg,PNEUMONIA,1,bacteria,1657,test,train
5617,test/PNEUMONIA/person152_bacteria_721.jpeg,PNEUMONIA,1,bacteria,1657,test,train
5618,test/PNEUMONIA/person152_bacteria_722.jpeg,PNEUMONIA,1,bacteria,1657,test,train
5619,test/PNEUMONIA/person152_bacteria_723.jpeg,PNEUMONIA,1,bacteria,1657,test,train
5620,test/PNEUMONIA/person152_bacteria_724.jpeg,PNEUMONIA,1,bacteria,1657,test,train
5621,test/PNEUMONIA/person153_bacteria_725.jpeg,PNEUMONIA,1,bacteria,1668,test,train
5622,test/PNEUMONIA/person153_bacteria_726.jpeg,PNEUMONIA,1,bacteria,1668,test,train
5623,test/PNEUMONIA/person154_bacteria_728.jpeg,PNEUMONIA,1,bacteria,1678,test,train
5624,test/PNEUMONIA/person155_bacteria_729.jpeg,PNEUMONIA,1,bacteria,1689,test,train
5625,test/PNEUMONIA/person155_bacteria_730.jpeg,PNEUMONIA,1,bacteria,1689,test,train
5626,test/PNEUMONIA/person155_bacteria_731.jpeg,PNEUMONIA,1,bacteria,1689,test,train
5627,test/PNEUMONIA/person157_bacteria_735.jpeg,PNEUMONIA,1,bacteria,1708,test,train
5628,test/PNEUMONIA/person157_bacteria_739.jpeg,PNEUMONIA,1,bacteria,1708,test,train
5629,test/PNEUMONIA/person157_bacteria_740.jpeg,PNEUMONIA,1,bacteria,1708,test,train
5630,test/PNEUMONIA/person158_bacteria_742.jpeg,PNEUMONIA,1,bacteria,1715,test,train
5631,test/PNEUMONIA/person158_bacteria_743.jpeg,PNEUMONIA,1,bacteria,1715,test,train
5632,test/PNEUMONIA/person158_bacteria_744.jpeg,PNEUMONIA,1,bacteria,1715,test,train
5633,test/PNEUMONIA/person158_bacteria_745.jpeg,PNEUMONIA,1,bacteria,1715,test,train
5634,test/PNEUMONIA/person159_bacteria_746.jpeg,PNEUMONIA,1,bacteria,1724,test,val
5635,test/PNEUMONIA/person159_bacteria_747.jpeg,PNEUMONIA,1,bacteria,1724,test,val
5636,test/PNEUMONIA/person15_virus_46.jpeg,PNEUMONIA,1,virus,1635,test,train
5637,test/PNEUMONIA/person1608_virus_2786.jpeg,PNEUMONIA,1,virus,1744,test,val
5638,test/PNEUMONIA/person1610_virus_2793.jpeg,PNEUMONIA,1,virus,1747,test,val
5639,test/PNEUMONIA/person1612_virus_2797.jpeg,PNEUMONIA,1,virus,1749,test,train
5640,test/PNEUMONIA/person1612_virus_2798.jpeg,PNEUMONIA,1,virus,1749,test,train
5641,test/PNEUMONIA/person1613_virus_2799.jpeg,PNEUMONIA,1,virus,1750,test,test
5642,test/PNEUMONIA/person1614_virus_2800.jpeg,PNEUMONIA,1,virus,1751,test,train
5643,test/PNEUMONIA/person1615_virus_2801.jpeg,PNEUMONIA,1,virus,1752,test,test
5644,test/PNEUMONIA/person1616_virus_2802.jpeg,PNEUMONIA,1,virus,1753,test,val
5645,test/PNEUMONIA/person1618_virus_2805.jpeg,PNEUMONIA,1,virus,1755,test,test
5646,test/PNEUMONIA/person1619_virus_2806.jpeg,PNEUMONIA,1,virus,1756,test,train
5647,test/PNEUMONIA/person161_bacteria_757.jpeg,PNEUMONIA,1,bacteria,1746,test,train
5648,test/PNEUMONIA/person161_bacteria_759.jpeg,PNEUMONIA,1,bacteria,1746,test,train
5649,test/PNEUMONIA/person161_bacteria_762.jpeg,PNEUMONIA,1,bacteria,1746,test,train
5650,test/PNEUMONIA/person1620_virus_2807.jpeg,PNEUMONIA,1,virus,1758,test,val
5651,test/PNEUMONIA/person1622_virus_2810.jpeg,PNEUMONIA,1,virus,1759,test,val
5652,test/PNEUMONIA/person1623_virus_2813.jpeg,PNEUMONIA,1,virus,1760,test,train
5653,test/PNEUMONIA/person1625_virus_2817.jpeg,PNEUMONIA,1,virus,1761,test,train
5654,test/PNEUMONIA/person1626_virus_2818.jpeg,PNEUMONIA,1,virus,1762,test,train
5655,test/PNEUMONIA/person1627_virus_2819.jpeg,PNEUMONIA,1,virus,1763,test,test
5656,test/PNEUMONIA/person1628_virus_2821.jpeg,PNEUMONIA,1,virus,1764,test,train
5657,test/PNEUMONIA/person1628_virus_2822.jpeg,PNEUMONIA,1,virus,1764,test,train
5658,test/PNEUMONIA/person1629_virus_2823.jpeg,PNEUMONIA,1,virus,1765,test,train
5659,test/PNEUMONIA/person1631_virus_2826.jpeg,PNEUMONIA,1,virus,1767,test,val
5660,test/PNEUMONIA/person1632_virus_2827.jpeg,PNEUMONIA,1,virus,1768,test,test
5661,test/PNEUMONIA/person1633_virus_2829.jpeg,PNEUMONIA,1,virus,1769,test,train
5662,test/PNEUMONIA/person1634_virus_2830.jpeg,PNEUMONIA,1,virus,1770,test,train
5663,test/PNEUMONIA/person1635_virus_2831.jpeg,PNEUMONIA,1,virus,1771,test,val
5664,test/PNEUMONIA/person1637_virus_2834.jpeg,PNEUMONIA,1,virus,1773,test,val
5665,test/PNEUMONIA/person1640_virus_2839.jpeg,PNEUMONIA,1,virus,1776,test,train
5666,test/PNEUMONIA/person1641_virus_2840.jpeg,PNEUMONIA,1,virus,1777,test,train
5667,test/PNEUMONIA/person1642_virus_2842.jpeg,PNEUMONIA,1,virus,1778,test,train
5668,test/PNEUMONIA/person1643_virus_2843.jpeg,PNEUMONIA,1,virus,1779,test,val
5669,test/PNEUMONIA/person1644_virus_2844.jpeg,PNEUMONIA,1,virus,1780,test,train
5670,test/PNEUMONIA/person1645_virus_2845.jpeg,PNEUMONIA,1,virus,1781,test,test
5671,test/PNEUMONIA/person1647_virus_2848.jpeg,PNEUMONIA,1,virus,1783,test,val
5672,test/PNEUMONIA/person1649_virus_2850.jpeg,PNEUMONIA,1,virus,1785,test,train
5673,test/PNEUMONIA/person1650_virus_2852.jpeg,PNEUMONIA,1,virus,1786,test,train
5674,test/PNEUMONIA/person1650_virus_2854.jpeg,PNEUMONIA,1,virus,1786,test,train
5675,test/PNEUMONIA/person1651_virus_2855.jpeg,PNEUMONIA,1,virus,1787,test,train
5676,test/PNEUMONIA/person1653_virus_2858.jpeg,PNEUMONIA,1,virus,1789,test,val
5677,test/PNEUMONIA/person1653_virus_2859.jpeg,PNEUMONIA,1,virus,1789,test,val
5678,test/PNEUMONIA/person1655_virus_2861.jpeg,PNEUMONIA,1,virus,1790,test,train
5679,test/PNEUMONIA/person1656_virus_2862.jpeg,PNEUMONIA,1,virus,1791,test,train
5680,test/PNEUMONIA/person1657_virus_2864.jpeg,PNEUMONIA,1,virus,1792,test,train
5681,test/PNEUMONIA/person1659_virus_2867.jpeg,PNEUMONIA,1,virus,1794,test,train
5682,test/PNEUMONIA/person1660_virus_2869.jpeg,PNEUMONIA,1,virus,1795,test,val
5683,test/PNEUMONIA/person1661_virus_2872.jpeg,PNEUMONIA,1,virus,1796,test,val
5685,test/PNEUMONIA/person1662_virus_2875.jpeg,PNEUMONIA,1,virus,1797,test,val
5686,test/PNEUMONIA/person1663_virus_2876.jpeg,PNEUMONIA,1,virus,1798,test,train
5687,test/PNEUMONIA/person1664_virus_2877.jpeg,PNEUMONIA,1,virus,1799,test,val
5688,test/PNEUMONIA/person1665_virus_2878.jpeg,PNEUMONIA,1,virus,1800,test,val
5689,test/PNEUMONIA/person1667_virus_2881.jpeg,PNEUMONIA,1,virus,1802,test,train
5690,test/PNEUMONIA/person1668_virus_2882.jpeg,PNEUMONIA,1,virus,1803,test,train
5691,test/PNEUMONIA/person1669_virus_2884.jpeg,PNEUMONIA,1,virus,1804,test,train
5692,test/PNEUMONIA/person1669_virus_2885.jpeg,PNEUMONIA,1,virus,1804,test,train
5693,test/PNEUMONIA/person1670_virus_2886.jpeg,PNEUMONIA,1,virus,1805,test,train
5694,test/PNEUMONIA/person1671_virus_2887.jpeg,PNEUMONIA,1,virus,1806,test,val
5695,test/PNEUMONIA/person1672_virus_2888.jpeg,PNEUMONIA,1,virus,1807,test,train
5696,test/PNEUMONIA/person1673_virus_2889.jpeg,PNEUMONIA,1,virus,1808,test,test
5697,test/PNEUMONIA/person1674_virus_2890.jpeg,PNEUMONIA,1,virus,1809,test,train
5698,test/PNEUMONIA/person1675_virus_2891.jpeg,PNEUMONIA,1,virus,1810,test,test
5699,test/PNEUMONIA/person1676_virus_2892.jpeg,PNEUMONIA,1,virus,1811,test,test
5700,test/PNEUMONIA/person1678_virus_2895.jpeg,PNEUMONIA,1,virus,1813,test,val
5701,test/PNEUMONIA/person1679_virus_2896.jpeg,PNEUMONIA,1,virus,1814,test,train
5702,test/PNEUMONIA/person1680_virus_2897.jpeg,PNEUMONIA,1,virus,1815,test,test
5703,test/PNEUMONIA/person1682_virus_2899.jpeg,PNEUMONIA,1,virus,1816,test,train
5704,test/PNEUMONIA/person1685_virus_2903.jpeg,PNEUMONIA,1,virus,1819,test,train
5705,test/PNEUMONIA/person16_virus_47.jpeg,PNEUMONIA,1,virus,1735,test,train
5706,test/PNEUMONIA/person171_bacteria_826.jpeg,PNEUMONIA,1,bacteria,1840,test,val
5707,test/PNEUMONIA/person172_bacteria_827.jpeg,PNEUMONIA,1,bacteria,1850,test,val
5708,test/PNEUMONIA/person172_bacteria_828.jpeg,PNEUMONIA,1,bacteria,1850,test,val
5709,test/PNEUMONIA/person173_bacteria_829.jpeg,PNEUMONIA,1,bacteria,1860,test,train
5710,test/PNEUMONIA/person173_bacteria_830.jpeg,PNEUMONIA,1,bacteria,1860,test,train
5711,test/PNEUMONIA/person173_bacteria_831.jpeg,PNEUMONIA,1,bacteria,1860,test,train
5712,test/PNEUMONIA/person174_bacteria_832.jpeg,PNEUMONIA,1,bacteria,1868,test,test
5713,test/PNEUMONIA/person175_bacteria_833.jpeg,PNEUMONIA,1,bacteria,1875,test,train
5714,test/PNEUMONIA/person175_bacteria_834.jpeg,PNEUMONIA,1,bacteria,1875,test,train
5715,test/PNEUMONIA/person175_bacteria_835.jpeg,PNEUMONIA,1,bacteria,1875,test,train
5716,test/PNEUMONIA/person17_virus_48.jpeg,PNEUMONIA,1,virus,1831,test,test
5717,test/PNEUMONIA/person18_virus_49.jpeg,PNEUMONIA,1,virus,1895,test,val
5718,test/PNEUMONIA/person19_virus_50.jpeg,PNEUMONIA,1,virus,1943,test,train
5719,test/PNEUMONIA/person1_virus_11.jpeg,PNEUMONIA,1,virus,1115,test,train
5720,test/PNEUMONIA/person1_virus_12.jpeg,PNEUMONIA,1,virus,1115,test,train
5721,test/PNEUMONIA/person1_virus_13.jpeg,PNEUMONIA,1,virus,1115,test,train
5722,test/PNEUMONIA/person1_virus_6.jpeg,PNEUMONIA,1,virus,1115,test,train
5723,test/PNEUMONIA/person1_virus_7.jpeg,PNEUMONIA,1,virus,1115,test,train
5724,test/PNEUMONIA/person1_virus_8.jpeg,PNEUMONIA,1,virus,1115,test,train
5725,test/PNEUMONIA/person1_virus_9.jpeg,PNEUMONIA,1,virus,1115,test,train
5726,test/PNEUMONIA/person20_virus_51.jpeg,PNEUMONIA,1,virus,1987,test,train
5727,test/PNEUMONIA/person21_virus_52.jpeg,PNEUMONIA,1,virus,1988,test,train
5728,test/PNEUMONIA/person21_virus_53.jpeg,PNEUMONIA,1,virus,1988,test,train
5729,test/PNEUMONIA/person22_virus_54.jpeg,PNEUMONIA,1,virus,1989,test,train
5730,test/PNEUMONIA/person22_virus_55.jpeg,PNEUMONIA,1,virus,1989,test,train
5731,test/PNEUMONIA/person23_virus_56.jpeg,PNEUMONIA,1,virus,1990,test,train
5732,test/PNEUMONIA/person24_virus_58.jpeg,PNEUMONIA,1,virus,1991,test,train
5733,test/PNEUMONIA/person25_virus_59.jpeg,PNEUMONIA,1,virus,1992,test,train
5734,test/PNEUMONIA/person26_virus_60.jpeg,PNEUMONIA,1,virus,1999,test,train
5735,test/PNEUMONIA/person28_virus_62.jpeg,PNEUMONIA,1,virus,2021,test,train
5736,test/PNEUMONIA/person28_virus_63.jpeg,PNEUMONIA,1,virus,2021,test,train
5737,test/PNEUMONIA/person29_virus_64.jpeg,PNEUMONIA,1,virus,2030,test,test
5738,test/PNEUMONIA/person30_virus_69.jpeg,PNEUMONIA,1,virus,2042,test,train
5739,test/PNEUMONIA/person31_virus_70.jpeg,PNEUMONIA,1,virus,2053,test,train
5740,test/PNEUMONIA/person32_virus_71.jpeg,PNEUMONIA,1,virus,2064,test,test
5741,test/PNEUMONIA/person33_virus_72.jpeg,PNEUMONIA,1,virus,2075,test,train
5742,test/PNEUMONIA/person34_virus_76.jpeg,PNEUMONIA,1,virus,2086,test,val
5743,test/PNEUMONIA/person35_virus_80.jpeg,PNEUMONIA,1,virus,2096,test,train
5744,test/PNEUMONIA/person36_virus_81.jpeg,PNEUMONIA,1,virus,2107,test,train
5745,test/PNEUMONIA/person37_virus_82.jpeg,PNEUMONIA,1,virus,2118,test,train
5746,test/PNEUMONIA/person38_virus_83.jpeg,PNEUMONIA,1,virus,2129,test,train
5747,test/PNEUMONIA/person38_virus_84.jpeg,PNEUMONIA,1,virus,2129,test,train
5748,test/PNEUMONIA/person39_virus_85.jpeg,PNEUMONIA,1,virus,2140,test,test
5749,test/PNEUMONIA/person3_virus_15.jpeg,PNEUMONIA,1,virus,2041,test,train
5750,test/PNEUMONIA/person3_virus_16.jpeg,PNEUMONIA,1,virus,2041,test,train
5751,test/PNEUMONIA/person3_virus_17.jpeg,PNEUMONIA,1,virus,2041,test,train
5752,test/PNEUMONIA/person40_virus_87.jpeg,PNEUMONIA,1,virus,2152,test,train
5753,test/PNEUMONIA/person41_virus_88.jpeg,PNEUMONIA,1,virus,2162,test,train
5754,test/PNEUMONIA/person42_virus_89.jpeg,PNEUMONIA,1,virus,2173,test,train
5755,test/PNEUMONIA/person43_virus_92.jpeg,PNEUMONIA,1,virus,2184,test,train
5756,test/PNEUMONIA/person44_virus_93.jpeg,PNEUMONIA,1,virus,2195,test,train
5757,test/PNEUMONIA/person44_virus_94.jpeg,PNEUMONIA,1,virus,2195,test,train
5758,test/PNEUMONIA/person45_virus_95.jpeg,PNEUMONIA,1,virus,2206,test,train
5759,test/PNEUMONIA/person46_virus_96.jpeg,PNEUMONIA,1,virus,2217,test,train
5760,test/PNEUMONIA/person47_virus_99.jpeg,PNEUMONIA,1,virus,2228,test,val
5761,test/PNEUMONIA/person48_virus_100.jpeg,PNEUMONIA,1,virus,2239,test,train
5762,test/PNEUMONIA/person49_virus_101.jpeg,PNEUMONIA,1,virus,2250,test,train
5763,test/PNEUMONIA/person50_virus_102.jpeg,PNEUMONIA,1,virus,2262,test,test
5764,test/PNEUMONIA/person51_virus_105.jpeg,PNEUMONIA,1,virus,2273,test,train
5765,test/PNEUMONIA/person52_virus_106.jpeg,PNEUMONIA,1,virus,2284,test,train
5766,test/PNEUMONIA/person53_virus_107.jpeg,PNEUMONIA,1,virus,2295,test,train
5767,test/PNEUMONIA/person53_virus_108.jpeg,PNEUMONIA,1,virus,2295,test,train
5768,test/PNEUMONIA/person54_virus_109.jpeg,PNEUMONIA,1,virus,2306,test,train
5769,test/PNEUMONIA/person55_virus_110.jpeg,PNEUMONIA,1,virus,2317,test,train
5770,test/PNEUMONIA/person56_virus_112.jpeg,PNEUMONIA,1,virus,2328,test,train
5771,test/PNEUMONIA/person57_virus_113.jpeg,PNEUMONIA,1,virus,2339,test,train
5772,test/PNEUMONIA/person59_virus_116.jpeg,PNEUMONIA,1,virus,2361,test,train
5773,test/PNEUMONIA/person60_virus_117.jpeg,PNEUMONIA,1,virus,2373,test,train
5774,test/PNEUMONIA/person61_virus_118.jpeg,PNEUMONIA,1,virus,2384,test,train
5775,test/PNEUMONIA/person62_virus_119.jpeg,PNEUMONIA,1,virus,2395,test,train
5776,test/PNEUMONIA/person63_virus_121.jpeg,PNEUMONIA,1,virus,2406,test,test
5777,test/PNEUMONIA/person64_virus_122.jpeg,PNEUMONIA,1,virus,2415,test,train
5778,test/PNEUMONIA/person65_virus_123.jpeg,PNEUMONIA,1,virus,2426,test,train
5779,test/PNEUMONIA/person66_virus_125.jpeg,PNEUMONIA,1,virus,2437,test,train
5780,test/PNEUMONIA/person67_virus_126.jpeg,PNEUMONIA,1,virus,2447,test,train
5781,test/PNEUMONIA/person69_virus_129.jpeg,PNEUMONIA,1,virus,2467,test,val
5782,test/PNEUMONIA/person70_virus_130.jpeg,PNEUMONIA,1,virus,2476,test,train
5783,test/PNEUMONIA/person71_virus_131.jpeg,PNEUMONIA,1,virus,2486,test,train
5784,test/PNEUMONIA/person71_virus_132.jpeg,PNEUMONIA,1,virus,2486,test,train
5785,test/PNEUMONIA/person72_virus_133.jpeg,PNEUMONIA,1,virus,2496,test,train
5786,test/PNEUMONIA/person74_virus_135.jpeg,PNEUMONIA,1,virus,2517,test,train
5787,test/PNEUMONIA/person75_virus_136.jpeg,PNEUMONIA,1,virus,2528,test,train
5788,test/PNEUMONIA/person76_virus_138.jpeg,PNEUMONIA,1,virus,2539,test,train
5789,test/PNEUMONIA/person77_virus_139.jpeg,PNEUMONIA,1,virus,2550,test,train
5790,test/PNEUMONIA/person78_bacteria_378.jpeg,PNEUMONIA,1,bacteria,2560,test,train
5791,test/PNEUMONIA/person78_bacteria_380.jpeg,PNEUMONIA,1,bacteria,2560,test,train
5792,test/PNEUMONIA/person78_bacteria_381.jpeg,PNEUMONIA,1,bacteria,2560,test,train
5793,test/PNEUMONIA/person78_bacteria_382.jpeg,PNEUMONIA,1,bacteria,2560,test,train
5794,test/PNEUMONIA/person78_bacteria_384.jpeg,PNEUMONIA,1,bacteria,2560,test,train
5795,test/PNEUMONIA/person78_bacteria_385.jpeg,PNEUMONIA,1,bacteria,2560,test,train
5796,test/PNEUMONIA/person78_bacteria_386.jpeg,PNEUMONIA,1,bacteria,2560,test,train
5797,test/PNEUMONIA/person78_bacteria_387.jpeg,PNEUMONIA,1,bacteria,2560,test,train
5798,test/PNEUMONIA/person78_virus_140.jpeg,PNEUMONIA,1,virus,2560,test,train
5799,test/PNEUMONIA/person79_virus_148.jpeg,PNEUMONIA,1,virus,2570,test,val
5800,test/PNEUMONIA/person80_bacteria_389.jpeg,PNEUMONIA,1,bacteria,2581,test,train
5801,test/PNEUMONIA/person80_bacteria_390.jpeg,PNEUMONIA,1,bacteria,2581,test,train
5802,test/PNEUMONIA/person80_bacteria_391.jpeg,PNEUMONIA,1,bacteria,2581,test,train
5803,test/PNEUMONIA/person80_bacteria_392.jpeg,PNEUMONIA,1,bacteria,2581,test,train
5804,test/PNEUMONIA/person80_bacteria_393.jpeg,PNEUMONIA,1,bacteria,2581,test,train
5805,test/PNEUMONIA/person81_bacteria_395.jpeg,PNEUMONIA,1,bacteria,2592,test,train
5806,test/PNEUMONIA/person81_bacteria_396.jpeg,PNEUMONIA,1,bacteria,2592,test,train
5807,test/PNEUMONIA/person81_bacteria_397.jpeg,PNEUMONIA,1,bacteria,2592,test,train
5808,test/PNEUMONIA/person81_bacteria_398.jpeg,PNEUMONIA,1,bacteria,2592,test,train
5809,test/PNEUMONIA/person82_bacteria_402.jpeg,PNEUMONIA,1,bacteria,2602,test,train
5810,test/PNEUMONIA/person82_bacteria_403.jpeg,PNEUMONIA,1,bacteria,2602,test,train
5811,test/PNEUMONIA/person82_bacteria_404.jpeg,PNEUMONIA,1,bacteria,2602,test,train
5812,test/PNEUMONIA/person82_bacteria_405.jpeg,PNEUMONIA,1,bacteria,2602,test,train
5813,test/PNEUMONIA/person83_bacteria_407.jpeg,PNEUMONIA,1,bacteria,2609,test,train
5814,test/PNEUMONIA/person83_bacteria_409.jpeg,PNEUMONIA,1,bacteria,2609,test,train
5815,test/PNEUMONIA/person83_bacteria_410.jpeg,PNEUMONIA,1,bacteria,2609,test,train
5816,test/PNEUMONIA/person83_bacteria_411.jpeg,PNEUMONIA,1,bacteria,2609,test,train
5817,test/PNEUMONIA/person83_bacteria_412.jpeg,PNEUMONIA,1,bacteria,2609,test,train
5818,test/PNEUMONIA/person83_bacteria_414.jpeg,PNEUMONIA,1,bacteria,2609,test,train
5819,test/PNEUMONIA/person85_bacteria_417.jpeg,PNEUMONIA,1,bacteria,2631,test,train
5820,test/PNEUMONIA/person85_bacteria_419.jpeg,PNEUMONIA,1,bacteria,2631,test,train
5821,test/PNEUMONIA/person85_bacteria_421.jpeg,PNEUMONIA,1,bacteria,2631,test,train
5822,test/PNEUMONIA/person85_bacteria_422.jpeg,PNEUMONIA,1,bacteria,2631,test,train
5823,test/PNEUMONIA/person85_bacteria_423.jpeg,PNEUMONIA,1,bacteria,2631,test,train
5824,test/PNEUMONIA/person85_bacteria_424.jpeg,PNEUMONIA,1,bacteria,2631,test,train
5825,test/PNEUMONIA/person86_bacteria_428.jpeg,PNEUMONIA,1,bacteria,2640,test,train
5826,test/PNEUMONIA/person86_bacteria_429.jpeg,PNEUMONIA,1,bacteria,2640,test,train
5827,test/PNEUMONIA/person87_bacteria_433.jpeg,PNEUMONIA,1,bacteria,2649,test,train
5828,test/PNEUMONIA/person87_bacteria_434.jpeg,PNEUMONIA,1,bacteria,2649,test,train
5829,test/PNEUMONIA/person88_bacteria_437.jpeg,PNEUMONIA,1,bacteria,2659,test,train
5830,test/PNEUMONIA/person88_bacteria_438.jpeg,PNEUMONIA,1,bacteria,2659,test,train
5831,test/PNEUMONIA/person88_bacteria_439.jpeg,PNEUMONIA,1,bacteria,2659,test,train
5832,test/PNEUMONIA/person89_bacteria_440.jpeg,PNEUMONIA,1,bacteria,2670,test,val
5833,test/PNEUMONIA/person8_virus_27.jpeg,PNEUMONIA,1,virus,2580,test,train
5834,test/PNEUMONIA/person8_virus_28.jpeg,PNEUMONIA,1,virus,2580,test,train
5835,test/PNEUMONIA/person90_bacteria_442.jpeg,PNEUMONIA,1,bacteria,2682,test,train
5836,test/PNEUMONIA/person90_bacteria_443.jpeg,PNEUMONIA,1,bacteria,2682,test,train
5837,test/PNEUMONIA/person91_bacteria_445.jpeg,PNEUMONIA,1,bacteria,2693,test,train
5838,test/PNEUMONIA/person91_bacteria_446.jpeg,PNEUMONIA,1,bacteria,2693,test,train
5839,test/PNEUMONIA/person91_bacteria_447.jpeg,PNEUMONIA,1,bacteria,2693,test,train
5840,test/PNEUMONIA/person91_bacteria_448.jpeg,PNEUMONIA,1,bacteria,2693,test,train
5841,test/PNEUMONIA/person91_bacteria_449.jpeg,PNEUMONIA,1,bacteria,2693,test,train
5842,test/PNEUMONIA/person92_bacteria_450.jpeg,PNEUMONIA,1,bacteria,2703,test,test
5843,test/PNEUMONIA/person92_bacteria_451.jpeg,PNEUMONIA,1,bacteria,2703,test,test
5844,test/PNEUMONIA/person93_bacteria_453.jpeg,PNEUMONIA,1,bacteria,2714,test,train
5845,test/PNEUMONIA/person93_bacteria_454.jpeg,PNEUMONIA,1,bacteria,2714,test,train
5846,test/PNEUMONIA/person94_bacteria_456.jpeg,PNEUMONIA,1,bacteria,2725,test,train
5847,test/PNEUMONIA/person94_bacteria_457.jpeg,PNEUMONIA,1,bacteria,2725,test,train
5848,test/PNEUMONIA/person94_bacteria_458.jpeg,PNEUMONIA,1,bacteria,2725,test,train
5849,test/PNEUMONIA/person95_bacteria_463.jpeg,PNEUMONIA,1,bacteria,2735,test,test
5850,test/PNEUMONIA/person96_bacteria_464.jpeg,PNEUMONIA,1,bacteria,2746,test,train
5851,test/PNEUMONIA/person96_bacteria_465.jpeg,PNEUMONIA,1,bacteria,2746,test,train
5852,test/PNEUMONIA/person96_bacteria_466.jpeg,PNEUMONIA,1,bacteria,2746,test,train
5853,test/PNEUMONIA/person97_bacteria_468.jpeg,PNEUMONIA,1,bacteria,2757,test,train
5854,test/PNEUMONIA/person99_bacteria_473.jpeg,PNEUMONIA,1,bacteria,2779,test,train
5855,test/PNEUMONIA/person99_bacteria_474.jpeg,PNEUMONIA,1,bacteria,2779,test,train
